ActualCnt,PredictedCnt
16,16.023541666666667
40,39.948055555555555
32,32.056837606837604
13,12.999705882352941
1,1.0
1,1.0
2,2.215
3,3.0
8,8.0
14,13.969447115384614
36,36.043680555555554
56,57.4975
84,83.97934523809523
94,96.8
106,105.4925
110,109.3425
93,91.90083333333334
67,66.79188725490197
35,34.87
37,36.97421794871795
36,35.996180555555554
34,33.967063492063495
28,28.034375
39,39.04541666666667
17,16.992708333333333
17,17.0
9,9.0
6,6.0
3,3.0466666666666664
2,2.0
1,1.0
8,8.0
20,20.0
53,53.11494781811326
70,69.97434722222222
93,92.96551037157288
75,75.10299859943976
59,59.0197192904275
74,74.29424603174603
76,76.08557837587252
65,64.98036731038569
53,53.048632164404225
30,29.949615384615385
22,21.99529411764706
31,31.156071428571426
9,9.0
8,8.0
5,5.0
2,2.0
1,1.0
3,3.0
30,30.019927884615385
64,64.06535714285715
154,154.4767457264957
88,88.31469065656563
44,43.99595454545455
51,51.07367032967033
61,60.98843434343435
61,61.27794047619047
77,77.05737445887445
72,71.85775641025641
76,76.03594363561275
157,156.91519578549472
157,157.1326095779221
110,110.1124945887446
52,52.000420454545456
52,52.007375
20,20.0
12,12.0
5,5.0
2,2.0
1,1.0
2,2.0
4,4.0
36,35.994656710567085
94,93.93998739272425
179,179.55518452380952
100,99.79439927800959
42,42.15
57,57.01087416056166
78,78.20227597402598
97,96.87797979797979
63,62.78193539026763
65,64.61846153846155
83,82.93586805555556
212,212.08337454212452
182,182.04541612554112
112,112.20254921394395
54,53.94166666666667
48,48.15388888888889
35,34.98947010869565
11,11.0
6,6.0
6,6.0
2,2.0
2,2.0
3,3.0
33,33.015
88,87.73005196559976
195,195.96002380952385
115,115.28504861111112
57,56.97285902088109
46,45.97056677350428
79,78.83876767676767
71,71.05620238095239
62,62.1241918266632
62,62.05346323529411
89,89.2237612485554
190,190.35903525641024
169,169.3745952380952
132,131.9391417748918
89,89.09311868686869
43,42.906875
42,42.01240350877193
19,19.0
11,11.0
4,4.0
2,2.0
1,1.0
4,4.0
36,35.96914480580518
95,95.92904365079364
219,219.34802678571432
122,121.93846590909094
45,44.968497835497836
59,58.930892857142865
84,84.04752868300429
67,66.95314664502165
70,69.86107643826762
62,62.042344579032076
86,86.07815476190477
172,172.05154768842272
163,162.76847222222221
112,111.89733020743874
69,69.13563731128936
48,48.27128787878788
52,51.98204545454546
23,23.017248746867168
17,16.989375
7,7.0
1,1.0
1,1.0
5,5.0
34,34.0775
84,84.0480025661473
210,209.73644946719946
134,133.91653854478852
63,63.16555555555556
67,66.99568452380953
59,59.04396170985877
73,73.2070989010989
50,50.022100524475526
72,71.86559001670844
87,86.85126858996267
187,187.1730355339105
123,123.2360123765124
95,95.03224258116325
51,51.09321212121212
39,39.022963815789474
36,35.992803442028986
15,15.0
25,25.0
16,16.0
16,16.02
7,7.0
1,1.0
5,5.0
2,2.0
9,9.0
15,15.0
20,20.0
61,61.01479166666666
62,62.09212850140057
98,97.82229184704185
102,101.83841408673024
95,94.98833531746033
74,73.9737830919081
76,76.03295060086971
69,68.89163757631259
55,55.04375582750584
30,30.03125
28,28.0
37,37.03478260869565
34,34.0025
22,22.0
25,25.0
12,12.0
11,11.0
4,4.0
1,1.0
1,1.0
1,1.0
6,6.0
10,10.0
19,19.0
49,49.0609582307957
49,49.01807140979934
83,82.91209523809525
75,74.98329545454546
72,72.17376172438672
82,82.08726022588522
92,91.98650793650795
62,62.058040935672516
48,47.92969747899159
41,40.92489860681115
38,38.214333333333336
20,20.0
15,15.071666666666665
6,6.0
5,5.0
1,1.0
3,3.0
1,1.0
3,3.0
3,3.0
31,31.0129176176206
77,76.93544047619048
188,187.72517857142856
94,93.9769318371687
31,31.0029176176206
30,29.985
52,51.99776315789473
54,54.011213675213675
47,47.38597285067873
45,45.00933773320221
74,73.96951541514042
178,178.2705735930736
155,155.19276587301587
95,94.95766556096123
74,74.36732954545454
38,37.97470914502165
24,24.0
18,18.0
12,12.0
3,3.0
3,3.0
6,6.0
27,27.0
99,99.27386524260054
217,217.3871527777778
130,129.77766071428573
54,54.053658424908434
35,34.9753125
57,57.070185064935075
52,51.88177109440267
63,63.07658436498143
47,46.731183006535936
76,76.03516190476192
136,135.935265542056
95,95.36768253968253
51,51.38121212121213
32,32.014583333333334
20,20.0
29,29.0
19,19.01
7,7.0
6,6.0
1,1.0
5,5.0
16,16.0
54,54.20181818181818
128,127.71566666666668
81,80.8705138888889
39,39.015391700404855
35,35.02472916666667
55,55.08285211602124
49,49.0609582307957
44,44.21663006927712
49,49.17875234844274
68,67.961
139,140.54900961538462
137,137.5558333333333
83,83.23648809523809
56,56.036342948717945
57,57.20595238095238
33,32.99759782608695
20,20.0
7,7.0
2,2.0
2,2.0
3,3.0
4,4.0
3,3.0
28,28.0
72,72.08152777777778
202,201.653827991453
139,139.45257972582974
38,38.00920833333333
37,36.865929824561405
52,52.053090909090905
83,83.22454365079363
42,41.94491666666667
60,60.00187619784756
78,78.07010515873016
162,161.47685714285714
144,143.5104792568543
99,98.93066015928518
64,64.245
40,40.02366666666667
30,30.029927884615386
15,15.0
14,14.0
5,5.0
1,1.0
1,1.0
8,8.0
17,17.0
70,70.41521062271062
158,158.4572638888889
117,117.41537283549783
44,43.98875582750583
53,52.684096491228075
61,61.090420454545466
77,76.85093279922691
64,63.92891812558357
68,68.04025974025973
90,90.15146881182545
159,158.83272817460318
139,139.25893253968255
92,91.88598416860917
68,68.20530347503373
52,51.95198611111112
36,35.99738677536232
27,26.978166666666667
28,27.9925
20,20.0681875
12,12.0
8,8.0
5,5.0
1,1.0
3,3.0
10,10.0
23,23.0
33,33.02039398621767
59,58.96026785714286
72,72.0775
89,89.08533873071372
101,100.904
118,118.02243055555556
129,128.73637452824948
128,128.05405952380954
83,83.08791666666666
84,83.75736805555556
74,73.6925
41,40.98538461538461
57,57.0873076923077
26,26.002714080459768
44,44.02724025974027
39,39.12164862914862
23,23.110011904761905
16,16.0225
15,15.165
1,1.0
2,2.0
1,1.0
3,3.0
18,18.0
32,32.009201385817484
79,78.97830038017538
93,92.97885683760684
104,103.44
118,117.69502083333333
91,91.04012301587301
113,112.80757142857142
99,99.18821428571428
105,105.0076694805195
67,66.98083333333334
61,61.04
57,57.00920749389499
28,28.0425
21,20.97338346273292
18,18.0
17,17.0
16,16.0
8,8.0
2,2.0
3,3.0
1,1.0
5,5.0
13,13.0
33,32.973677112511666
47,46.785
57,56.99939980158731
64,63.983416226747096
80,79.76806727994227
93,92.92077453102455
86,86.07021825396826
93,92.90254067460317
82,82.04713522588521
71,71.10411446886447
92,92.2129329004329
60,59.86833333333334
33,32.99666666666666
27,27.025
13,13.0
4,4.0
3,3.0
22,22.0
28,28.0
35,35.03828921568628
61,61.388621212121215
125,125.51799999999999
133,133.57143181818182
99,99.27340828289358
83,83.19319444444446
41,41.055296365914785
33,33.01375
20,20.0
3,3.0
7,7.0
3,3.0
2,2.0
7,7.0
32,32.01152777777778
90,90.00065295815297
197,198.00283333333337
109,108.92081293495804
47,46.95561111111111
52,51.99298538011696
70,69.85470705683205
78,77.89170436507938
75,75.11298996836496
82,82.07178787878787
104,103.93853141711232
197,197.089351010101
161,161.35441666666665
112,111.76503483595098
76,75.95869668964076
59,59.05881019951841
59,59.008582750582754
28,27.99625
13,13.019166666666665
5,5.0
2,2.0
1,1.0
1,1.0
6,6.0
35,35.32812207853245
101,101.23185714285715
249,251.00818181818184
143,142.99984258796763
57,56.89909523809524
68,68.04263095238096
84,84.19049149388624
98,98.06809722222222
81,81.10734615384615
70,69.94861904761906
91,91.11912283549783
215,214.39037755300254
185,185.5975
152,152.04804264120378
126,126.03729166666666
57,56.89920045232546
56,56.36658333333334
31,31.011666666666667
21,21.0
6,6.0
2,2.0
1,1.0
1,1.0
5,5.0
27,27.0
68,68.09266821038008
217,216.85775746965453
166,166.18613749627562
63,62.920246212121214
59,59.03530669279122
78,77.89998845598846
73,72.96357142857143
62,61.90128472222223
65,64.78052774309025
97,97.69632570207573
161,160.82916168553672
120,120.6311349206349
96,96.0566130952381
53,52.85
41,41.03866666666667
34,33.9975
27,27.0
13,13.0
12,12.0
11,11.0
7,7.0
3,3.0
2,2.0
8,8.0
27,26.968714285714285
40,39.9902380952381
53,53.04208333333334
63,63.02557187001596
70,69.99345693277311
84,84.14664514652013
75,75.08882598039214
103,103.02588765809351
83,82.83465308302807
67,66.946
54,54.18
59,59.08699866310161
45,44.945936697962935
39,39.01496381578947
30,30.052222222222227
33,33.005393986217676
22,22.01
13,13.0
18,18.0
5,5.0
3,3.0
1,1.0
2,2.0
19,19.00107142857143
28,27.98416666666667
58,57.88
99,99.08821428571427
116,115.82598214285714
87,87.03952380952381
110,110.03170362970363
77,77.07229166666667
65,65.00960445774125
55,55.02067363192363
49,49.18913461538461
50,50.03725961538461
35,34.965
25,24.952654600301656
28,28.054499999999997
21,20.975119047619046
7,7.0
1,1.0
1,1.0
1,1.0
5,5.0
15,15.0
84,83.9167135960445
177,177.0165238095238
102,101.47379761904762
40,39.82736291486292
46,45.992720965309196
63,62.961722680097694
60,59.86184515432968
45,45.018504399868874
57,57.003566468253965
70,69.75191542346542
184,183.7762127178377
153,153.11843636723836
106,105.99512081790755
81,80.63547222222222
59,59.072915329768286
35,35.02766666666667
24,24.025
9,9.0
5,5.0
2,2.0
1,1.0
9,9.0
36,35.99412681926273
108,107.77444394494398
238,238.489
144,144.2153968253968
55,55.01921245421246
61,60.97751633986928
106,105.89838431013432
93,92.82123115079365
68,67.79632598039215
84,83.25090909090908
116,115.97345247113998
222,221.8580373215965
225,224.91958781979545
146,145.9386212121212
119,118.84362512487513
45,44.77203087598676
53,52.89455934343434
40,39.98535955272797
17,16.984375
5,5.0
10,10.0
1,1.0
8,8.0
30,29.96761538461538
72,72.06737333439507
58,58.012926767676774
28,27.995
41,40.896904761904764
48,48.381279761904764
47,46.98923201345755
36,35.98090671056708
43,42.99648809523809
36,35.960376819262734
26,26.011630952380955
24,23.995
84,83.86690476190478
104,104.0267187950938
79,79.0626365995116
59,59.04528168125305
38,38.00420833333334
27,27.0
16,16.0
9,9.0
3,3.0
2,2.0
1,1.0
4,4.0
16,16.0
60,59.93
157,157.1872222222222
101,100.96339892623719
49,49.05102816086562
30,30.07782733984282
29,28.995
31,31.01816067317616
38,37.99420833333333
41,41.009414012973615
80,79.91636904761904
149,149.0958012820513
109,108.94046571273583
89,88.83575468975471
62,62.01130913334059
58,57.78892857142857
26,26.00263669950739
23,23.0
28,27.99291666666667
20,20.0
15,15.0
8,8.0
3,3.0
2,2.0
5,5.0
34,33.95727532679739
34,34.005
55,55.03396367521367
64,63.99001457570209
78,78.2601093073593
65,64.95468730544908
99,99.0623492063492
120,120.08912890375822
107,106.94911208970767
91,91.0730395021645
68,68.00531926406926
58,58.048461538461545
43,43.045
36,35.97861491450083
32,31.99813492063492
33,32.95101044584501
33,33.03
29,28.952222222222225
11,11.0
8,8.0
1,1.0
3,3.0
3,3.0
12,12.0
38,37.99
64,64.05866859243697
59,58.99688959447415
97,96.91841666666667
84,83.98552014652014
122,122.0051645021645
109,108.56829825036075
123,122.9836645021645
77,76.88117094017093
65,64.92065815404494
55,54.916011129801575
33,32.94082529714438
28,27.995
21,20.983550129399582
21,21.020555555555557
7,7.0
7,7.0
1,1.0
2,2.0
2,2.0
8,8.0
37,37.07833333333333
72,71.93681132756132
185,185.51712500000002
112,112.6907894736842
69,68.9387161713182
48,47.80621212121212
68,67.98
54,54.008703879453876
86,86.25730021367521
44,44.04553571428571
86,86.1743575529003
161,161.0168016844267
156,155.99686766011763
111,111.19225101962112
78,78.510875
56,55.880375800669924
34,33.9975
17,16.995
8,8.0
3,3.0
2,2.0
2,2.0
3,3.0
22,22.0
52,52.18217045454546
135,134.6255340909091
116,116.0845634920635
47,47.355588235294114
51,50.728979978354985
55,55.05328571428572
52,51.97879924242426
54,54.03186372655123
52,52.09477876984127
64,63.964161926308996
176,176.0061845238095
168,168.6152976190476
108,107.98740450055617
74,73.90457597957598
64,64.17
36,35.99238677536232
16,16.0
2,2.0
3,3.0
4,4.75
1,1.0
1,1.0
3,3.0
18,18.0
49,49.10959578278617
155,155.08569444444444
123,122.82908327783325
61,61.11891287878788
52,51.980318713450295
64,63.95793537508244
75,75.30144940476191
63,63.00507652363004
76,76.1592630800572
103,102.99045466053555
190,190.24893352480848
182,181.91587229437226
91,90.99119406032565
75,75.09609871794872
63,63.07753135556281
40,40.002606837606834
32,31.990214285714288
12,12.0
5,5.0
2,2.0
1,1.0
2,2.0
39,39.02039170040486
87,87.12158887313666
188,187.73184523809522
133,132.80869534632035
52,52.0802196969697
64,63.967564057674345
69,68.91159043052994
51,50.99765350877192
47,46.995954540930086
60,60.053138888888896
78,77.9662645924337
175,175.24592243867247
147,147.3103869047619
96,95.93819553975436
109,109.44943228701123
54,53.94166666666667
41,41.05990577121536
38,37.93526315789474
13,12.999705882352941
7,7.0
1,1.0
1,1.0
7,7.0
28,27.976388888888888
87,87.2854098299576
220,220.3034475108225
127,127.08025000000002
51,51.15576315789473
64,63.94156091620798
86,86.00228828777861
82,81.98579166666667
91,90.7596212121212
90,90.00089466089464
99,99.00690476190475
205,204.91692063492064
155,155.22145099345096
103,103.20970634920636
71,70.98879960317457
43,43.09
46,45.85735866013072
31,30.97482733984282
39,39.01
18,18.0
17,17.194358974358973
11,11.0
8,8.0
9,9.0
4,4.0
4,4.0
10,10.0
20,20.0225
34,34.010625
47,46.95061111111111
52,52.00618831168831
72,71.89275563581155
55,54.93400696525697
60,59.78213474025974
71,70.90287072649573
78,78.12242261904763
83,83.12833333333334
84,84.09567535650625
69,68.97544791181042
56,55.97552689957102
45,45.00212227219263
59,58.95395833333334
39,38.9179509032634
44,44.04329278074866
20,20.0
13,12.999705882352941
2,2.0
1,1.0
1,1.0
8,8.0
23,23.0453125
45,45.0773639069264
89,89.11166358641356
117,117.09121212121212
174,174.2601923076923
182,181.7700616056648
161,160.95589285714286
182,182.02120634920638
157,157.0448095238095
121,120.93315823433102
78,77.85643506493507
21,21.0
26,25.987948717948715
27,27.014499999999998
62,61.999280448717954
30,30.022
15,15.0
5,5.0
3,3.0
1,1.0
2,2.0
10,10.0
30,29.998
95,94.8193339160839
230,229.629759018759
118,118.0649545618855
55,55.024454104010026
47,46.88711174242424
66,66.00308333333332
64,63.759812289834365
60,60.152375
50,49.97522345301757
114,113.91016618104119
216,215.2469266150516
175,175.16432142857147
128,127.763
88,88.0100560966811
78,78.01413200280113
37,37.03636363636363
25,25.00416666666667
10,10.009833333333333
4,4.0
2,2.0
1,1.0
3,3.0
2,2.0
39,38.95126670040486
100,99.94891713515244
243,242.69580952380954
135,134.72046387191241
48,47.97167397471809
50,49.923690170940155
65,65.07664707514706
50,49.99328984414277
64,63.94034049773755
51,50.86097173659674
83,82.9907857142857
176,176.15687716450213
152,152.82814880952384
101,101.14035714285714
56,55.83662580066993
54,54.164535730201166
29,29.044615384615387
12,12.0
17,17.0
7,7.0
3,3.0
2,2.0
7,7.0
43,43.234705882352934
99,98.63897126484625
199,199.88642857142855
123,122.89511105561105
59,59.06809294871796
41,40.97685448916409
61,61.015625
69,68.91174697384902
58,58.0649025974026
64,63.93506019470727
79,79.04958134920635
166,165.72347023809525
170,170.3573988095238
88,87.72751799956579
84,83.86652777777778
83,83.24736111111112
46,45.96797159090908
37,37.035
16,16.0
7,7.0
3,3.0
1,1.0
6,6.0
26,26.005714490968803
99,99.67310714285715
178,177.7506708152958
122,122.37137680375179
35,35.01447010869565
45,44.86458073040109
69,69.25953950771452
62,62.074429824561406
48,47.865500000000004
50,50.526666666666664
80,79.96448412698413
165,165.51145398534217
160,160.1063733766234
112,111.94254921394395
97,96.7595138888889
72,71.95098989898989
51,50.99170112781954
34,34.00779411764706
14,14.0
7,7.0
3,3.0
4,4.0
24,23.985
74,74.22132756132756
216,216.43919627594627
140,139.85625274725274
44,44.06211787232375
64,63.93861363636364
71,71.14535137085137
110,110.09543347338935
84,83.92414583333333
74,74.13866666666667
125,124.9883234126984
211,210.45076402220974
174,173.99596212121213
101,101.07714730286054
63,62.979739402417934
47,46.948263888888896
43,43.08
53,52.98173611111111
30,30.02333333333333
24,24.00125
15,15.0
10,10.0
4,4.0
1,1.0
2,2.0
11,11.0
30,30.01
43,43.06083333333333
84,84.06352014652013
114,113.97234523809526
120,119.93072601010101
135,134.99145833333333
120,120.12129545454545
174,173.75477564102562
145,144.7966307026307
137,136.79930448717948
64,64.07777431596182
41,41.11265577121536
40,39.90659158926728
51,50.916430430680435
45,45.07009902597403
32,31.98046610160229
39,38.96472222222222
24,24.0
20,20.0
12,12.0
2,2.0
5,5.0
3,3.0
12,12.0
47,46.76024038461539
105,104.88189771339772
112,112.0576807914308
152,152.1425
154,153.92083333333332
161,161.0229274891775
162,162.49066387778888
134,133.95504545454546
125,125.0159107142857
95,94.96817386086137
61,60.791130952380946
47,46.79275
51,51.03080128205128
36,36.055
30,29.9945
11,11.0
7,7.0
2,2.0
2,2.0
2,2.0
3,3.0
26,26.005755952380955
98,98.2139835303585
256,256.6638715451216
130,129.99188690476188
55,54.880391520244466
53,52.96699754901961
126,125.98158946608947
120,119.92934722222222
90,89.93311363636363
90,89.90553049728051
118,117.85308124514373
243,242.8827075147075
205,204.78960912698415
98,97.93601388888888
70,69.88375537518039
43,42.87892857142857
45,45.005518352419585
20,20.0
19,19.018333333333334
5,5.0
3,3.0
1,1.0
4,4.0
30,30.034615384615385
105,105.04646436896437
223,223.65359900924238
110,110.00838133796029
52,51.9658187134503
57,56.92092803030303
71,71.04294047619047
82,81.926
79,78.87650613275613
85,85.06390277777778
98,98.16504545454545
206,205.8716396882104
212,211.822
145,144.8384796256375
101,100.79723931623931
66,65.9411111111111
41,41.06048684210526
20,20.0
15,15.0
9,9.0
1,1.0
1,1.0
5,5.0
33,33.00287560386473
108,107.93108698246202
230,230.00013539238532
124,124.24383333333333
69,68.8768248746867
66,66.10270454545454
86,86.17532142857141
93,92.93004536435788
82,81.899625
117,116.89395833333332
122,122.0477638888889
255,254.34103039321803
222,222.552578525641
161,160.954215007215
118,118.15307301726052
92,91.73521801197172
73,72.79622231934732
33,32.998752227241354
17,17.0
6,6.0
6,6.0
4,3.996666666666666
4,3.976666666666666
12,12.0
47,47.195385971055096
126,125.8921007331246
285,284.9617385931922
179,179.0414761904762
88,88.17570238095237
90,89.97582216394717
101,100.79733333333334
123,123.02515241129646
81,81.28291666666667
106,105.99416269841271
146,146.02136904761903
274,273.8437702991453
222,221.97058891598599
175,174.93218167701863
139,138.9995910409035
124,124.00881789044288
76,75.91822934989847
44,44.07754427925016
32,32.10323809523809
8,8.0
7,7.0
8,8.0
1,1.0
7,7.0
50,50.03187113784907
116,115.95021491702742
272,271.56088025595824
169,169.20238203463202
95,94.96335243228994
113,113.5175
185,185.30179922161176
176,175.77456150793645
191,191.635
172,171.96984523809522
232,231.8523670634921
327,327.46873300061657
224,223.79605881087866
162,162.32793001443002
124,123.90662393162393
72,71.79399107142855
107,106.93505326617826
77,77.13263888888889
29,29.108374967796486
31,31.156
17,17.0005
7,7.0
3,3.0
3,3.0
6,6.005
22,22.080849673202614
45,45.0021875
55,55.01259090909091
106,106.625
123,122.355
119,119.12071428571427
155,154.64541666666668
196,198.3
171,167.41333333333336
120,119.82071428571427
127,126.86625
88,87.80051485551485
59,59.038947043668415
47,47.0271875
33,33.01
44,43.98357142857143
29,28.990892857142857
17,16.994420454545455
16,15.893988095238097
17,17.0
18,17.94
1,1.0
2,2.0
2,2.0
24,23.985
55,55.08168371212121
104,103.82416666666666
161,160.017
182,181.92188888888887
198,198.47384523809524
212,213.80352380952382
168,169.02651785714286
147,146.81755952380954
146,145.2075
101,100.87253968253968
42,41.95946794871795
42,41.9888774509804
56,56.04666666666666
47,46.99399025521579
54,53.977759506424945
37,37.077474467418554
13,12.999705882352941
4,4.0
5,5.0
1,1.0
3,3.0
8,8.0
19,19.027
63,63.11248395721925
57,56.96354341491841
81,80.88683333333333
90,90.12632323232327
93,93.07520833333332
103,102.8125
116,115.85815845959598
87,86.94665476190475
56,55.95774839743589
80,80.05199999999999
66,65.869
49,49.050369995501576
29,29.012615384615383
34,34.0125
11,11.0
2,2.0
7,7.0
40,40.016309523809525
114,114.02812545093796
106,106.14339300405474
44,44.11842557932265
50,49.97820784770786
55,55.06658741258742
55,54.9938200647392
58,58.02178149424105
69,68.93906016066221
86,86.05549893896952
196,196.21696176046174
167,167.04053239794263
118,118.16063588056679
105,105.02706998557
82,81.70880555555556
77,77.29808333333332
21,20.948881081780538
6,6.0
4,4.0
1,1.0
2,2.0
8,8.0
36,35.966133983294355
96,96.0753971861472
235,234.62755753968247
139,138.81772825091576
51,50.99676065162907
69,69.05661093911249
67,66.99770833333334
87,86.98438725204534
78,77.89916666666666
72,72.0375
94,94.03757967032969
222,222.11486052616974
209,209.34125595238095
141,140.6721309523809
109,108.92334275382338
91,90.96387531218782
61,61.219958333333345
39,39.070440251634324
11,11.0
7,7.0
4,4.0
2,2.0
4,4.0
58,58.125
104,104.43719696969696
252,252.50109911616164
137,137.26501010101012
57,56.90477858946608
79,78.92526695526696
95,95.12015873015872
88,88.0927911010558
69,68.85215479263842
63,63.047333333333334
71,70.93396771284272
177,176.8502638888889
137,136.64768288859833
115,115.23235164835167
89,88.9869126917759
83,82.94745332372308
55,55.040410474028896
50,50.08121029512283
9,9.0
10,10.0
3,3.0
2,2.0
6,6.0
11,11.0
35,34.9996875
73,72.81205573593074
114,114.05054761904763
49,49.12836904761905
59,59.00868126114082
115,114.88558712121213
83,83.04863095238096
85,85.02799999999999
55,55.01351143556735
102,101.91830288461539
189,189.76239826839827
157,157.16107169913423
90,89.96428783746356
62,62.060430555555556
63,63.06310895721925
50,49.98980506993008
39,38.93807236075328
28,27.993055555555557
27,27.06666666666667
12,12.0
8,8.0
2,2.0
10,10.0
7,7.0
22,22.0
57,57.01834307359308
74,73.86349206349206
85,84.97654761904761
126,125.89194282106783
160,159.84877254689755
174,174.07767243867247
211,211.06050000000002
165,165.12370233932728
171,170.95241684704186
183,182.80690773809525
137,136.83376282051282
94,94.38035173160173
68,67.94346212121212
68,68.06791666666666
46,45.984047619047615
34,34.1125
34,33.98375
37,36.97703399122807
22,22.0153125
11,11.0
2,2.0
3,2.9416666666666664
14,14.025571895424838
35,34.92
59,59.104480158730155
103,102.75323333333334
125,125.111221001221
193,192.9310773809524
259,258.1887976190476
282,282.28041666666667
261,260.6329761904762
268,266.7057222222222
187,186.91378571428572
127,127.15915909090909
102,102.04179532967034
81,81.16625
69,69.0007387057387
69,68.85281082380625
59,58.962294871794874
30,29.977974386724387
8,8.0
1,1.0
5,5.0
28,28.0
92,91.98880036630037
255,255.27933288933292
142,141.66145454545452
92,92.0045487914863
87,86.95472222222223
36,36.00963398329436
32,31.962902997737555
25,24.995
35,35.210044366552985
42,42.03116666666667
79,79.06333898046398
131,130.82916666666665
80,79.89906944444444
45,45.062419348625234
80,79.84998214285713
76,75.91040414862915
45,45.1638701486422
7,7.0
3,3.0
4,4.0
2,2.0
1,1.0
2,2.0
46,46.15125471342383
107,107.3271887302154
214,213.79717486679988
124,124.0278127885187
68,67.8506488095238
56,55.97875560754605
86,85.89444264069263
78,77.93958170995671
79,79.08065115440115
64,63.990167669340465
102,102.18304855561104
242,241.89967536630036
224,224.33456546839386
119,118.96926665257257
88,88.20307551761964
63,63.21979312027841
47,47.08302485994398
25,25.02
8,8.0
4,4.0
2,2.0
4,3.935
1,1.0
5,5.0
40,39.85446658926728
110,109.89779800462694
256,255.87394197469214
148,147.83025984541777
76,75.84182142857144
73,72.99162698412698
82,81.72083333333335
125,124.515
96,95.77019426406927
110,109.9950496031746
139,139.4599595992243
268,268.0707565212565
201,200.67578373015874
150,150.34441715229212
95,94.81288202075703
71,70.97684027777777
48,47.9323485778927
22,22.0
13,12.995
1,1.0
3,3.0
1,1.0
1,1.0
8,8.0
35,35.00447010869565
111,111.31228968253969
220,220.30754166666668
145,144.81929545454545
56,56.04785658989703
50,50.061883116883116
72,71.87410137085138
80,79.9100533910534
78,78.10475816993466
68,68.01894444444444
71,71.14935732323232
202,202.22598809523805
167,166.87553561000834
106,105.98623012526684
70,70.21541924681597
51,51.08590350877193
53,52.95250378787878
23,23.01
12,12.0
4,4.0
2,2.0
1,1.0
1,1.0
7,7.0
29,29.0
83,83.4225992063492
228,226.96268503718503
150,149.8415892857143
66,66.03104166666667
89,88.93502901591872
97,96.98480555555555
87,86.95688095238096
95,95.12307485569983
106,106.025
118,117.91464094932846
228,227.99035524891778
187,186.9457718253968
107,107.19768222055727
87,86.83018721597031
70,70.2685662878788
44,44.02261420932009
46,45.835922619047615
19,19.005
25,25.00128205128205
20,19.972222222222225
2,2.0
1,1.0
3,3.0
4,4.0
15,15.0625
45,44.996641358641355
63,63.034166666666664
103,102.71
159,158.96226028138528
167,166.81543055555554
190,189.83916468253966
198,199.49137391774894
205,203.98318344155842
204,204.01516666666663
164,164.15656746031746
152,151.97783913308913
89,88.73263888888889
70,70.13119729575979
72,71.7748869047619
63,63.224603174603175
44,44.12202597402597
52,52.00833333333334
39,39.090833333333336
32,32.019551892551895
11,11.0
3,3.0
2,2.0
5,5.0
9,9.0
22,22.064574275362315
31,30.98785714285714
62,62.026
79,78.8709108946609
105,104.78948214285714
39,39.1375
7,7.0
11,11.0
25,25.0
23,23.01
11,11.0
11,11.0
7,7.0
10,10.0
9,9.0
4,4.0
2,2.0
1,1.0
1,1.0
1,1.0
34,34.0778125
91,90.96980715556376
211,210.96739994727494
134,134.25593325873473
58,57.90394444444444
60,60.16
96,96.00825937950938
70,70.02784868421053
77,76.89952380952381
96,96.45763095238097
122,122.12693055555556
233,232.7724296128708
233,232.89493783993782
145,144.81259722222222
92,91.79103132366002
54,53.92666666666666
35,34.994981617647056
22,22.0
10,10.0
4,4.0
1,1.0
7,6.794736842105263
2,2.0
10,10.0
45,44.938497835497834
128,127.69498746867168
257,256.68436045204794
151,151.2854668803419
71,70.40086688311688
78,78.064375
99,98.87233333333333
98,97.97228553391052
72,72.16900000000001
112,112.39636309523809
108,107.56876607836607
248,248.34124675324676
235,234.3768070679321
150,150.0675747863248
76,75.98494172932331
75,75.09524142524141
55,54.656771358543416
41,40.959077501445925
9,9.0
4,4.0
2,2.0
3,3.0
2,2.0
8,8.0
49,49.149069264069254
141,140.97375
249,248.31003769841263
141,140.84938028638027
57,56.90014630018674
59,59.08323015873016
98,97.82550595238095
99,98.89795833333334
71,71.07649315268065
79,79.19424754901961
112,111.92287151737152
194,193.82699801587304
188,188.11882142857138
134,134.00818728815904
91,90.92084153713937
62,62.066850945322315
21,20.954901656314696
18,18.0
3,3.265
2,2.0
1,1.0
3,3.0
12,12.0
37,36.795
44,44.218959545356604
24,23.995
17,17.0
11,11.049347826086954
34,33.9853125
12,12.0
12,12.0
14,14.01
21,21.0
111,110.82561235986235
82,81.84666666666666
56,55.862805844374925
38,38.041666666666664
28,28.005
34,34.0
27,26.941785714285714
6,6.0
8,8.0
5,5.0
2,2.0
7,7.0
32,31.943536277040884
114,114.11692857142857
259,258.44458513708526
156,156.26845833333334
78,78.1068137254902
81,80.92457224025974
111,111.04080681818182
107,107.26576523476525
89,89.06973646723647
85,85.09571794871796
113,112.964533008658
223,222.45036414565828
153,152.72860119047618
118,118.06670169617962
76,75.94632264957264
53,53.25451095228302
64,63.87232776945279
37,37.00704346092504
34,33.9703125
18,18.0
14,14.0
7,7.0
1,1.0
2,2.0
4,4.0
23,23.032248746867168
53,52.98949790976996
101,100.66864484126984
99,99.10342261904759
119,118.95071428571427
158,158.47588690476192
157,156.36
166,165.83797619047618
182,181.96672619047618
244,243.42700000000002
213,213.58452380952383
145,144.79420375457875
112,112.21471794871793
86,86.23465151515151
82,81.77933333333333
63,63.100841100076394
49,48.99097252747252
38,38.085
33,32.973422619047625
23,22.889012066365
13,13.0
3,3.0
2,2.0
10,10.0
34,34.031666666666666
44,43.90083333333334
122,121.994125
181,182.105
194,193.9325
221,221.09
250,260.81
304,302.7625
256,255.675
241,241.672
147,146.9592643606394
101,101.0185
77,77.01173611111112
58,58.00336482757438
37,37.01
28,28.014523809523812
11,11.0
1,1.0
1,1.0
3,3.0
8,8.0
28,28.00125
88,87.82139718614718
241,241.52915918803413
140,140.12752299783548
84,83.94732936507936
71,71.16065259740259
94,92.96
75,75.419375
79,78.764375
101,101.01500000000001
107,107.09887466422468
271,270.72990817031126
235,235.30834407259417
150,149.95892170329668
129,129.06597705072704
63,62.96969711538461
47,46.99770820393374
19,18.99882142857143
14,14.023613782051282
10,9.999833333333333
3,3.0
2,2.0
11,11.0
35,35.00912254901961
119,118.96622754329
282,281.288453962704
157,156.55210894660897
78,77.87519841269842
78,77.896875
102,101.88352777777779
97,96.9034512085137
88,87.99168885281382
90,89.61355182671359
114,113.79479261016759
217,217.3157083333333
225,224.4347721145813
152,151.7063333333333
88,87.75917413876972
55,55.052852564102565
21,21.0
18,18.0
8,8.0
3,3.0
3,3.0
1,1.0
3,3.0
31,30.98563983984282
111,111.047185009435
253,252.45906014492041
154,154.04125794147595
68,67.88420238095239
75,74.9645
88,87.97311965240644
99,98.944
100,99.39138095238096
101,100.79166666666669
151,151.25155290688843
253,253.11586904761904
237,237.40821428734668
168,167.75747826953747
121,120.72219444444445
78,77.96527089169003
59,58.974112012987014
27,27.138321428571427
23,22.981207080200498
12,12.0
8,8.0
2,2.0
3,3.0
13,13.0
51,50.959960295122826
140,139.90383252164503
299,298.79379307892543
185,184.84916227371664
78,78.03177200577201
86,86.03314682539681
105,104.90833235930737
111,111.19787698412698
119,118.7732398989899
125,125.13880357142858
142,142.28932936507937
313,312.45646892690644
310,310.3700714285714
207,207.07659053414807
137,136.90388406111433
138,137.73076149425287
87,87.05391666666667
50,50.07355506993008
29,29.018284690018703
16,15.98494230769231
14,14.000277777777779
5,5.0
10,10.0
36,35.94611491450083
123,123.36338600288602
280,279.9928711704962
210,209.78539714452214
117,116.685
159,158.89844246031745
195,195.295
175,175.19825
174,173.57705555555557
173,172.474375
204,204.02833333333336
332,331.3650981587856
331,331.08669726800974
190,189.2575737840591
149,148.2140195915196
113,112.77143887076974
118,115.69
86,85.58626911976913
76,75.903
51,51.27909090909091
25,25.017654600301658
8,8.0
3,3.0
2,2.0
10,10.0
13,13.0
48,48.07151767676766
76,76.875
140,140.29709325396826
196,195.08375
267,266.9301388888889
301,301.72
312,310.94
313,313.04
304,303.89
278,276.7366666666667
217,216.97727272727272
154,154.29931944444442
108,107.64
93,92.90012346681097
72,72.41575
50,49.93309523809524
40,39.94918831168831
24,23.991
30,29.804157867494823
12,12.0
3,3.015
9,9.0
4,4.0
14,14.005277777777778
37,36.99114113408521
78,78.90166666666666
136,136.47
203,205.04419230769233
228,232.24
203,201.42161655011657
279,275.1
308,304.53
224,223.295
226,226.1755
156,156.10916666666668
79,78.83134361471862
67,67.22674224386725
49,48.96643663281162
38,38.018
24,24.063777777777776
13,12.999705882352941
7,7.0
6,6.0
1,1.0
2,2.0
32,32.041907268170434
18,18.005
98,98.04271969696967
127,126.76354291541793
62,61.968
79,79.18883333333333
81,81.13467857142858
112,112.20221428571428
101,102.02625
107,107.23
141,141.12745776772246
272,271.7194714082
276,275.2370681140067
221,220.66786056998558
122,122.21445379863462
91,91.24583147408148
78,78.35152837195484
30,30.038194444444446
11,11.0
19,18.88116666666667
1,1.0
5,4.985
1,1.0
12,12.0
60,59.99
136,135.90440132294177
336,335.48483396464655
178,178.39169505494507
124,124.36273809523807
86,86.24102488714988
121,121.004125
106,105.98391178266179
101,100.93344444444445
134,135.36778571428573
165,165.212117021867
307,307.8944356476153
312,312.6759273165743
164,164.15022814685315
135,134.64872439319603
87,86.6209785908536
70,69.87167307773926
32,32.01410317460317
11,11.0
7,7.0
2,2.0
3,3.0
10,10.0
44,44.176342393574515
118,117.8390628072907
261,261.1803275613276
182,181.89408742646242
75,75.00970418470419
71,70.93369281045753
87,87.16112283549782
108,107.97592788461539
84,84.15535714285714
85,85.03793452380953
136,135.69145436172877
273,272.78949934098074
238,237.84910240453996
159,158.8510651938641
75,75.0727005952381
22,22.0
44,44.17154545454545
26,25.999807692307694
11,11.0
3,3.0
6,6.0
1,1.0
1,1.0
9,9.0
41,41.071546365914784
108,108.30872708075381
124,123.84661574536572
97,96.91654148629148
65,65.15928571428572
71,71.02149315268065
94,94.07449873737374
101,101.00232638888889
83,83.00847916666666
90,90.07514364801864
84,84.06352056612118
233,232.80866547341543
214,213.8990198412698
138,137.87071647869675
118,118.15645728781021
78,77.96261562049062
62,62.052596491228066
33,33.085
18,18.01
5,5.0
5,5.0
2,2.0
5,4.975
9,9.0
32,32.01777777777778
104,103.94981337535013
237,236.79084834609836
166,165.82129489164086
68,67.99713725490196
75,75.00182323232322
145,144.7591623931624
138,138.0517261904762
133,133.10229545454547
122,120.875
150,149.77899050568604
225,225.6293687770563
198,197.97975180375178
135,134.8046367292838
81,81.0867905982906
75,75.06304026610643
43,42.916875
39,39.055
28,28.023888888888887
27,27.0
25,25.0125
9,9.0
6,6.0
8,8.0
10,10.0
41,40.989
66,65.967
100,99.7282619047619
125,124.427096001221
168,169.17270833333336
227,225.89
239,238.33
216,215.90727272727273
219,218.45
248,246.915
203,203.525
153,153.70658333333336
138,138.53039285714286
85,84.76299999999999
51,50.8
63,62.935
41,41.125684523809525
31,30.9697365967366
20,20.040744047619047
21,21.035555555555558
14,14.0
6,6.0
2,2.0
7,7.0
14,14.000571895424837
54,54.15909090909091
86,85.78122745310247
108,108.18400793650794
163,162.8967177197802
147,146.58421764346764
164,163.55625
172,171.243
143,142.5466825396825
159,159.19509722222222
137,136.72620021645022
103,103.12932857142857
57,56.91118666056166
36,36.1225
30,29.931059523809527
19,19.01525
12,12.0
6,6.0
5,5.0
2,2.0
8,8.0
40,40.02375
110,109.72422073759576
254,254.11635529748034
121,120.76488034188036
69,69.24926082251082
57,56.79
79,78.99297299922301
83,82.61545138888889
80,79.96228921568627
72,71.9325
132,131.98645593869733
252,251.90425306311343
241,240.24399530330774
173,172.82920111832613
112,111.91674142350261
61,60.96251633986929
40,40.07816666666667
19,19.0
16,16.0
4,4.0
3,3.0
3,3.04
2,2.0
8,8.0
50,50.02022345301757
133,133.15121958841812
287,286.7331564815903
172,172.0676892135642
59,59.18
81,80.74479166666667
106,105.50631295093794
104,104.00382857142857
86,86.00852777777779
87,87.19617873330373
136,135.8300111171079
299,299.1759397546898
294,293.5727718253968
190,189.93893849206347
132,132.1726820818071
83,83.05239581252081
55,55.02935108203201
35,34.94833333333333
11,11.0
10,10.0
4,4.0
4,4.0
1,1.0
7,7.0
48,47.926912069956195
136,135.96181105006107
263,262.8689724025974
154,153.76467659017965
64,64.02425427350427
90,90.50708333333333
80,79.96395588235293
98,97.85988095238095
80,80.04357492997198
70,69.9635375735376
36,35.99715671056708
116,115.97324880795533
85,84.79145331465921
72,71.99442442279943
44,44.02837761258349
27,27.0
24,23.995
12,12.0
3,3.0
5,5.0
5,5.0
1,1.0
2,2.0
8,8.0
36,35.99863677536232
92,91.74861262430379
192,192.19411999030382
132,132.20596915584417
69,68.91853916040101
58,58.04833333333334
90,89.86835527299498
68,67.95458928571429
76,76.23
65,64.86756466939923
85,84.84263095238097
168,168.75349116161618
177,177.1848234126984
130,129.90058730158728
85,84.85086781682371
60,60.05508333333333
51,50.96441071428572
27,27.052416666666662
6,6.0
4,4.0
7,7.0
4,4.0
3,3.0
12,12.0
28,27.99
95,95.01551166093967
206,205.43188888888886
173,172.87734776011857
75,74.89859090909091
89,88.94777728154199
95,94.94890897990899
110,110.2405496031746
87,86.46143686868687
111,111.19105303030302
167,166.92852068070815
281,281.42792144660893
241,240.67903904428906
136,136.17368233802898
77,76.80951785714285
93,92.8236985930736
74,74.09048471055088
53,53.15
32,32.00390034913487
32,31.9959126984127
21,21.0
9,9.0
5,5.0
5,5.0
12,11.98
18,18.04382142857143
55,54.89589621489621
87,87.08835778926955
154,153.86053180626922
198,197.58898809523808
184,183.23683333333335
137,137.15440476190474
190,193.86
136,135.385
196,191.02
184,184.83875
179,178.3813456937799
148,147.87875
85,84.47391269841268
77,76.79
55,54.96251315789473
53,52.4875
39,39.0025
34,33.94958333333334
24,23.978731856378914
11,11.0
3,3.22
5,5.0
33,33.023038003663004
33,32.89616071428571
62,61.966208333333334
142,143.04333333333335
215,216.915
243,245.73
313,312.297
367,367.85
349,329.775
292,296.325
303,301.9691666666667
274,274.455
172,171.65791666666664
144,144.34157659007656
79,79.0680634920635
45,44.90404761904762
36,36.1
31,31.082666666666665
6,6.0
11,11.099347826086955
2,2.0
1,1.0
2,2.0
7,7.0
46,46.0127209653092
157,157.23547554528807
339,338.75899999999996
158,157.98
90,89.895
124,125.205
157,156.665
139,139.4417691197691
123,122.8965
143,143.1064276973027
189,188.892625
366,365.91042857142855
386,384.98871052631586
278,277.64100340060264
173,172.9071611721612
95,95.08402597402598
75,74.97232323232322
48,48.35972222222222
22,21.90583333333333
15,14.87
5,5.0
4,4.0
2,2.0
5,5.0
38,37.99670833333334
134,134.2857934875152
157,157.15858594877346
46,45.82396829507782
28,27.98
19,19.0
38,37.954880952380954
56,55.85327745609654
76,76.05764818106731
68,68.0195
130,129.79681344350095
273,272.44284537101504
267,267.17226653303595
160,159.81722943722943
91,90.91981167555356
89,89.00386688311688
46,46.0027209653092
26,26.01556861184792
15,15.0
2,2.0
5,5.0
4,4.0
1,1.0
13,13.0
56,56.01248035328106
133,133.27272474747477
325,325.012484959485
165,164.93787103174603
69,68.5979393939394
93,93.04285683760685
134,134.28428327922077
112,111.70319696969699
115,114.38749999999999
117,116.62868055555555
169,169.17955321067825
356,355.7240277777778
325,325.44133527699796
232,231.88043253968254
141,140.91736111111112
102,102.27629532967032
84,84.08160714285714
40,40.01197916666666
20,20.035
13,12.999705882352941
7,7.0
3,3.0
1,1.0
6,6.0
64,64.01543300653596
160,160.22980950299703
314,314.00011885336886
170,169.89529058441556
95,94.81432485569984
122,122.0925
153,152.97046315963803
135,135.00025595238097
157,157.06936787518038
160,159.9945833333333
213,212.97251262626264
343,342.7868145424836
333,332.7811212121212
226,225.92455800960735
203,202.96621222277582
108,108.08277777777779
81,80.855125
54,54.05683273874818
25,24.99666666666667
9,9.0
13,12.999705882352941
1,1.0
1,1.0
9,9.0
35,34.96914583333333
113,112.75270262047893
221,221.03603643359563
185,185.05610984848488
73,72.93784090909091
98,97.90793055555554
80,80.18441666666666
42,41.988
15,15.0
25,24.995
60,59.98
148,148.0207142857143
62,61.993112407694646
53,52.85083333333333
63,63.00388347763348
54,53.843747835497844
51,51.0012141053391
35,35.005
31,31.020946914196916
20,20.033345238095237
17,17.0
14,14.01
3,3.0
5,5.0
13,13.0
21,21.02142857142857
54,54.05931903023446
98,98.09347619047621
133,132.52333333333334
142,142.63623268398268
202,201.84067225829727
222,223.5575
212,211.57135714285712
201,200.16607885170387
191,191.81333333333336
257,255.245
177,177.08209138084138
130,128.91964285714286
93,92.92919291125541
75,74.74744304388422
87,87.1399887416505
57,57.075625
53,52.95572222222222
37,37.03771027327935
36,36.163125
16,16.041668498168498
5,4.99
4,4.0
4,4.0
10,10.0
55,55.48946590909091
81,80.46375
150,149.6136666666667
202,203.5282756410256
230,230.275
263,262.17
281,280.3
297,296.45
288,289.1983333333334
236,236.02583333333337
240,239.14700000000002
131,130.29364285714286
92,91.68722222222223
95,95.15779413641914
57,57.10741071428571
32,32.01669474969475
23,22.99008333333333
4,4.0
9,8.885
1,1.0
13,13.0
61,61.087246212121215
176,176.0535178571429
314,313.89490601065603
165,165.1216447963801
96,94.535
104,102.94
134,133.85068360805863
139,139.11693722943727
145,144.51074675324676
141,141.1286911976912
235,234.45219678932176
452,452.65642261904765
383,382.994880952381
284,283.83614229234826
166,165.76249227161722
158,158.10208351370852
91,90.8532086894587
54,53.999541666666666
24,23.980999999999998
13,13.0340625
14,13.950678733031673
1,1.0
6,6.197236842105264
16,16.0
58,57.885287878787885
189,188.7110902014652
226,225.60976825054033
54,54.035405594405596
40,39.89859307359308
49,48.88961836080584
92,91.88033495670996
106,105.62601053113555
44,43.38722222222223
78,77.84756944444445
99,98.78849999999998
291,290.66504523254525
224,223.77538690476194
130,130.08766071428573
103,103.00142919580419
84,84.04747997835499
54,54.01676949643493
39,38.995
15,15.0
1,1.0
2,2.0
2,2.0
3,3.0
5,5.0
34,33.9975
70,70.07349260248938
164,163.75599999999997
65,64.89972445609946
46,45.96953774938828
61,61.05483600427351
95,95.06359722222223
61,61.03126633986928
106,105.95890668775672
81,81.12217045454544
142,141.79113852813856
309,309.09884523809524
321,320.6865778249528
175,175.24805317561808
126,125.90956601090237
117,117.09484325396825
99,99.06054166666667
62,62.04497756410257
21,20.991151785714283
10,10.0
3,3.0
2,2.0
9,9.0
14,14.0
70,69.76623813686314
193,192.93941427934806
337,336.2429126984127
170,169.95601461038962
89,88.77463866144748
115,114.89666666666668
145,145.09709691697194
159,158.8692559523809
137,136.96091666666666
142,141.75705952380952
202,202.0913721139971
388,387.9684325396826
337,336.8582642773892
259,258.6390059523809
169,168.7875957792208
145,144.86315934065934
104,103.79585281385282
47,46.795922619047616
27,27.1902619047619
15,14.969444444444443
18,17.8675
3,3.0
3,3.0
13,12.999705882352941
47,47.05392992424241
149,148.9817019230769
300,299.7640515611839
178,178.137265010352
122,122.02186686924186
136,135.53543956043958
200,199.80112992562988
180,180.2858347485847
163,163.17860247432304
162,162.109507034632
243,243.21722222222218
331,331.4685416666666
263,263.41797222222226
209,208.85477380952383
118,118.03842839105339
102,101.90369047619049
80,79.94436659663864
64,64.17306840749119
43,43.015
33,32.92035714285714
24,23.9073593073593
14,14.015277777777778
5,5.0
4,4.0
10,10.0
21,21.044095238095238
45,45.11778057359307
29,28.99318181818182
22,22.0
31,30.98785714285714
32,32.06655802530803
58,58.02760606060607
63,62.83444444444444
78,77.775
33,32.99
15,15.0
38,37.99291666666667
71,71.02793818681317
53,52.97326767676768
14,14.0
24,24.001666666666665
35,34.9925
33,33.015
31,31.008442640692643
29,29.014052579365078
25,24.865444444444446
7,7.0
3,3.005
8,8.0
16,16.0
43,43.08833333333334
102,101.87511111111111
211,211.0599761904762
304,304.0341071428572
354,353.57375
343,343.545
361,359.5216666666667
388,390.91
343,344.1241666666667
306,307.79845619658124
277,277.4075
210,209.30266666666665
141,141.01439238539237
83,83.08530555555556
70,69.62061616161617
56,55.75
39,38.86041666666667
19,19.544444444444444
16,14.615
7,7.129736842105263
6,6.0
16,16.0
54,53.953116758241755
168,168.1722537878788
297,296.47395190920184
169,168.949262987013
109,108.31
123,122.82350000000001
184,184.1931613247863
169,169.11275194250192
144,144.5168523004773
176,176.40033667502087
205,205.09229924242425
428,427.5500187590187
362,362.0125254467753
286,286.441994451382
165,165.0386488095238
151,150.888604978355
90,89.95353535353536
46,46.03083104395604
25,25.009807692307696
7,7.1147368421052635
13,13.18
3,3.0
5,5.0
18,18.0
65,64.99142719780221
188,187.94678968253967
351,351.2502408008658
162,161.61554545454544
75,74.96648989898989
72,72.005
103,103.18228504828505
129,128.83865909090912
107,106.81301593586151
127,127.32297619047618
192,192.10580527661995
411,411.1261448412699
421,419.749067099567
276,275.313028435651
168,168.10289935064932
122,122.15279815037904
112,111.89321637682492
52,52.04
33,32.995
7,7.0
2,2.0
2,2.0
9,8.979285714285714
15,15.0
64,64.03012817081327
237,237.22360577086314
396,396.34541666666667
197,197.02485374755963
131,130.2975
118,118.00425974025976
145,145.28442640692643
177,176.9937864145658
148,148.2453234126984
145,145.1624880952381
255,255.49579655067157
432,431.7247777777778
441,441.1610833333333
383,383.53255952380954
225,224.75949356588117
172,172.33657405094905
117,116.89243381739034
93,92.95558630952382
44,43.94223659673659
26,26.075448717948717
13,12.999705882352941
7,6.957236842105264
6,6.0
14,14.0
75,74.96187736291486
198,197.97768223443225
365,364.97826207126207
196,195.91982924020428
98,98.02253553391054
133,132.67172435897436
199,199.32644993894996
177,176.28100180375182
228,228.1700833333333
235,235.23386309523812
294,293.41021090102714
481,481.6262172619047
452,451.3570804473304
324,324.03136561993216
204,203.86660859973355
184,183.8414441114442
137,136.94945418470417
99,98.84219444444443
33,32.910513058213716
24,23.995
9,9.0
2,2.0
3,3.0
16,16.0
49,49.0579645721925
180,179.93480140692643
346,345.43141973304483
195,195.18753950216455
136,136.09283333333335
106,106.04506877566878
80,79.69471428571428
40,40.012859552727974
36,35.995736185383244
75,74.99664285714285
62,61.919720374289454
69,68.90590557359306
51,50.93105678635091
55,55.063474062702
47,47.02
28,28.08922969187675
24,24.005
17,17.0
18,18.0
16,15.953751831501831
17,16.991666666666667
4,4.0
5,5.0
7,7.0
11,11.0
19,19.02525
47,46.95660714285714
68,68.03775595238096
129,128.981
232,231.74899801587304
291,289.3751031468531
312,311.1180238095238
391,392.975
397,396.29558333333335
426,425.485
383,382.1606742424243
376,376.5673223304473
283,282.5600054112554
183,182.90414788050114
135,134.75875
169,168.19429058441557
117,117.07642045454546
96,95.78605753968255
54,53.64917982456141
72,72.18875
24,24.01466666666667
5,5.0
12,11.99
13,12.88
27,26.410999999999998
80,80.27525
177,177.1014880952381
289,288.69083333333333
317,316.88033333333334
388,386.7142857142858
441,440.055
420,418.2275
369,368.9222321428571
359,356.86383333333333
331,330.835
270,270.1023888888889
194,193.93505952380954
105,104.5375
61,61.15200432900433
45,44.77816195324284
42,41.965
12,12.01
10,10.0
10,10.0
10,10.0
5,5.0
17,17.0
66,65.96062121212121
196,195.42260737873238
353,353.1160948773449
174,174.0074002050581
125,125.625
147,146.71636446886447
188,187.66594444444442
203,203.16725351731606
146,145.59356904206902
175,175.28773018648016
239,239.23898214285717
521,521.7366666666667
499,498.0255706349206
382,381.9118452380953
237,236.80788034188038
190,190.10373405067156
106,106.00264875124878
62,62.09111704654566
27,27.035
21,20.87
26,25.84125
21,19.9
6,6.0
16,16.0
80,80.15116666666667
270,270.0193928571429
449,448.7826313131313
199,198.6338880195891
120,120.04666232866664
172,171.75434335109333
186,186.04111111111112
176,175.77813849385907
155,154.6688154072235
153,152.80160539606592
291,291.0162209595959
521,520.167490079365
528,527.6993127705626
328,328.73022704404735
234,234.06876459202562
195,194.80919051548503
148,147.93971398944194
78,78.25280681818182
27,26.994807692307695
17,17.0
5,5.0
7,6.995
6,6.0
17,17.0
84,84.09289216747305
246,246.35665476190476
444,442.74010714285725
181,181.48740999278505
92,92.28875
156,155.7312103174603
173,172.97348855311355
150,149.92760756056813
148,147.88389454499747
138,138.10958333333332
218,217.9413114940614
521,521.3319940476191
412,411.506268588137
260,260.148625
218,218.24729890003786
145,144.94994505494506
129,128.94994444444444
78,77.758125
54,54.032673872180446
20,20.12590909090909
21,20.925
3,3.045
9,9.025
13,13.0
86,86.03898535533095
215,215.8905930735931
398,398.2051058897243
183,182.9810004023754
54,53.9486111478391
84,83.97217045454545
107,106.7600716089466
121,120.88557446744322
142,142.16267816091954
163,162.90194047619048
270,270.2553209792392
455,456.1252976190477
530,531.245
404,403.82754761904755
269,268.5874806166056
194,193.64843483612157
153,152.8057720627326
110,109.23193030303028
48,47.99995389822595
31,31.136166666666664
10,10.0
5,5.0
6,6.0
25,25.077708333333334
71,70.89480104617604
240,238.9795912979993
421,420.3003110304728
230,229.70125750638246
156,155.80333333333334
157,157.43431827200575
223,223.12688888888889
308,307.7674120879121
248,248.09684199134202
252,252.17342532467535
299,298.44414645730086
508,506.60738095238094
439,438.7748333333333
270,270.3645964716489
194,194.1852829100186
195,195.27356186868684
146,145.94452152014654
113,112.86381412052
106,106.12125
74,74.18221212121212
65,65.03535683760684
17,17.0005
7,7.0
7,7.0
21,20.935
48,47.62583333333333
91,91.0759384920635
156,155.9927178932179
279,278.8309737076649
321,321.1702261904762
416,416.0425
455,454.87519841269835
452,452.15104166666674
499,498.038120879121
464,462.9129702380952
407,408.12
371,370.8837334797556
387,387.2610511204481
224,223.42856746031745
177,176.81691666666666
143,142.31094871794872
125,124.83510989010989
96,96.09227002164502
59,58.99038959447415
50,50.09199734987235
23,23.030777777777775
17,16.776726190476193
10,10.0
13,13.0
33,33.01833333333334
59,59.0315634920635
141,141.03662193362192
264,264.0207718253968
250,250.26
281,281.45
332,331.1879285714285
238,237.99625
266,266.91281944444444
214,213.51809523809524
196,195.8661607142857
159,159.0871174242424
178,178.17977644577644
121,121.020625
105,105.36708706293707
100,99.63576190476189
146,146.06833333333333
177,177.45309262740184
114,113.33729166666667
35,35.21071428571428
16,15.776666666666666
17,17.146
20,20.0
62,62.06109649122807
209,208.81195763081953
371,371.0090914224665
172,171.96753833666332
108,108.8401542207792
130,129.96044243256745
187,186.9123898809524
170,170.3032857142857
181,181.04794604067425
155,155.3055307539683
269,268.26504410866914
537,536.9407331349208
518,517.3822063492064
314,313.9647688288018
218,218.69728851010103
232,231.79759232026143
125,125.13705283605279
64,64.09884249084249
16,16.0
14,14.0
5,5.0
2,2.0
4,3.8875
14,14.0
109,108.85656095987346
265,264.40227976190477
459,458.45652869352875
186,186.25174315818285
127,126.97125
140,140.13408928571428
217,217.12715451215453
194,194.36682936507935
158,157.87574567099566
154,153.73942063492063
271,270.50615377108284
517,518.0411904761904
544,543.7428854166667
365,364.59178246753237
290,289.99621550671554
225,225.19320941558436
113,112.91982417582417
62,61.88286291486292
27,26.995
7,7.0
4,4.0
1,1.0
3,3.0
9,9.0
21,21.0
52,51.993437761069345
79,78.98961004273505
40,39.970000000000006
31,31.019109307359308
72,72.01046307798481
124,123.87762393162393
143,142.482875
107,107.25619014319017
129,128.91375914363414
195,194.63355555555557
410,410.47466269841277
396,396.00227255639095
296,296.1309206349207
191,191.27493452380952
150,150.05172473359974
89,88.88710878745434
57,56.94311058590103
27,27.0401790481952
10,10.004833333333334
5,5.0
4,4.0
7,6.969736842105264
30,30.004615384615384
89,89.46400771480839
271,270.91466991341997
440,440.5165757575757
184,183.813691058941
128,127.93380179542679
148,148.07396825396825
196,195.67414343009935
192,192.8066349206349
154,153.68163888888887
147,146.99442460317462
269,269.19698956548314
533,531.9512500000001
520,520.6979345238095
361,360.64936904761913
258,258.0290992063492
180,179.79442451584364
165,164.9448988095238
115,114.74175455100456
56,55.934
32,31.8475
16,16.0
9,9.0
1,1.0
16,16.0
82,82.20642503330004
222,222.23522619047617
450,449.9438257575758
188,188.2293614481055
127,127.12563512876014
165,165.21810048285042
246,245.9420608974359
253,252.9398732378733
213,211.10125
260,260.02225
344,344.06930273892766
553,552.9602633477634
470,468.7845738636364
292,292.02180053688147
190,189.80525398069364
152,152.36479403398144
151,150.97257936507935
120,120.02697601010101
86,85.87524603174603
58,57.88284649122807
52,51.99256871345029
18,17.818333333333335
5,5.0
7,7.014736842105264
13,13.0
40,39.882555555555555
115,115.20153583916083
218,218.35242681402707
298,297.96384523809525
347,347.649384920635
373,372.80359062261255
436,435.0
378,377.2348353174603
378,377.1467925685426
342,341.93566468253965
354,354.5525555555556
289,289.1716666666667
267,267.22820990896355
219,219.2961111111111
182,182.3467912851038
120,119.85944395881894
119,118.89763852813853
100,99.79821428571428
64,64.0493634760922
59,59.02948015873016
31,31.046416666666666
10,10.0
5,5.0
6,6.0
23,23.060333333333332
86,86.1613465007215
160,159.4834393939394
244,244.12333333333333
340,338.31125
382,381.0072852474322
390,389.1661904761905
366,365.7370873015873
358,357.33635693473195
385,383.8327023809524
351,351.7223055555556
268,267.80979795123176
239,238.25632606995686
174,173.7012083333333
127,127.049479978355
115,115.10133333333334
50,50.31749025974026
53,48.57
33,31.685
8,8.015
7,7.0
4,4.0
23,23.015
89,88.85953627325976
237,237.23691453032245
374,373.2541382783883
178,177.87974801587296
119,118.91792895299145
125,125.04480695693195
195,195.3849410851768
174,174.02512033146587
162,162.03836580086576
199,199.04231132756132
304,304.351123015873
598,597.0896204906204
524,523.7816250000001
384,383.8625273739419
239,238.45716603902645
156,155.9021060606061
116,115.64647313797312
61,61.07971428571428
18,18.058333333333334
15,15.0
5,5.0
4,4.0
2,2.0
29,28.995
112,111.98439033189032
314,313.6697224025974
425,425.095612012987
205,205.06480629093122
127,126.77707738095238
125,124.5434604660046
217,217.31007316294819
202,202.02569588744592
176,175.76223791486288
180,179.7756211288712
327,326.4368085264408
611,609.7689583333334
550,549.8145277777778
434,436.1956378066378
291,290.4013683066933
203,203.39466153454384
150,150.08335209235213
81,81.18075
38,37.978208333333335
20,20.01
10,10.089347826086957
3,3.0
2,2.0
20,20.0
99,99.17280427170867
318,317.9746707459207
442,442.0528634559885
203,202.92726831501838
154,154.13097510822513
141,141.01883928571428
226,226.1099972943722
193,192.9481031600838
177,177.08616865079364
179,178.89124866799867
289,289.0135229076479
259,259.1029682539683
274,273.08708890292706
401,400.37733730158726
273,272.73884027292456
234,234.2905378689937
146,146.02396428571427
81,80.99800378787877
44,44.02356808877397
17,17.0
15,15.0
5,5.0
6,6.0
29,28.984431818181818
112,111.98105699855701
297,297.1012718501542
421,420.2855673436041
212,211.73812301587307
147,146.98456043956045
179,179.31552917526656
207,206.66712554112553
218,217.52944221056725
191,191.10467361111114
217,217.1080285456288
288,287.78746079059835
594,594.1866616161616
527,527.2959437229437
364,363.5489513888889
276,276.37843792537865
223,223.11950003857513
172,172.0821486291487
103,103.04753144078144
52,51.9189933166249
20,19.988333333333333
11,11.0
4,4.0
5,5.0
25,24.995
82,81.98463522588523
157,157.035
387,387.10613311688314
233,233.02044018481513
130,129.77266287878788
146,145.60640415140418
223,222.83107720057717
226,226.1967837301587
190,190.01708333333335
198,197.65947916666664
300,299.4831347696777
491,491.7504682539683
398,398.7430066833751
270,270.4114208186045
152,152.23172855779094
154,153.95977602108036
132,131.9697087912088
119,118.75420418470418
102,101.94833333333334
82,81.97
52,51.96166666666666
35,35.025
5,5.0
14,13.959447115384615
11,11.0
32,31.99972222222222
88,88.22845238095236
100,100.20857142857143
167,167.01071618332648
279,278.7425284992785
279,278.98324909812413
248,248.08142857142855
216,216.00552777777781
294,293.59417198773446
295,294.75619047619045
272,271.5238917748918
304,303.6249523809523
248,248.00291666666664
157,156.76776488095237
59,58.81873015873016
26,25.94261111111111
44,43.99878205128205
39,39.015
47,46.98923201345755
50,49.87461538461539
32,32.0265521978022
13,13.030277777777778
14,14.0
17,17.0
42,42.0846875
70,69.79625793650794
134,133.85325595238098
226,226.28215277777778
322,321.9683214285714
367,367.10698214285713
456,455.7938055555554
437,436.625
459,459.1675
440,439.58625
392,393.157375
237,237.03829990168057
231,231.1138611111111
191,190.7670798474401
151,150.78866865079365
117,116.79
69,69.03213725490197
38,37.80733333333333
14,14.025571895424838
13,13.0
4,4.0
6,6.0
21,21.0
104,103.77941991341991
272,272.29557480065176
394,394.52122493734345
194,193.61827391987953
112,111.93995238095238
185,184.9586994047619
209,209.36608333333334
214,214.40609145021648
193,193.57242424242423
165,164.69003878800936
226,225.81418452380953
274,274.0111846152214
453,452.50869047619045
308,308.40427924201805
198,197.72901984126983
177,176.7159833446782
127,127.03676424963928
57,56.729375
31,31.07807142857143
13,13.233799342105263
8,8.0
4,4.0
4,4.0
22,22.0
49,49.05841277625024
151,150.57416666666666
347,347.8531796536797
207,207.0454296587915
104,104.37200000000001
130,129.8098511904762
153,152.95618661893658
172,172.38063668725067
184,184.00089545177053
210,209.54816666666665
290,289.3402440476191
604,602.632
480,480.28638036881426
349,348.71836111111116
283,283.130178863212
174,174.0775724789916
98,98.06859722222221
56,55.9778544531449
23,23.115333333333332
12,12.0
6,6.0
9,8.73
3,3.0
9,9.0
101,100.90233333333333
274,273.5964278499279
453,453.321472943723
202,201.7855560064935
106,105.98166666666668
23,23.0
54,54.40167387218045
122,122.1506011766012
138,137.9847976190476
167,166.95402137813164
294,293.21343893606394
565,565.4520648899712
489,488.5512922077922
331,330.99988149350645
213,212.76703647741147
85,84.87668452380953
117,117.23233214128864
59,59.023470888180434
29,29.029935016816093
6,6.0
15,15.0
4,4.0
5,5.0
26,25.99
103,102.74687469474969
257,256.98121095571094
487,487.8716904761904
216,215.77052083333336
130,129.94221212121215
164,164.24392967490024
168,168.21379166666665
183,182.69493524653447
180,179.84109194582936
188,188.06692735042736
302,302.5151612899746
547,546.5917584325397
513,513.5174166666667
410,409.8602083333333
282,282.6808703046953
209,208.6969716810967
79,78.73020905483406
72,71.79601629875972
48,47.95785714285714
25,24.955333333333332
8,8.005
5,5.0
5,5.0
28,28.0
117,116.72329004329005
319,318.23993019480514
517,516.734967948718
234,233.90077252853357
148,148.20513492063492
196,195.89358928571426
255,254.87072244422248
232,232.27719444444443
197,197.45657738095235
242,241.38071428571428
330,329.47788830083323
554,555.2157121212122
473,472.49575243506496
302,302.2519424603174
220,219.48424206349205
195,195.01243090324712
152,152.04168521756026
115,115.09890196608946
98,97.81805555555555
72,72.15393037518038
40,40.03010683760684
19,19.099837662337663
7,7.0
5,5.0
28,27.980416666666667
43,43.205045454545456
126,125.84239486901984
225,224.92493191676746
323,323.0067619047619
418,417.40625
493,492.59905540293045
462,460.95185714285714
456,455.90244841269833
506,505.72270811796903
471,470.15642857142853
444,443.8491666666667
444,444.0
301,301.53045833333334
248,247.9223976648351
227,226.68904761904764
204,203.5914687950938
145,144.87096403596402
131,130.57768846431347
98,97.98625
68,67.99641666666668
33,32.95470467032967
12,12.0
6,6.0
18,18.0715
40,39.846888888888884
94,94.04199945887443
189,189.14772817460315
305,305.6021666666667
373,373.58620833333333
401,400.99746825396824
455,454.5108928571429
316,315.0950952380953
331,331.1233928571429
273,273.7028923160173
306,305.9822498196248
358,358.5639166666666
300,299.79348214285716
231,231.59584584859584
136,136.0182628205128
121,120.98162500000001
65,65.28053463203463
41,41.595
9,9.018833333333333
5,5.0
4,4.0
4,4.0
11,11.0
96,95.73347197840002
236,235.67338777888773
409,409.4926428571429
167,166.93436905822935
121,120.985
180,179.74663140806558
204,204.17768371212122
204,203.90498658367775
187,186.42318154761907
176,175.81025000000002
279,279.56619059412805
429,430.0899523809523
453,453.64376731601726
358,358.9140932539683
310,309.979508547843
188,188.20626000690132
131,130.96238049450548
72,71.92875
35,34.85104166666667
15,14.985277777777778
10,10.0
2,2.0
4,4.0
24,24.0
112,112.10266318403819
314,314.23540005827516
434,433.46878860028863
138,138.02032864684332
108,108.24690476190477
175,175.01892857142857
170,170.0531788905539
190,189.956916000666
153,152.9420880002491
188,188.32083608058613
277,277.22329447064374
548,548.4406845238095
564,564.3738188582251
355,354.22373427960935
280,279.61839423076924
189,189.0332965838509
141,141.08652199516172
66,65.97747222222222
35,35.10758333333333
8,7.954736842105263
8,8.0
9,9.0
3,3.0
25,24.999807692307694
117,117.08296095571097
313,313.2684894688645
531,527.9213095238096
234,233.89919884364008
135,134.9510595238095
140,139.9463653846154
210,209.77416874955102
202,201.62739123376625
168,167.81772897935392
182,181.95002447552451
299,298.86432376610315
601,601.4463214285714
517,516.8906250000001
405,404.17583333333334
340,339.60204632459033
236,235.37088725571803
174,173.65452777777776
86,85.92039484126984
45,44.98648226773226
16,16.0
14,14.006947115384614
4,4.0
2,2.0
27,27.03
98,97.63872655122654
286,285.9876255118291
489,488.7642380952381
216,215.9224702380952
143,143.37555753968252
160,159.55626820728287
194,193.9238611111111
197,196.61163095238098
189,188.7864107142857
141,141.0311888528139
291,290.9474555546578
494,494.0608952991452
478,478.250369047619
378,378.9953452380952
322,323.30468781382007
223,222.96355326617828
180,180.23092679542685
90,89.96194074308045
69,69.04549154135339
50,49.805
18,18.025833333333335
12,12.0
7,7.0
31,31.035891945773525
81,80.76616666666666
249,248.4719817927171
418,417.77511496265174
227,226.37697321428567
153,153.25614210610013
166,166.17170728576974
243,242.83271428571427
209,208.7220954184704
239,239.10849837662334
356,356.5310785048285
419,418.6614743589744
491,490.4474861111111
399,398.423
279,279.0909093545344
144,144.04566666666665
151,151.01853556166054
141,140.68587322472848
127,126.92192261904763
94,94.19344574175824
55,54.882839035964025
48,47.62089635854341
15,15.0
4,4.0
7,7.019736842105264
19,19.00382142857143
50,49.995
102,101.979625
177,176.55961842105265
276,274.104375
349,349.33735714285706
358,357.54083333333335
385,384.13103488668196
382,382.45333333333326
374,373.675
402,399.98
341,342.075
385,385.1482575757576
252,252.49876785714284
196,195.62129166666665
201,200.26422008547007
161,160.87538888888886
125,125.055
83,82.98875
66,65.74670238095237
61,60.96517045454545
26,25.999807692307694
23,23.344333333333335
6,6.0
15,15.29865476190476
30,29.85
96,95.28
152,150.99375
251,250.0275
319,318.69166666666666
402,396.66
418,416.905
351,352.1878571428571
376,380.155
361,362.655
383,381.9
328,325.07166666666666
287,286.74
219,218.4775
229,227.38
171,171.115
135,134.45042857142857
103,103.88
79,78.79
45,44.51888888888889
18,18.436
6,6.0
7,7.0
16,15.96865476190476
31,31.031468864468867
94,93.52464285714287
128,127.835
269,269.7079166666667
321,322.14185897435897
366,362.735
350,351.5374821428572
327,325.8766506410256
311,311.09212881562877
309,308.61773989898984
304,304.16065259740253
249,249.08738095238095
225,225.28415979853477
237,237.01055212842715
149,149.3085853174603
106,106.32566966089468
48,47.787857142857135
29,29.165000000000006
17,16.886666666666667
12,11.99
4,4.0
3,3.0
26,26.005416666666665
109,108.95728409090908
235,235.36622207367782
406,406.95080555555563
175,175.07802498890004
109,109.57925000000002
106,106.04374801587302
162,161.73492134581105
147,146.83314374514376
140,139.89635101010103
175,175.03222601010103
249,248.8026170634921
495,495.72915000000006
417,416.4053017399267
285,284.94562189199684
251,250.81643253968258
210,209.56245202020204
159,158.97578625541124
61,61.01165873015872
34,34.1375
17,16.929583333333333
3,3.0
6,6.0
4,4.0
21,21.001500129399584
128,127.59630197157912
284,283.86962458293345
454,453.7233571428572
207,206.68910704736442
115,115.06383333333333
112,112.19700618825618
169,169.1750615079365
154,153.9720227272727
145,145.27544871794873
152,151.99764150924008
266,266.53308892327715
486,485.1654954481794
309,308.2653889582639
264,263.86985551948055
256,256.2408293650793
190,189.7317505535652
129,128.4569299658675
69,69.24874722581342
42,42.043381419234365
15,15.005
6,6.0
4,4.0
3,3.0
31,30.99121212121212
113,113.03149827052033
304,302.7342405788655
467,466.72858099906625
225,224.5181811550378
139,138.83188772175535
165,164.87523278804525
232,231.19838095238092
203,203.1069649688043
185,185.12475297619048
188,187.86716071428572
318,317.9065793650793
572,572.5974943667444
525,524.5653234126984
379,378.6680595238096
337,336.5763866395043
248,247.5328027265133
155,154.9175422077922
112,112.18229834054836
68,68.02119427244583
22,22.102666666666664
12,12.0
5,5.0
6,6.0
28,28.050142857142855
106,105.9099678932179
277,276.56230339105343
502,502.7678333333334
230,229.68164718614716
161,160.93236418483474
192,191.209923711909
259,258.81354437229436
248,248.0272586580087
240,240.23085997336
212,211.84338888888888
349,347.6647252567693
558,560.1687961309525
564,564.8329627976193
391,390.877971001221
293,292.28068207813425
247,246.3300863095238
171,171.00070504495505
171,171.33064275634496
93,92.92457112332112
94,93.91618551587302
59,59.155833333333334
18,17.79875
15,15.021858974358972
8,8.0
28,28.014375
87,86.65053968253967
125,125.1655892857143
224,223.5066803751804
317,317.6346547619048
369,368.1939835164835
420,422.07
456,455.61176388888885
451,450.3891369047619
404,404.32800000000003
440,441.09666666666664
344,343.895
341,340.9776932234432
285,284.46928138528136
239,240.1386666666667
185,184.8543111263736
190,189.73159722222218
150,149.96683820346323
113,113.02424314982402
96,95.76892857142857
64,64.18773137973139
47,46.425
12,12.0
6,6.0
21,21.06583333333333
27,26.91951587301587
98,97.85501388888888
164,164.2935200289906
251,251.04000000000005
335,334.7384687534688
335,334.9051354201354
367,367.965
385,385.9234123376624
417,417.19
398,397.7616753246753
390,387.7091587301587
363,362.6924265873016
357,356.4845238095238
279,278.5154049422799
165,165.04210604673105
130,129.9305
86,85.55351713564214
29,29.042654761904764
14,14.105
8,8.0
5,5.0
8,8.0
31,31.045714285714283
112,112.1195342157842
299,299.00754722755454
438,437.0279404761905
188,188.02570073381975
95,95.16870238095237
111,110.85886904761905
153,153.02695993387104
180,179.73266616716626
145,144.7947773754024
165,164.91503030303028
267,266.87453967143256
579,577.9674090909091
556,555.4878674242424
407,406.9332083333333
336,335.71225295496987
189,188.90349721662437
173,172.93106874416432
60,59.975986842105264
20,19.93
4,4.0
5,5.0
2,2.0
5,5.0
32,32.01032043343653
126,125.74276864801867
334,333.5369396506271
477,477.0744886363636
217,216.8015173992674
123,123.014
151,151.07041598760716
183,182.493492063492
196,196.18798809523807
146,146.1650134032634
183,183.28733017676768
308,308.1556895881896
539,538.8812946428571
551,550.748556998557
424,423.8091726190476
346,346.2607382478632
218,218.15971785853043
153,152.7978937084298
90,89.92364302690774
41,40.984638888888895
23,22.99023287385129
7,7.0
3,2.98
6,6.0
21,21.0
116,116.26599538082688
353,353.79330191738086
481,481.2281726190477
202,202.24760498013026
90,89.89375
134,134.0577418831169
149,148.9764166666667
136,136.067374216792
155,154.79888822043972
128,128.08325213675215
233,232.74543742368743
506,504.5793821428571
459,457.90591666666666
384,383.4725178571428
280,279.64065127233874
202,202.25775525857992
176,175.7842575414781
116,115.96716156066155
47,46.852380952380955
16,16.0
6,6.0
2,2.0
6,6.0
20,20.0
118,118.00775704971358
314,314.4773530020704
432,432.2648333333333
168,167.99591125541122
94,93.78123890692639
118,117.995
140,140.16204401154403
136,136.06949999999998
118,118.17340842490842
104,104.07499691974692
200,200.24983802308802
409,408.59724007936506
466,465.23809523809524
326,325.6045513114336
254,253.86539087301585
171,171.14331370467772
153,153.05637033799533
97,96.85812698412697
69,68.96152622377623
23,23.056113095238093
13,13.0125
6,6.0
4,4.0
28,28.0
104,104.04424801587304
267,267.3318292711125
452,451.9914051226551
213,212.72304545454543
111,111.13063461538462
153,153.0180275974026
207,207.08384577922075
189,189.28857242063492
165,164.63340407509156
212,212.0357996031746
285,285.50925227688975
517,516.672763888889
463,462.5344533730159
306,305.8191628717261
250,249.54444940476188
218,217.64366918130887
185,184.81745544733047
146,146.05744017094017
117,116.97583333333334
77,77.16739484126984
60,59.93740259740259
28,27.9625
13,13.0
16,15.988275641025641
40,39.97020833333333
68,68.04953571428572
143,142.6685123626374
230,229.7656540404041
264,264.5076091269841
325,325.56525
347,347.05487426900584
387,386.99489635854343
380,379.1420178571428
374,373.9067892156863
394,393.43166666666673
337,335.675
286,289.485
264,263.62353174603174
275,274.62932596651723
220,220.4479761904762
190,190.2114360884214
131,131.04887545787545
119,119.09995775058276
93,93.04172862554114
66,65.74073684210526
28,27.937738095238092
14,13.965678733031673
10,10.02285588972431
14,14.015277777777778
34,33.92
92,92.23886904761903
182,181.90379761904762
311,311.0910952380953
367,367.0281066760038
420,420.06933333333336
373,372.44466071428576
315,315.11840178571424
360,360.48583209437624
350,349.8473756937507
252,251.5396666666667
256,256.05099386724385
223,223.31125
206,205.0872291666667
140,140.1086332972583
128,128.21550048562548
107,107.06116071428572
28,28.01375
16,16.057226190476193
10,10.0
7,7.0
4,4.0
29,28.96443181818182
105,105.0479240424608
328,327.8533181540681
476,476.46178030303025
224,224.2132913961039
118,117.00266666666667
159,159.37289392551892
196,196.0535606219867
227,226.76866071428577
200,199.74827083333332
185,184.7810267857143
326,325.7345178571428
601,602.0087500000002
586,586.2806770833333
423,422.8392142857143
331,331.0603121184371
218,217.74924107142854
134,134.10543214497488
89,89.04203950216449
31,31.15557142857143
13,12.999705882352941
10,10.0
2,2.0
3,3.0
26,26.007567358715093
113,113.02125851313718
365,364.52700901875903
486,485.8003041125541
193,193.03875
130,129.68352805527806
143,142.59409523809524
169,168.80742162698414
209,209.01451272502007
159,159.06917316017316
178,178.22408937935987
330,330.44188472348515
569,568.8183381167444
538,537.9765843253969
386,385.7475
297,297.37372217325156
243,243.03780888555883
188,187.82829158891877
110,109.94375414862914
52,52.05349242424242
14,14.0
9,9.0
1,1.0
4,4.0
21,21.0
121,120.94313636363637
370,370.10562265512266
498,498.34869047619054
207,206.75978644272396
135,135.09504166666665
164,163.6571655844156
211,210.8204174869248
189,188.60263888888886
178,178.02377780552783
164,164.30624038461536
312,311.9678633037714
638,635.6108333333333
607,607.3811011904762
416,415.6615158730159
330,329.9871478702112
257,257.0610721500722
175,174.679795396468
107,106.77146367521367
47,47.03310416666666
17,16.998
5,5.0
4,4.0
6,6.0
25,25.144378787878786
112,112.1050305576776
188,187.6958540903541
388,386.93834711611925
261,261.09175009018765
121,121.01890780077655
150,149.941126984127
206,206.04450054112553
151,150.98853159340658
153,152.90192340813135
159,158.59074242424242
294,294.1202706709141
272,271.960599415672
325,325.1231369047619
327,326.751438084383
201,201.14004013347758
188,188.25051920603556
151,150.90763683701175
16,16.0
24,23.9815625
23,22.996802318295735
13,12.999705882352941
6,6.0
6,6.0
13,13.0
97,97.23637121212123
250,250.53642099240633
454,453.71440909090916
224,223.39680556412543
170,169.6103900474526
181,181.2222303888921
243,243.19026111919123
204,203.92798050642162
215,214.88113095238094
243,242.30543874181373
355,355.0312301587302
552,552.542562881563
450,449.23039393939405
328,328.24109813384945
232,231.81676190476188
208,208.00492032967028
175,175.0398173076923
178,178.12646825396823
104,104.12700992063496
95,94.99497315878567
53,52.96409090909091
20,20.0
5,5.0
7,7.0
27,27.1922380952381
57,57.049910714285716
131,131.3526645021645
218,217.84806331168832
244,244.00180555555553
404,404.17926064213566
420,420.0783333333334
327,327.1070833333333
334,332.53
367,368.021875
468,466.9975
449,448.55
381,381.3724503968255
326,325.46764484126993
188,187.76232194888445
183,183.05970795177046
161,160.489
150,150.052125
89,88.99904616543587
76,75.64275
72,71.66222181372548
30,29.915
17,17.065
19,19.09542857142857
33,32.95791300366301
71,69.76
84,84.1894393939394
169,168.66713293650793
244,243.58138888888888
377,376.4243293650793
396,395.71875
363,363.65175000000005
317,316.69033333333334
362,361.7182417582418
378,377.9264464285715
397,396.3023095238095
296,296.3153075396825
311,310.9112023809523
232,231.60166666666663
167,166.85526495726504
152,152.1200138831756
92,91.99202014652015
26,25.953545454545452
12,12.135
2,2.13
1,1.0
3,3.0
3,3.0
26,26.005
46,46.149865824534935
221,220.85701716339224
219,218.7097711608567
91,90.8515
94,93.88120238095236
162,162.10790745692216
179,179.01480765068266
175,174.61646969696966
205,205.01039204545452
299,298.7179638759933
565,565.9099041756855
538,537.9383363095238
431,430.7220100732601
316,316.1846201159952
206,205.95947683444007
130,130.16725747863245
60,59.91748214285713
33,32.91020467032967
14,14.0
6,6.0
2,2.0
9,9.0
25,24.967342999740726
115,114.69087405037776
309,308.3445493487993
401,401.00670112781955
275,274.2298264468814
161,161.1538473193473
171,170.9221147186147
189,189.069643543956
207,206.7060185933347
152,151.75690476190476
170,169.93246785159283
335,335.0676684704184
572,570.3972528409091
536,534.6368968253969
425,423.71669841269846
326,326.0766634199134
229,228.69000198412695
109,109.12589484126984
64,63.932502677877686
33,33.39071428571428
21,21.01936679606625
7,7.0
7,7.0
11,11.0
23,23.04364583333333
122,121.89420772283275
311,311.00697527472533
423,423.2936694359562
219,218.97482653603703
135,134.97182142857145
145,144.92846794871792
188,187.97618849206344
147,147.063977994228
145,145.1475083943834
146,146.28309523809526
258,258.23042857142855
529,528.8158961038961
513,513.2193893467643
342,341.9695407329598
282,281.8948005952381
247,247.43327314498373
148,148.01372817460316
105,105.03252350427353
49,49.15788461538461
31,31.003926767676766
4,4.0
5,5.0
7,7.0
24,23.99833333333333
100,99.88970238095237
327,327.40886180486183
432,431.80098214285715
227,227.22477272727272
127,126.93041666666666
136,135.70898214285714
160,159.995
186,185.96775396825396
149,148.25646764346766
189,189.10113124375627
275,274.9913658724317
569,569.4897190691254
540,540.063539072039
400,399.6968432539683
352,350.80420238095235
234,234.15437103174602
162,161.834316017316
105,104.98769774669773
63,63.03964802324439
28,27.957321428571433
14,14.015
5,5.0
9,9.0
20,20.11479464285714
91,90.85223569853349
268,268.45006743638083
466,466.2571008403361
231,230.90449829337328
145,144.87003546453548
203,202.6463229617605
201,200.90684243534244
221,221.30155906593401
229,229.4645833333333
216,215.31564554889553
327,326.8705769230769
557,555.6581458263958
452,452.4268095238095
385,385.11125
288,288.9551416092078
233,232.9218956696898
167,166.97671737290483
172,171.83116224747474
116,115.94448479298477
95,94.8126488095238
59,59.04738461538463
39,39.29
11,11.189347826086955
14,13.98640522875817
29,28.885
42,42.038000000000004
112,111.83331349206348
186,185.63130059523806
302,301.8747242063492
331,330.4916996336996
392,391.120875
371,369.6064166666667
383,383.4799786096256
392,390.88990826330536
410,409.51933333333335
399,400.1775833333333
307,306.0001479076479
375,375.68055140692644
269,269.02503571428565
202,201.43118750000002
187,186.6783167596293
179,178.98726057276062
115,115.28804960317463
90,89.90922212836183
87,87.10826190476192
34,33.843333333333334
11,11.0
12,12.0
20,20.113837662337662
51,50.485
107,106.74275144300141
206,205.85577777777777
332,331.0420833333334
346,346.3485515873017
443,442.9399404761905
442,440.88541666666674
443,441.71375
403,402.48078571428573
455,453.37864285714284
421,420.93933333333337
382,382.1641726190476
317,316.39806033549786
213,212.5842083333333
183,182.78772270845096
114,114.03243327505825
78,78.12033683473389
32,31.9625
15,15.021608974358976
6,6.0
2,2.0
9,9.0
22,22.0
94,93.98559920634922
261,261.3174170274171
447,446.84146464646466
187,186.86608730158733
150,149.63444841269842
150,149.66004166666667
170,170.10858960483958
164,163.96294695908665
158,157.55791666666667
202,200.88218614718616
275,275.2825564517181
604,601.0337121212121
591,591.1587835497836
396,396.17244139194145
305,304.3980526278034
242,241.93708333333333
145,145.28082951770452
81,80.94058088235293
30,30.025454545454544
13,13.029444444444444
11,11.0
2,2.0
8,8.0
21,21.0
124,123.94440508103008
347,346.81070940170946
456,455.9229087301587
246,246.18105149017651
157,156.8944236111111
167,167.22697673160167
202,201.94366666666667
189,188.91604971719104
160,159.98403463203462
166,165.56898817848815
261,260.9293333333333
579,577.93009375
504,504.02477976190477
299,298.30225512396106
296,295.20532868520377
195,194.89675413680524
134,134.04734523809523
81,80.56423015873015
36,35.94555555555556
28,28.144583333333333
16,16.09875
5,5.0
5,5.0
22,21.984994908012787
116,116.1386104046919
336,335.7039126984127
540,538.98725
221,220.55040598739495
126,125.851875
170,170.1036742424242
243,242.67211904761905
231,230.86978571428568
188,187.9951983578016
189,188.64055555555558
328,327.8191254456327
570,569.9587190691253
588,589.063859623016
401,400.1539572649573
333,333.64089364801856
221,221.56599134199132
183,182.8273095238095
129,129.03876434676437
54,53.908500000000004
32,31.8148021978022
8,8.0
9,9.0
6,6.0
25,24.995
123,122.99377387889885
320,319.58084441946943
555,554.9302261904762
260,259.58819047619045
132,131.7009188034188
169,168.64511922799423
233,232.75604502033914
232,232.4821967893217
163,163.01482738095237
240,239.78211958874462
323,322.62379166666665
594,592.3006666666666
586,589.131451923077
455,454.49183008658014
340,339.0894234890926
323,322.2980930111555
207,206.93722023809525
126,125.86004703629706
68,68.1243814935065
31,30.555
13,13.0040625
11,10.95140350877193
6,6.0
30,30.00283333333333
108,108.03630988455988
243,243.27907313519813
492,491.9734032356531
260,260.3646643495394
170,169.45195175438596
214,214.4808598346098
263,263.20513365800866
292,292.57228084415584
303,303.0396170634921
381,381.2735416666667
427,426.7222142857143
461,461.39734874847375
422,421.3285457875458
318,317.55071356421354
269,269.0664672619048
218,218.05815277777776
222,222.39514423076923
140,140.0462012987013
115,115.06061904761904
78,77.84483951914099
52,51.979098559120615
26,25.9625
11,11.0
14,14.0
32,32.067135531135534
45,45.159783549783555
132,132.58475
179,179.27656782106783
271,270.32099999999997
357,357.89349038461535
374,373.73061064425775
404,404.403
392,392.86
331,333.45
398,394.2
349,349.7978571428571
383,380.165
305,306.97900000000004
284,286.1
232,233.205
201,201.81764141414143
154,153.7875
144,143.82650706238206
78,78.13992063492064
69,68.79652272727273
33,32.90821428571429
5,5.015
1,1.0
3,3.0
25,24.96167633307406
92,91.455
181,180.83053571428573
264,262.11
390,389.755
404,401.87
421,416.5
375,387.265
376,373.24
414,411.7125
358,357.5271666666667
181,180.94296365914786
183,181.02
176,176.19
167,166.8929761904762
162,162.9675
147,147.6220833333333
140,141.33290476190479
119,119.1925
63,64.55
26,25.805999999999997
12,12.165
4,4.0
16,15.992263736263736
36,35.830714285714286
86,86.58
238,242.01
280,287.395
349,349.45452380952383
447,449.395
423,420.85
408,411.93
408,407.61
452,451.995
436,428.925
418,415.38
375,373.8246666666666
386,383.30333333333334
457,456.5222638888888
326,326.31925
138,137.87413553113555
55,54.505
39,39.04166666666667
13,12.965
8,8.0
5,5.0
20,20.0
94,94.14891893503811
270,269.72324933117693
432,431.87898202614383
227,226.76332062382062
139,139.5703896103896
172,171.4345416666667
201,200.48637355699856
203,202.82952380952386
178,177.9640222810815
162,162.01811833346395
281,281.26155230880227
545,545.2686446886446
496,496.2073345238097
368,367.93392857142857
284,283.47695670995677
245,245.2218333333333
155,154.89727867965368
73,72.9575
37,36.61555555555556
15,15.00475
5,5.0
6,6.0
6,6.0
35,35.02
121,121.07120634920635
312,311.82886813186815
428,427.6972727272728
189,189.0411957195104
43,42.95408531746032
127,127.14558333333335
152,152.02077308230983
140,139.916373015873
163,162.97740025987082
185,184.71303724747474
275,275.0950304023463
596,595.5319047619047
563,564.1591305465369
394,393.0421228354979
312,311.3744284188034
241,241.11268735431236
186,186.064846332786
98,97.75162499999999
35,35.04175
16,16.0
8,8.0
4,4.0
4,4.0
32,32.00798710010321
118,117.80397631535133
292,292.60466623817365
443,443.25416666666666
179,178.68601338938842
101,101.0431111111111
142,142.1167846091817
171,170.89094883711059
155,154.9909025974026
160,159.82404184704183
166,166.1638243145743
265,265.725852994228
569,569.0123237318238
562,561.6777723214286
365,364.24875
285,284.44325144300143
209,208.86063971322793
182,182.03850396825396
129,128.9031589105339
47,47.07536594202898
34,34.04571428571428
22,21.888333333333332
6,6.0
11,11.114347826086956
27,27.0
102,101.85963621794873
332,332.01000684038183
457,457.1344861111112
241,240.37011021413227
138,138.004683356676
165,164.92955357142856
213,212.73658730158732
229,229.14508337495838
216,215.9983014069264
141,140.95579233266733
132,132.1784642857143
167,167.14682529009949
316,315.84329780726523
270,270.07304706172937
250,249.64574623987127
204,203.7884739227276
169,168.9085769230769
151,151.0234324229692
121,121.09674999999999
53,52.96930555555556
55,55.12152976190477
30,30.06055555555556
6,6.0
15,15.023275641025641
38,38.125
71,70.60809343434343
182,180.89108775727198
247,246.93006707875458
264,264.1359464285714
290,289.347016025641
366,365.9462393023643
416,414.8933333333334
373,373.73333333333335
402,401.47228571428576
416,415.245
401,401.4
378,377.73611822001527
306,306.7124166666667
314,314.41834905372406
238,237.62374999999997
214,214.04892732267734
140,139.93581403318902
154,153.8622157130487
113,113.27032226107224
96,95.83612554112555
25,25.014705882352942
5,5.0
17,17.05
25,25.022833333333335
65,65.29050000000001
92,92.17153571428571
169,169.50599999999997
268,268.72020634920636
287,286.4407905982906
377,377.6661225490196
367,366.87209722222224
349,348.1889398656898
361,362.0308128636071
372,372.4593560655031
363,362.77289619694034
363,362.85769381598794
303,303.4461785714286
268,267.3944722222222
227,226.61064192057935
143,142.64803571428573
72,72.175
35,35.1075
10,10.108119047619049
12,12.155
10,10.0
4,4.0
26,25.974615384615387
121,121.05014223301097
317,316.8244200799201
420,419.0496066653936
208,207.94231006493504
117,117.58
128,127.72625
148,148.24656944444445
141,141.1222813852814
134,133.93554670329672
146,146.28854166666667
239,238.8538621223548
514,515.2937738095238
472,471.3415
373,373.45507936507937
236,236.2637652625153
130,129.75887454212454
90,90.08250974025975
55,54.69629502442004
22,22.026224937343358
14,14.004444444444443
9,9.0
8,8.0
6,6.0
25,25.005
115,115.23184938672438
330,330.07344642857146
417,416.65673214285715
176,176.0589795567994
123,123.039
125,124.92916666666666
163,163.15156835158302
136,136.0484621212121
124,124.10741544566542
148,147.81782430069933
202,201.69556664862918
428,427.949501984127
511,510.64383333333336
337,336.96651207126206
308,307.2724497584506
258,258.01811904761905
194,193.3280625
79,78.86327837195483
46,45.9784375
12,12.0
5,5.0
4,4.0
5,5.0
26,26.004664428312157
121,121.15786292898167
313,313.05690585199824
449,448.81822222222223
186,185.9633410894661
113,112.91550992063492
165,164.63307648642206
174,173.75507954545458
158,158.26246212121214
116,115.77358585858585
46,45.901326694139186
141,140.82042261904763
488,488.3906301587302
463,462.52567857142856
419,418.38691666666665
342,341.3709972347913
250,249.84858333333332
184,183.6088060417843
116,115.87034722222222
46,46.12486271367521
25,25.0
10,10.0
6,6.0
6,6.0
28,27.996750000000002
130,129.9896503831418
334,333.8016430999555
486,485.7756553030303
224,224.00430376037363
127,127.03670021645021
148,148.25802439309058
223,223.48018055555556
177,176.94952714932123
178,177.99112871850372
180,180.00654411968745
274,272.9304942630802
595,594.4420714285715
578,579.3077916666666
400,400.14692460317457
348,347.6082694805194
261,261.0174168747919
176,175.8479879148629
124,124.15496751859247
80,79.51683333333334
20,20.07340909090909
38,37.842333333333336
7,7.0
10,10.0
23,22.979666666666667
120,120.12755079642582
274,273.30395725108224
564,563.4346666666668
207,207.09252246527979
166,166.09445634920633
210,210.0869166666667
238,237.65134223069668
247,247.45848191391943
265,264.74610515873013
237,235.80681204906202
361,359.9687023809524
587,585.616875
496,493.01124458874455
394,394.3668463203464
343,343.607619047619
261,260.5942811983768
223,222.61808134920636
167,167.0865130078255
110,109.925
75,75.27555555555556
58,58.12943344155845
26,26.080115384615382
16,15.705
10,9.999833333333333
37,37.059
52,52.196000000000005
127,126.76291666666668
222,221.94053174603175
322,322.16114285714286
396,395.11266666666666
463,462.20860714285715
497,497.7336778149387
433,432.411
428,430.105
425,425.04
475,477.14322414361
428,427.395
406,407.11
296,295.5463461538462
252,251.37746428571435
201,201.43748214285716
168,167.70829166666667
125,124.89910989010988
102,102.0494143772894
94,93.926316017316
47,47.4
10,9.998833333333334
12,12.0
21,21.05083333333333
50,50.51833333333333
118,118.2575
184,183.2621184210526
304,304.6956785714286
391,390.6708333333333
420,420.39933333333335
472,470.755
430,430.2683333333334
324,324.2115
317,317.1671666666667
369,369.3621880252101
390,388.8145238095238
379,378.79678066378057
262,262.65000000000003
207,206.71127813852814
181,180.98794444444445
93,92.637
51,50.88
25,24.98125
10,10.0
7,6.995
4,4.0
17,17.0
105,104.94017460317464
277,276.8779247002997
347,346.3505050505051
203,202.76360158646514
130,129.27078571428572
141,140.96308910533912
165,164.98839306159525
152,151.94011351326654
138,137.87403070377334
164,164.40824295149295
265,265.019373015873
545,546.3374292929294
558,555.6518038350539
398,398.0528095238096
323,322.4345119047619
202,202.25363582251077
140,139.98090476190478
91,90.25
51,50.6725
13,13.206666666666665
13,13.32
3,2.99
5,5.0
19,19.0
134,134.24962644300143
315,314.82051189088696
412,411.06623049173044
199,198.83570977633474
141,141.1975845714743
127,126.62691651404151
153,152.64835546889157
172,171.90574558080806
152,152.1109704276968
158,157.83210795454548
277,277.04590967121123
513,513.3302226800977
530,530.0663333333333
388,387.5288968253967
277,276.62515945165944
241,241.01990100014362
156,156.00428571428571
92,92.21916116522368
40,40.09458333333333
11,11.0
9,9.0
6,6.0
4,4.0
23,22.978965016708436
116,115.7945476190476
303,303.3691125541126
438,436.90857142857146
209,208.93021374458874
110,110.36674404761906
142,141.8277167970918
149,149.20904852092355
120,120.12969552463734
127,126.97916666666666
138,137.84740705128206
234,234.0502617092874
455,455.67819444444444
497,496.9494000000001
382,381.35900000000004
309,308.8619271144817
242,242.1550215756466
169,169.06415988178486
99,98.93965674603174
42,41.72788888888889
21,20.975
6,6.0
6,6.0
4,4.0
18,18.01
117,116.85424783549784
274,273.47896335638995
381,381.17391883116886
200,200.42530765652475
78,77.93166666666666
106,106.42239374236873
135,135.112229978355
102,102.06017857142857
147,146.70031976356975
133,133.19796336996336
210,209.6153890692641
414,414.81083333333333
382,382.5224573883719
284,283.95669597069593
237,236.42136607142857
225,224.5501964285714
149,148.82404166666666
113,112.81669444444445
60,59.895601190476185
24,23.955
14,14.0
7,7.0
13,12.935
19,18.98
96,95.9191845238095
252,252.38171031746026
322,321.5579585830836
208,207.9739423648247
115,114.92779166666668
109,109.11575
115,114.79101966089465
123,122.82486141636141
101,101.04383333333334
133,133.27625
182,182.1689761904762
306,307.1614021746411
284,283.9967569444445
250,249.98651082251084
212,212.0206170634921
190,189.93817195304695
149,148.97455555555555
103,103.18699999999998
101,101.2775
70,69.77031308356676
61,61.0761111111111
22,22.012051282051278
9,9.0
7,7.0
25,24.905160427807488
45,45.029447240259735
109,109.11455555555554
132,132.0988166000666
198,198.05895833333335
216,215.93410515873018
235,234.9993196248196
245,245.10110014985014
236,236.47916666666669
215,215.17666666666665
221,221.19994642857142
197,197.08790476190472
196,195.78516666666667
217,216.6225
145,144.64333354145856
154,153.67426183579494
125,125.169
104,104.28392063492062
119,117.80104166666668
96,95.67511363636363
60,60.085996212121216
37,36.55571428571429
6,6.0
8,7.755
22,21.809333333333335
35,35.058416666666666
104,104.05187301587301
154,153.83082087177885
226,226.1399722985347
243,242.43849999999998
246,246.57919719169718
252,252.06051190476194
283,282.62186400405153
238,237.98833784271287
249,249.01879437229437
249,249.4518333333333
243,242.98805555555555
240,239.73861111111114
195,194.9895873015873
153,153.08466988387787
98,98.15201388888889
50,49.985
34,33.575
12,12.0
6,6.0
4,4.0
6,6.0
24,24.00333333333333
107,106.86328968253969
277,276.66291496004
387,386.925164044289
135,135.06491237271496
84,84.26623412698413
107,106.81717362914864
67,66.98219444444445
78,78.0600892857143
90,90.01
112,112.26216991341991
198,197.62073806830423
485,484.40619047619055
533,534.2196041666667
386,384.99287499999997
302,302.3084042565622
194,194.06161111111112
125,125.38737896825398
87,87.35923881673881
28,27.96916666666667
12,12.01
7,7.0
4,4.0
6,6.0
27,26.995
110,109.84773301406196
318,317.96111399711407
424,424.09498401027076
187,187.11932662325597
138,138.07769902319905
151,150.87044780219782
147,147.08092460317457
182,182.09243599456096
147,146.62712673437676
163,162.94678986291487
254,253.77017261904766
537,538.4965638805639
546,545.222763888889
398,398.24443650793654
290,289.56792622793876
267,267.277563332909
158,157.88906547619047
89,89.02079364018333
45,45.05638888888889
10,10.0
6,6.0
4,4.0
4,4.0
18,17.995
123,122.95103151015648
347,347.1183513431014
433,433.00680555555556
216,215.88614835164836
114,114.14770833333334
136,135.8901666666667
169,168.87178156565656
180,180.1028511904762
127,127.37975824175824
140,140.0473994755245
268,268.2749624669779
572,571.1740524024586
541,541.6439898989898
375,375.74100000000004
294,294.5126925851926
245,245.17173929379445
180,179.77510961260958
109,109.06416928210676
45,45.039722222222224
29,28.95672222222222
7,7.0
5,5.0
6,6.0
27,26.959339080459767
116,116.13275595238096
305,305.21815422077924
456,455.8774623015873
210,210.27273081085588
116,115.93042640692641
154,153.7042200118545
186,185.8872261904762
152,152.11777628418739
138,138.07735154061623
146,146.0172052968961
256,255.80822023809523
468,466.97944444444437
483,482.90682084500475
322,321.10985164835165
270,270.31528255306836
196,196.2184
174,174.2026294138868
123,123.24514789377288
57,57.041160714285716
34,33.83
13,13.001666666666667
11,11.0
6,6.0
27,27.0251
90,89.97114069264069
254,253.1580713175713
384,384.6323835331335
179,178.7315964052288
106,105.72
161,160.94186760461758
135,134.81555952380955
156,155.92562463924963
148,148.10264484126984
169,169.06084176934178
233,232.82176388888888
421,422.02279761904754
362,362.25354166666665
241,241.62601532495285
206,205.93894047619048
163,162.95741666666666
174,173.75145421245418
116,115.6556388888889
133,133.8782142857143
90,90.01487823287822
42,42.06439332399626
43,43.105
10,9.999833333333333
13,13.0
24,24.180454545454545
42,42.0029375
114,113.7862103174603
174,173.99764260739263
261,260.71417641427195
317,316.8222023809524
341,340.17101857864355
308,307.68016666666665
305,304.64908044733045
302,301.8880555555556
302,300.8665952380953
302,302.39480555555554
299,299.3334623015873
256,257.30422619047613
206,205.44494444444445
205,204.3428993506494
209,208.67537499999997
177,175.57765873015873
113,112.93708531746033
79,79.12305236430238
67,67.11425054112554
50,50.1375
13,12.998333333333333
8,8.005
13,13.025
45,44.976388888888884
142,141.88393445443447
183,182.68004599567098
254,253.76755952380955
275,273.8054166666667
338,336.7525
294,294.00666666666666
326,326.11583333333334
293,293.02984615384617
306,306.1059303751804
320,319.4350357142857
304,303.6975793650794
274,273.6034256184992
275,274.7821955266955
164,164.23916666666668
96,95.88375
70,70.07991654179155
29,29.03222222222222
17,17.04875
11,11.0
4,4.0
4,4.0
26,26.005
100,99.86125855761885
282,282.0035806277056
382,382.15549733453685
166,166.04189015151513
97,96.83526190476192
119,119.975
168,167.51932738095238
150,150.1625747863248
123,122.929
129,128.61214285714286
231,230.7818035714286
514,513.9389726800977
543,542.8149861111111
413,412.92415079365077
305,305.26887301587294
220,220.04040819597066
137,136.65201112155387
96,96.16414285714285
29,28.969583333333336
12,12.0
8,8.0
5,5.0
10,10.0
21,20.984901656314698
117,116.92678482749136
335,335.09865079365073
435,434.21194444444444
213,213.19340476190467
140,140.25158993783992
128,127.82395454545457
157,156.93649305555556
203,202.95521428571428
159,158.878091991342
168,167.75304058441557
274,274.7208576421
556,556.5113257575757
556,556.0538257575757
454,452.5891967893218
288,287.8532722222222
254,254.43450595238093
191,191.041001984127
132,132.3211318958819
43,42.89349404761904
16,16.135416666666664
11,11.0
4,4.0
7,7.0
24,23.995
110,110.0366056998557
271,271.1320488816738
437,436.20224603174603
195,194.52979166666665
68,67.99955003330003
122,122.2479107004107
161,161.00499503968254
144,143.67859294871795
147,147.5365238095238
118,118.09803751803754
150,150.0507907023532
425,424.208125
492,491.12214327257703
321,321.4009047619048
87,86.97602112511673
88,88.11319246031746
77,77.14162878787879
56,56.03517858560429
17,17.0
17,17.0
7,7.0
3,3.0
7,7.0
20,20.058889751552794
97,97.0333712121212
282,282.23710374274845
398,397.9487837301587
187,187.10109448039887
113,112.82489128926629
149,148.71406913919415
205,204.71993452380948
205,205.1900362554113
167,166.726053030303
165,164.70616522366518
290,289.8165590659341
555,554.631658993784
523,522.4775595238094
366,365.77971820175435
286,285.9103945720947
211,210.93141666666668
174,174.19690530303032
132,131.93072069597068
54,54.05267387218045
19,18.980875
19,19.130333333333333
6,6.0
7,7.0
16,16.0
101,100.96211772133098
270,270.2254842651026
454,454.730623015873
226,226.0791509740259
163,163.0576562122518
147,146.5525654761905
216,215.63906787802836
204,204.05503030303032
245,244.38723038073033
210,210.07164285714282
330,329.82597619047624
550,550.5722263014763
466,467.1360267857142
372,371.58854166666674
291,291.15279872292734
173,172.71381746031744
188,188.26240746753246
139,138.99024038461542
133,132.88415967365967
67,66.94885836385838
53,53.08975
42,41.6525
10,10.025522556390978
6,6.0
27,26.991666666666664
63,62.89290598290599
121,120.784125
215,215.33842658730157
290,288.76468648018647
349,349.5452403846154
382,381.86237878787875
441,441.32833333333326
380,379.95
362,362.5170467171717
343,340.2191666666667
149,148.79902380952382
211,210.5008611111111
171,170.4480694444444
137,136.87
114,114.15095238095239
120,120.25448993488396
108,107.77352554112552
80,79.8551106442577
73,72.89450757575757
66,66.094375
32,32.12204761904762
6,6.0
5,5.0
13,12.995
39,38.943333333333335
89,89.15416872860254
184,183.46599999999998
266,265.65205555555553
269,269.2416666666667
370,371.12270833333326
324,323.2
322,322.81375
326,325.8406428571429
193,193.0425
194,194.24720238095236
229,229.06279761904764
228,228.0476607142857
183,182.85442929353255
136,136.04583333333332
103,103.06962301587302
55,55.155744047619045
30,29.825
12,12.0
7,7.054736842105264
1,1.0
10,10.0
15,15.0
95,95.04333836996338
267,266.92292891830385
349,348.13369696969704
183,183.03703205128207
124,120.72
179,179.775
182,182.2213394666927
151,150.8401964285714
150,149.84264087301588
126,125.91916666666665
282,281.9601019087123
527,526.1580952380951
529,529.9013841991342
416,416.42759523809525
286,285.8681517273576
186,186.07087411056378
147,147.39733423520923
72,72.1625
35,35.01
14,13.999444444444443
12,12.09
3,3.0
7,7.0
30,30.003333333333334
101,101.0520742509125
343,342.6814088827839
392,391.6799124209124
175,175.21108333333333
144,144.13648748473747
149,148.67237500000002
185,185.25064314851818
175,174.87752564102564
148,148.08893301143303
164,164.24567857142858
285,284.87788627344884
532,533.0413485958485
585,586.2622500000001
371,371.0360307017543
292,292.6152988677989
230,229.7700797258297
155,154.69852074314574
75,75.17
37,37.86
17,16.995416666666664
11,11.0
4,4.0
5,5.0
32,32.00607043343654
119,118.82269177064765
305,305.4662936369186
399,398.56804960317453
180,180.02390873015872
113,112.21839682539681
149,148.4757751831502
240,239.9778295454546
191,191.0572490079365
178,178.02028508771932
194,194.16531547619053
282,282.30880717893217
584,583.6603333333334
559,558.8143556547619
413,411.7175
312,312.0560717476967
209,209.26957936507932
139,138.95657142857144
108,107.7589508755134
46,45.86617261904762
26,25.91
11,11.0
9,9.0
5,5.0
25,25.015
106,105.99348192901867
307,306.29841412753905
390,391.0308499373433
197,196.9608956582633
132,131.8675
187,187.2880740856366
214,213.48879906204903
217,216.75445772854593
142,141.83494871794872
178,177.67568795093797
298,297.9730205350205
582,582.5363333333333
571,571.6175710227272
371,370.1508333333333
288,288.61325082760385
206,205.37858721304616
157,157.09000222146275
127,127.12832738095238
65,64.97545833333334
23,22.976465016708435
15,15.0
9,9.0
5,5.0
26,26.005
76,75.9316848845599
264,263.75000000000006
426,426.22570129870127
205,204.84796843434341
130,129.496
156,155.74309009740261
222,221.16062481962481
253,253.01277254689754
186,186.2458451132201
249,248.85512770562772
334,333.4963412698412
516,515.9941666666666
465,462.81784523809523
385,383.217380952381
287,287.57110714285716
226,226.384375
231,231.23177579365083
151,151.4057738095238
84,83.91797916666667
77,77.16204761904761
74,74.05354545454546
27,27.1459880952381
10,10.040522556390977
18,18.005
22,21.997548945279863
44,44.09395238095238
118,117.895
208,207.9204682539683
260,259.5711428571429
314,313.02878174603177
421,420.61833333333334
153,153.09333333333333
259,260.2858333333333
358,359.64466666666675
281,280.585
269,268.68072222222224
292,290.3475
237,237.09380212842717
183,183.89225
167,166.92531524031526
154,153.1717142857143
120,119.93791636141636
90,89.83324279886781
73,72.90249999999999
62,61.89602777777778
27,27.01
3,3.0
10,10.0
6,6.0
24,23.98519047619048
41,40.795
103,102.8764107142857
183,182.6511184210526
198,197.74020833333336
281,280.5732142857143
377,377.0320961399711
370,369.66776327838824
331,330.8813333333333
292,293.02666666666664
329,328.1566666666667
347,346.87727824952816
259,259.18250808913314
193,192.1785198412698
155,155.542
39,38.993833333333335
27,27.0
25,25.126545454545454
10,10.0
3,3.0
7,7.0
5,5.0
17,17.0
90,90.06655491760561
258,258.11184701409707
355,354.72001264013767
222,221.91306529581524
141,140.5691554834055
153,152.88945490114818
178,177.97561842105264
193,193.04803932178933
151,150.0215138888889
182,181.8640493679026
283,282.5102410342925
530,530.8841170634921
483,483.49462500000004
397,396.37635119047627
285,285.4843383852259
184,183.96258333333333
98,97.92534722222221
88,88.03904761904761
31,31.050992063492064
16,15.989942307692308
4,4.0
6,6.0
5,5.0
30,30.014615384615386
119,119.0648929984489
346,345.54524711399716
441,440.97091666666677
198,197.711477124183
111,110.8967033799534
150,150.17557819656187
162,162.09233784965036
192,191.5549583333334
182,182.71809064327485
159,158.89048809523806
303,303.3203190430402
600,601.4353333333333
570,570.1610757575759
376,376.1089722222223
280,279.9298673687424
215,215.14902299783546
152,152.00988944534996
77,77.07834150326798
24,23.98
14,14.0
6,6.0
5,5.0
5,5.0
28,28.005
105,104.78167839105339
308,308.04988894438895
487,487.1905416666666
209,208.9629028765352
118,117.904375
128,128.01274428349427
189,188.37547840203274
176,176.0829103192559
192,191.80353103514128
159,159.07817640692642
300,300.0092927970722
552,551.8004761904762
556,555.4843521756021
347,347.34183333333334
280,279.70602663308915
230,229.71761309523808
171,171.00951013324914
105,105.08424356199357
56,55.7175
24,23.92625
6,6.0
6,6.0
9,9.0
27,27.01
103,102.84146195144723
308,307.50490061327565
420,419.94626972455654
228,228.02629166666665
129,128.89463095238094
141,140.93311796536796
173,172.80522222222226
187,187.3262639751553
182,181.09023809523808
174,173.87805555555553
245,245.1323912545788
409,407.5824722222222
274,274.3170937061305
141,140.95782971521942
165,164.59433799533798
149,149.14771428571427
135,134.9477419108669
114,113.88955015817514
62,62.01570373763235
20,20.0
8,8.0
3,2.925
8,8.0
17,17.0
93,93.13011437685124
263,263.15576058663567
398,397.8724670008354
218,218.27789696863599
165,165.21755592365153
165,164.93367923742923
222,222.05834866522363
232,231.7462702020202
220,219.9475833333333
222,222.03583333333336
327,327.20918452380954
527,525.6727261904762
425,425.00486904761897
165,165.1536378205128
58,57.92658508158509
107,107.19367292429791
122,122.0126407203907
106,106.1753807099763
128,127.92702532190029
47,46.752830882352946
69,69.25196547978166
51,51.00288293650794
7,7.0
8,8.0
24,24.182954545454546
44,43.875
133,133.14871212121213
190,189.91648863636362
306,305.7516107503607
338,337.99644047619046
409,409.0320681818182
378,378.7378203463203
375,374.6325405844156
390,390.81833333333327
373,374.940487012987
383,382.80619047619047
394,393.3514047619048
291,291.26551282051287
248,247.29131707875456
225,224.68425
223,222.5369484126984
157,156.98285714285714
74,73.85452436452437
86,85.78358333333334
64,64.14323015873016
51,50.62
6,6.0
8,8.0
14,14.015
31,30.94625
92,91.30989772727273
231,230.38677777777775
274,273.83360714285715
313,313.38969826007326
374,373.2675392156862
310,310.06333730158724
235,234.75804112554113
68,67.77270074696547
258,257.69880952380953
270,269.934281337535
311,310.7073903318903
282,282.2485033438784
181,181.05396705622803
138,138.24921092796092
134,133.79245741758243
68,68.09183982683983
40,39.94
21,21.0465
8,8.0
5,5.0
12,12.004705882352942
24,23.995
112,112.20992836820042
281,281.5528268668466
351,351.2736431207681
187,186.86396428571427
121,121.438125
131,130.96983333333333
207,207.10339285714286
205,204.85938794620415
225,223.92611111111108
199,199.06186363636368
320,320.36756150793656
591,590.4140381944445
609,609.4611666666667
416,415.8172063492064
268,268.2234876411761
208,207.8067677738928
153,152.8755710831566
64,63.775
35,34.635
19,18.878666666666668
6,6.0
6,6.0
5,5.0
36,35.90560409199001
114,113.99872598162072
344,343.7322996031746
504,504.3103333333334
225,225.08688627344875
148,147.80235714285715
186,185.8088064574315
237,236.84743606904786
234,233.88822673160175
651,644.09525
601,597.135
444,443.2876190476191
472,470.955
519,518.8275833333333
367,366.84753070175447
260,259.4559496753247
211,211.02176411088908
191,190.7625694444445
80,79.76981186868686
38,38.02666666666667
24,23.969083333333334
6,6.0
1,1.0
7,7.0
27,26.904166666666665
108,108.2081592582254
308,308.0705694999445
468,467.6431904761905
213,212.96300974025974
146,146.00895865245863
185,184.72205952380955
235,235.16164853202346
236,235.78803086679406
204,203.50260606060604
204,204.4739128787879
271,270.6517907452025
567,568.2114690691254
621,618.4894047619048
440,439.4793690476191
334,333.9119740259741
236,235.69906746031742
181,180.82428145016743
70,70.05226388888889
52,52.150212121212114
15,15.0125
5,5.005
4,4.0
7,7.0
26,26.011666666666667
102,102.29887500000001
313,312.79733730158733
484,483.4521244939271
162,162.11743956043955
142,141.75040705128205
151,151.2547738277281
41,40.99020833333334
37,37.069117324561404
113,112.97407990620489
132,132.22011358086357
121,120.6687142857143
312,312.59738521201024
408,408.3207164016539
272,271.99722760128253
225,225.4078858225108
187,187.04532252326217
147,147.15095367826618
84,83.8263125
51,51.002299603174606
23,22.935
20,20.015
11,11.0
8,8.0
26,26.01251305629237
105,105.08585571373071
266,266.6485114775576
404,404.2984528388278
230,229.53185317460313
123,123.03049999999999
214,213.99129405316907
243,243.1709722222222
237,236.44301731601732
219,218.84698597708618
249,248.45299999999995
343,342.6643452380953
489,488.55872163865547
410,408.34017857142857
290,289.36126088535656
222,222.09799999999998
190,190.06680723443225
152,152.1111112963974
136,136.06273929615705
145,145.35761156898658
64,64.14803998778999
77,77.02525420168068
30,30.018888888888892
4,4.0
12,12.0
18,18.01
28,27.99318181818182
76,75.87
156,155.96691666666666
205,205.165104048729
88,88.125
76,75.93975974025975
43,43.18121428571428
23,22.847847222222217
30,30.01371212121212
24,23.525
16,16.0
1,1.0
8,8.0
53,53.266463855588846
142,142.04714419077655
237,237.3121563230371
306,306.2781337481963
431,429.59583333333336
447,448.11666666666673
469,469.8925
491,490.05208333333337
398,397.79633333333334
402,401.6357182539683
387,387.2061666666666
214,213.73797839660338
186,186.04684972666226
98,98.07213293650793
64,64.16600915750917
34,33.88458333333333
20,19.97
13,13.0175
6,6.0
3,3.0
17,17.0
102,101.9706527777778
284,283.9287587682783
404,404.45778021978026
188,188.1078620600414
115,114.47854166666667
138,138.51588354700857
207,207.01774562324937
218,217.96880686552007
182,182.32239258658007
220,219.73507508242525
282,282.1485905760905
591,590.6698581230862
547,547.2086631944444
367,367.0561130952381
277,276.31362191403366
202,202.45855966822262
142,141.80771590909092
75,75.12209722222222
27,26.8675
13,12.997395833333332
10,10.0
4,4.0
6,6.0
28,28.005
119,119.0341672658482
357,357.35798976608186
493,492.48654166666677
218,218.06418948412696
137,136.59055461205463
175,173.56921428571425
237,236.87488683538683
229,228.93309126984133
209,208.85501282051285
196,195.75336695454305
337,337.0701416083915
611,608.270863095238
576,575.3874090909092
465,464.22177525252533
298,297.5886161910341
223,222.5656007326007
143,143.28175
93,93.08286534992787
32,31.86
15,14.995
6,6.0
6,6.0
5,5.0
27,27.014444444444443
111,110.8196983607432
328,327.3529166666668
467,466.8674914081016
244,244.51715195915187
138,137.93577609890107
171,171.02502661676564
260,259.68666666666667
221,220.75927380952385
196,196.64507972582976
172,172.1626388888889
309,308.8002160274366
608,608.1200297619048
565,564.3785320616884
446,444.833
289,288.8901546092797
201,200.7610976731602
157,156.99234722222224
84,83.82027272727274
51,50.535
21,21.00833333333333
25,24.78458333333333
14,13.929447115384614
7,7.0
23,23.005
105,105.18614395326892
342,343.10097222222225
498,497.9893353174603
207,207.09629148629148
138,138.4428134920635
192,192.19677344877346
229,228.4686021825397
219,218.79229521050837
198,197.43288329725826
174,173.965601010101
308,308.16122057109555
628,630.260238095238
531,530.577415945166
443,443.8849927849928
280,279.6041735836627
177,176.77279761904762
179,178.9442418831169
126,126.03096509740259
64,64.09072916666666
32,32.00846825396825
20,20.03840909090909
8,8.0
4,4.0
20,20.0
76,75.80808839333183
259,259.4891962759463
456,456.0315308441558
220,220.0588263888889
140,140.01290476190476
192,192.0249639249639
260,259.80868488455985
279,278.7089938672438
283,282.8960623196248
346,346.3746865079366
381,380.76417261904766
455,453.97212012987006
355,354.40652380952383
287,287.1764536019536
196,195.4892921100228
149,149.34329653679654
147,147.5172777777778
98,97.83217857142856
87,87.29195584970586
74,73.97954545454546
41,41.165
35,35.28
7,6.995
12,12.0
23,22.998429302422718
38,38.29988095238095
89,88.85501300932182
201,200.85342841880342
258,257.26385714285715
194,193.78646825396828
257,256.62164285714283
353,349.465
380,378.53
388,387.55
374,374.895
371,371.3132083333333
339,340.6475
295,295.175
219,217.9275
164,164.57416666666668
162,162.5075
123,123.675
109,109.24972222222223
75,73.555
60,59.797797619047614
43,42.31
4,4.0
6,6.0
3,3.0
30,30.007083333333334
70,69.78333694083695
189,189.1
297,296.37
337,337.01
435,438.635
419,418.115
361,365.04
410,403.471
337,332.11
376,374.135
356,359.98666666666674
328,326.895
229,226.57
207,208.805
155,154.37083333333334
104,102.77
97,96.66428030303032
54,54.085479797979794
39,38.735
16,15.996608974358976
8,8.0
6,6.0
11,11.039347826086955
41,41.391351190476186
101,100.985
152,152.11041666666668
244,243.655
308,307.6356783910533
353,353.25044871794876
389,388.1391547619048
357,356.9008653846155
253,253.305
284,284.05089583333336
114,114.40493055555555
123,122.77183133533134
175,175.1822591991342
82,82.30833333333334
60,59.27
64,64.06015873015873
20,20.062
8,8.0
2,2.0
1,1.0
4,4.0
21,21.0
72,72.04858333333333
172,172.06543903318902
364,364.3485972222223
185,184.64543204018207
106,105.65618620268623
89,88.87652777777777
67,67.13927777777778
29,28.99692807237165
24,23.995
89,89.01886011211009
106,105.93851297313799
291,290.1581126194067
373,372.47586660561666
281,281.80040226367197
163,163.21297744764698
121,120.93519978632483
84,84.1147309120618
58,58.087402597402594
13,13.0
5,5.0
6,6.0
2,2.0
4,4.0
16,16.0
75,75.19730654761905
86,86.1071734329129
328,328.7862380952381
190,190.15093879731384
66,65.68019307081806
10,10.0
22,22.0
11,11.0
25,24.995
58,57.86481168831169
144,143.4305732323232
285,284.63829124960006
237,236.81836074342323
226,226.0888403451124
96,96.0437050100742
38,37.91
29,29.035
24,24.01
14,14.01
4,4.0
2,2.0
3,3.0
14,14.0
56,56.24403571428572
179,178.97487133699633
195,195.2214642857143
69,69.2847537934288
65,65.01249241292334
98,98.07025
102,102.3001594932845
126,126.26724877899876
120,119.70407539682542
139,139.0871388888889
156,155.4226243339993
113,112.86773840048842
68,68.1030773948274
52,52.07895833333334
89,89.01656782106784
82,82.03824633699634
70,69.85184811022312
26,26.02375
16,16.0
8,8.0
8,8.0
2,2.0
3,3.0
14,14.0
57,56.933462301587305
108,108.0617277028527
288,287.43509263938677
136,136.1558874340529
29,28.99818181818182
72,72.01347023809524
75,75.14698443223443
122,122.26125146624476
148,147.84859692594983
188,188.25154128216028
285,285.22671600066604
505,503.669125
410,410.86057722832726
349,348.525821969697
210,209.88191279717012
203,202.99080717893216
160,160.32405392156863
148,148.06386309523808
116,115.87055555555554
83,82.93670138888889
64,64.1525
37,36.886041666666664
7,6.995
8,8.0
6,6.0
52,52.002642676767685
119,118.98790381840382
207,206.89293398268393
318,317.89667857142865
360,360.0812570346321
404,403.6572348484849
370,369.0542195908667
359,359.0638826271768
480,481.3987023809524
431,430.82208333333335
460,460.4640595238095
360,359.62100000000004
315,314.23846266233767
245,245.2847545787546
230,229.8587373737374
175,175.0476452297702
139,138.98253006715507
108,107.88378174603174
88,87.9834604970193
76,75.86113095238096
45,45.21488888888889
9,9.0
39,38.860083333333336
20,20.005
37,37.195
94,93.95665445665445
227,227.20756481712735
334,334.2828020868021
402,402.43851262626265
411,410.5743392857145
350,349.3409971322536
342,342.4123212759462
404,404.3212527056277
483,483.35699999999997
380,381.5194761904762
339,339.3361381673881
333,332.02380218392716
226,225.7717969391719
159,159.01746626984126
95,94.65192045454545
45,45.21325587606838
16,16.022751831501832
12,12.0
2,2.0425
4,4.0
24,23.995
109,109.28534119754516
312,311.54044660894664
408,408.0413314810189
176,175.78755307192813
129,128.73433333333332
165,165.18043573093573
184,183.8681428571428
163,162.97102580058836
189,188.67537576312574
212,212.48963461538463
298,297.9984431328475
590,588.614866883117
571,570.8377424242425
436,436.2401964285715
299,298.7451006787686
195,194.89640448603686
150,149.99538995726496
69,68.96880952380953
26,25.89746212121212
10,9.999833333333333
2,2.025
4,4.0
8,8.0
20,20.0
122,121.9281583694084
362,362.201462848555
425,424.34843777056267
214,213.83734217171713
135,135.3525512820513
153,153.14857883928937
187,186.90201785714285
184,183.55909572432395
190,189.9442085137085
180,180.0619745670996
292,291.8566408730158
579,579.3862604166667
539,538.8238363095239
396,396.9327767094018
272,271.9610549822349
245,244.44223631760397
144,144.26316666666665
74,74.0675
33,32.967555555555556
8,8.0
5,5.0
8,8.0
9,9.0
31,31.000139839842824
145,144.90000013290802
370,369.90106877844374
429,427.87137698412704
202,201.6735376984127
142,142.20588228601463
164,163.6696678460429
212,211.7652341269841
178,177.85306973908442
124,123.9732905982906
176,176.07090507518802
277,276.97400994838495
599,597.6843668831169
586,585.4836669823233
381,381.09960801698304
261,260.72629166666667
213,212.6903698107448
160,159.80246311327562
72,71.99675996481588
37,37.03162679425837
20,20.0
5,5.0
8,8.0
7,7.0
31,30.988473173176153
124,124.10597060630694
338,337.1634246031746
391,390.8665099206348
209,208.8794928751804
121,121.20622921643573
159,159.29189502164502
179,178.9921111111111
189,188.96468759018757
170,169.73854383116884
135,134.9086021062271
222,222.1041934470758
261,261.00644444444447
244,244.18756708569214
232,232.03046868409365
248,248.30157686757687
145,144.8868371212121
115,115.03430840687092
69,68.95387362637364
48,48.07117330133634
26,25.920311327561325
10,10.0
6,6.0
4,4.0
32,32.03077281438892
93,92.80986568986569
299,299.06262172250393
409,408.90731944444445
210,210.0780978743479
140,139.72806181318683
179,179.1948501349441
251,251.2889392135642
223,222.4754935064935
225,225.0989291819292
203,203.03612411304414
358,358.41588967611335
566,563.4443234126984
482,481.6783803688143
315,314.6648623321123
225,225.27446230158728
163,163.0586750296272
167,166.88928057726588
126,126.39643253968254
108,107.71860958485956
80,79.985
79,78.97694444444444
28,27.945500000000003
5,5.0
5,5.0
22,22.01029411764706
37,36.927283991228066
108,107.68026984126982
177,176.86903386306673
249,249.33624999999995
367,366.2347976190476
372,372.3671924603175
349,348.59037111499606
297,295.15875
354,353.9325
305,304.11570436507935
359,359.4541202506644
329,329.279016462704
256,255.7316323953824
176,176.10878785103782
170,169.7866364468864
143,143.06495003770743
136,135.80916666666667
112,112.11195658508159
79,78.8692564935065
89,88.93577983971365
36,35.97
1,1.0
6,6.0
12,12.0
44,43.924499999999995
69,68.99619427244583
140,140.06949260461758
260,259.90336471861474
317,317.8374761904762
364,363.5845512265512
376,374.72458333333327
311,310.27060912698414
365,364.77537737262736
369,369.2266746031746
325,324.6509206349207
289,289.6088877650127
245,244.97362202380955
180,179.98898381090865
147,146.9337531773782
84,83.83817773892774
54,53.960598595848595
37,36.59733333333334
10,10.0
13,13.00529411764706
5,5.0
8,8.0
28,27.98818181818182
113,113.11880017980386
332,332.1209144882895
420,420.2600253161872
215,214.7076296897547
105,104.7885
139,138.65638407425908
189,188.89837716450216
177,177.27281628787878
188,188.1618551587302
187,187.22102182539683
263,263.34419284881784
568,568.1333244949495
540,539.8970995879121
374,373.5950413197913
231,230.9835167340829
200,199.66507539682542
129,129.00742893217893
68,68.12748214285715
25,25.00166666666667
14,14.004705882352942
5,5.0
3,3.0
6,6.0
22,22.0
114,114.0129365079365
329,329.43128666472415
209,209.64918398268398
69,69.03042807054057
30,30.08642857142857
56,56.015479383769815
60,60.11712121212121
103,103.04155952380952
112,112.05968253968253
192,191.99594423787502
264,264.94559778950935
511,511.52633577533584
492,492.00418299755796
337,336.86331909756905
253,252.4535892857143
206,205.89959200521702
148,147.7908495115995
81,80.67158333333333
27,27.03216666666667
17,17.0
6,6.0
6,6.0
7,7.0
31,31.010402997737557
117,117.22100262237765
330,330.57245670995667
462,462.83319614780646
208,208.47839964896215
133,132.90412103174603
180,179.89343353112312
193,192.92095833333332
181,180.633295995671
179,179.3239069743465
185,184.82539186507935
281,280.98712400793653
536,536.168943452381
408,407.9811238067487
283,283.3731506830587
160,159.96184505772007
200,200.31353075396825
127,127.06709383671883
95,95.0982191905317
41,41.30999801587301
11,10.95240350877193
10,10.0
12,12.0
2,2.0
30,30.004545454545454
101,100.87674001570328
311,310.82266017316016
415,415.21378174603177
203,202.81786123653725
120,120.18254681454054
165,164.92698662448663
176,176.35598691749428
193,193.0382228867623
183,182.9738195929887
181,181.0761031746032
301,300.66870932539683
563,563.1475
551,551.0056428571428
420,419.77508459595964
285,285.2900866013071
221,220.80379761904763
187,187.27311904761908
113,112.95628846153846
52,52.17483333333334
31,31.108405103668265
20,19.835333333333335
8,8.0
13,13.0040625
22,22.01364583333333
104,104.04721982184483
254,254.46808329170827
317,316.2891525974026
111,111.14463456173262
35,34.888000000000005
21,21.0
29,29.005
34,34.03666666666666
24,24.001666666666665
61,60.932268301658794
56,55.87668089293747
99,99.11708333333334
234,234.46304844461093
248,248.44507142857137
179,178.7994983766234
138,138.1498448275862
157,156.30713095238096
148,148.17802777777774
93,93.15163400488402
79,78.97694444444444
68,67.977789160401
31,31.00722222222222
8,8.0
5,5.0
18,18.008333333333333
46,46.00739583333334
121,121.00715774527649
175,174.58374621212118
293,292.52691666666664
386,386.0988333333333
407,404.8339305555556
460,460.11125
390,389.3364166666667
452,452.27559523809526
449,449.32791666666674
426,425.415
400,400.55375
308,307.6885668498169
243,243.3658717948718
222,222.16972222222222
193,193.27141630591632
150,149.83089880952383
173,172.81868598803158
124,123.6757261904762
106,106.44802213064712
59,58.555
8,8.0
3,3.0
17,17.0
38,37.87733333333333
86,86.14058261183261
155,154.57785714285714
275,274.62596382947123
361,361.00883694083694
413,412.71166666666664
369,368.78122539960043
347,346.65504403929407
353,352.02611363636356
464,463.205
420,419.74848484848485
404,404.75495616883114
329,328.94921892445797
186,186.39408699633697
137,136.70167353479852
104,104.05348015873018
79,79.14038095238095
29,29.049935016816093
17,17.005
8,8.005
5,5.0
6,6.0
25,25.1025
113,113.22106506075623
332,331.83718650793656
355,354.97750577200577
205,204.5531666666667
154,153.73217063492064
159,159.04469696969696
209,209.21428571428575
187,186.70899999999997
154,153.75544900385918
209,208.55746560384057
313,312.741113927739
570,571.4428437500001
553,552.7394866071429
383,383.17127240668685
251,251.060885652746
182,182.01242293123542
136,135.9727458300925
75,75.04104761904762
37,37.1025
10,10.001
11,11.039347826086955
10,10.031689223057644
8,7.88
24,24.005
124,124.01872090817682
249,249.00911309523806
427,427.31427110389603
193,192.75596825396826
122,121.70110926679418
123,122.90379489954488
162,161.9924907902555
151,150.96615367965367
152,151.83207431457436
205,204.46211900581483
258,257.6893869047619
530,530.7072767857143
356,355.41317984792977
320,320.14592990342993
238,237.56202658085363
196,196.07390265290266
121,121.06482441194315
93,92.97370111832613
36,36.096875
14,14.0
9,9.0
3,3.0
4,4.0
22,22.01364583333333
114,114.01238095238095
185,184.54832364857361
287,286.57233277678637
155,154.85898863636362
129,128.82345979020977
151,150.95469090251146
184,183.82321151071156
162,161.90232142857144
170,170.07839069264068
181,180.922799963925
280,279.75239966977466
591,591.18144704805
524,523.5965952380952
372,371.5297916666666
102,101.86880288461539
74,74.1182905982906
87,86.81541666666668
71,70.80055402930401
40,40.051053391053394
23,23.009049342105264
2,2.0
8,8.0
7,7.0
22,22.0
111,111.18284222751886
283,283.52627237966715
431,430.951737012987
225,224.72086946672607
127,127.21458333333334
158,157.75095598845598
195,194.76642092565157
211,211.0371693722944
167,167.14886391059918
227,227.18518235930733
291,291.105903404602
589,590.3369827623358
584,583.4914719551282
384,383.6250927530073
273,272.65291650016644
225,224.57858464329792
175,175.09597699685932
81,81.16520833333334
60,60.06949621212122
23,23.021113095238093
15,14.965833333333334
3,3.0
8,8.0
26,26.002249898397633
98,98.2998630952381
297,297.0920447578021
456,455.4868066378068
237,237.08422851821382
168,167.90052162420906
217,217.12959330130656
254,253.88593101343105
266,266.0365643939394
266,266.1525
245,244.93140773809523
360,360.5592975668338
591,589.1318787878787
511,510.43611355311356
374,373.7111067959818
230,230.06591666666662
206,205.72598755411255
159,159.19299999999998
132,131.64022710622712
130,129.85742378454876
58,57.89700174825175
67,67.31951785714287
25,25.029083333333332
8,8.0
5,5.0
19,19.005
36,36.02077380952381
67,66.92329656862745
129,129.23172514985012
121,120.8062558179377
132,132.03100094350094
158,157.72549999999998
125,125.02887441724938
180,179.90319444444447
195,194.85947817460317
223,223.16740674603173
228,228.0057838827839
140,139.66700198412698
126,125.91743195693196
66,65.9423876956377
56,55.97783209437622
70,70.19408501221
65,65.05277825208417
47,46.99454451345755
24,24.0
30,30.028333333333336
9,9.009
7,6.935
7,7.0
15,15.0
29,28.97261504716156
64,64.03985042735043
115,115.17430099067599
248,248.32686904761908
292,291.7087562576312
321,321.42666108197363
308,308.1250984848485
256,255.57473931623935
173,173.06182371537133
206,205.49484090909093
167,166.84660633484162
174,174.02160445766935
162,162.34176424963923
87,87.01056582633053
88,87.98242761731731
64,64.02493905767433
25,24.995416666666664
16,16.04975378787879
6,6.0
4,4.0
7,7.0
8,8.0
21,20.954901656314696
94,94.1731968931911
249,249.51444570707073
372,372.3539587912088
153,153.1782024242098
101,101.12609090909089
126,125.78908293095793
147,146.780525030525
118,117.60333620546118
120,119.93341190753691
101,100.90083333333334
218,218.70070860864286
495,494.632048076923
412,410.865521624209
315,314.7288965201465
204,204.6099299761388
138,137.78678373015873
91,91.21561141636143
54,53.91958333333334
27,26.995
9,9.0
3,3.0
6,6.015
7,7.0
27,27.028611111111115
112,111.88780089647193
309,308.78877837440336
400,400.6406471861472
187,186.90228571428568
126,126.11990151515151
124,124.19014583333336
199,198.70274603174602
173,172.90182539682542
183,182.75737350006315
194,194.1654580574654
309,309.00014396063284
585,586.0333711100992
524,523.4440833333333
345,345.3414923687423
261,260.8217880730381
166,165.8939441114441
114,113.9558425402212
66,65.98844823232324
43,43.0275
11,11.005
3,3.0
6,6.0
5,5.0
32,32.0152269990931
117,117.11889422638768
301,301.5331100076393
467,466.33275728111744
219,218.73121623270526
133,132.96687594350095
170,169.8877093253968
214,213.8775678210678
219,219.21567967204362
190,189.93568256898837
182,181.86436706349207
282,282.2657929501054
591,591.49557204805
593,592.6839935848467
374,374.48858406870903
246,246.07983062770566
201,200.605357883538
154,153.6253823953824
73,73.14348443223442
40,39.957481962481964
22,21.99529411764706
10,10.0
5,5.0
5,5.0
24,24.005
114,113.97800595238094
302,302.0769177663295
457,456.78226893939393
208,208.3308837967588
129,128.7025079365079
144,143.88007510708246
226,225.58026033688532
191,190.83602318816452
195,194.3938253968254
219,219.09434523809523
323,323.65312434037844
568,565.6315104166667
538,537.6933759920635
343,342.8393394383394
260,260.2600785672661
195,194.84181158967232
148,148.139
99,98.985
67,66.87546482683983
28,27.984444444444442
5,5.0
10,10.0
5,5.0
27,26.991500000000002
87,87.10446067821067
242,241.88025000000002
417,415.70036538461545
241,241.32454340104337
174,174.19555215617714
230,229.88757142857142
235,234.97422529882394
305,305.4162281746032
256,256.05997492784996
270,270.0627150627151
419,419.5035873015874
563,563.11
465,465.532625
294,293.32116729104223
197,196.95757503607499
166,165.88867643467643
146,145.94563492063492
136,135.8155170739348
89,88.99476286540258
65,64.9278406870907
45,45.1208275058275
20,20.0
10,10.0
8,8.0
22,22.05734539969834
73,72.72
103,103.22732142857143
217,217.23286152882207
337,336.91849206349207
397,396.56928571428574
446,446.14666666666665
485,484.1196607142857
465,465.15
496,492.17561309523813
451,456.425
393,393.2675
359,359.6628476066417
248,248.07474381868127
202,201.84673773448776
187,187.04257870968905
149,149.26562500000003
142,142.0838318903319
129,128.9979761904762
78,77.59970588235294
55,54.50159090909091
30,29.96595238095238
14,13.966947115384615
15,15.0
21,21.074166666666667
44,44.122
107,106.72125503663004
185,185.27266865079363
365,366.37
423,422.47
455,455.81666666666666
418,417.0
500,505.8236904761905
407,407.64333333333326
470,472.87023863636364
438,438.475
414,413.57
302,301.97770833333334
193,193.381630952381
173,172.52155555555552
152,152.37214285714288
123,122.844
53,52.92764285714286
34,33.9853125
19,19.005
11,11.0
6,6.0
21,21.01506203416149
44,44.108210945916824
114,113.85166895604397
254,253.38782204968228
219,219.4283995773748
265,264.9736527777778
322,320.56083333333333
365,365.94416666666666
365,364.78904166666666
370,369.55791666666664
384,384.3173809523809
402,401.92941666666667
459,457.67075
473,474.48227777777777
336,336.19824981962483
225,224.8541371753246
175,174.91952294233542
126,126.25436742424243
75,74.96866666666666
30,29.925
11,11.0
5,5.0
3,2.9925
5,5.0
20,20.0
123,123.15132152569652
352,351.96689880952385
406,405.9113076714951
235,234.77984228271728
149,149.39636904761903
123,122.84738368575869
181,181.421061022311
180,179.84216837960793
171,170.95940476190472
175,174.60650326797384
320,319.2729365079365
604,603.2400694444444
539,539.4693108974359
318,317.875120920746
234,234.44592965776047
175,174.74313772097466
147,147.03463293650793
57,56.96241666666667
25,25.006500000000003
10,10.0
2,2.0
2,2.0
7,7.0
22,22.0
112,111.82518715138585
259,258.4781468253969
404,404.1773708513709
197,196.9140711233211
113,112.80777240814743
120,120.11076091702303
62,62.0395495862282
101,100.81857142857143
78,78.03503896103896
45,44.99749783549783
55,55.061473785717205
251,250.551238095238
172,172.12343946008525
109,108.83447487928741
90,89.82117225829727
83,83.19388607226108
43,42.94875
54,53.95838815789473
15,15.0
12,12.0
4,4.0
6,6.0
7,7.0
17,17.0
52,52.06545833333334
81,80.87882967032967
209,208.67929509379508
109,109.36224697432434
69,68.97589035087718
84,84.01731725146199
105,104.98763293650795
162,162.07509829059828
133,133.0043355263158
155,155.0550160389978
276,276.4531383061383
479,479.36935313216185
268,268.18446510529697
205,205.01572033522035
181,181.21146194083695
123,123.07005803918305
114,114.11134027777776
47,46.8628085901027
39,38.881750000000004
24,23.87044444444444
6,6.0
7,7.0
8,8.0
17,17.0
94,93.97450793650795
147,147.37138888888887
209,208.75189214257963
180,180.0235555555556
125,124.47785515873016
87,86.85041666666666
75,75.03164285714286
132,132.23439685314685
156,155.6566091269841
230,229.83939105339113
344,344.56254931179933
481,480.7499041783381
423,421.99053983516484
248,247.588015970141
196,195.85047023809526
178,178.07529843767344
143,143.20675595238095
95,94.91220362276611
106,106.14260415319976
73,73.21947847985346
56,56.23409090909091
23,22.99656764069264
6,6.0
7,7.0
20,19.955
57,56.84
125,124.78281337086116
207,206.82892063492056
322,321.2274761904762
374,375.64689285714286
456,455.57569246031744
394,393.3582575757576
472,473.49666666666667
377,376.98208333333326
443,442.9545833333333
441,441.3754166666667
372,371.9762797619047
238,237.63854146202095
179,178.9241335500585
168,167.77964736652234
166,165.6975682997558
135,135.07379166666666
107,106.98747655122655
77,77.11638095238095
65,64.97385137085138
42,41.99629411764706
12,11.995
7,7.0
10,10.0
48,47.763263888888886
99,98.96285714285716
190,189.44585404179153
347,346.51175125313273
377,377.98029761904763
444,444.3678571428572
438,438.79375
462,461.63642857142855
412,411.6735
466,465.75505952380956
405,405.62483333333336
328,327.4483333333333
233,233.2314698177639
178,177.9912712148962
102,102.16915476190475
130,129.91416666666666
62,62.019194444444445
37,36.995
17,17.0
7,6.999736842105263
2,2.0
5,5.0
29,28.995
114,113.83181506769375
309,309.2304314574315
414,412.84356709956705
206,205.97469111444113
135,135.11683791208793
166,165.6312451543554
205,204.62095833333333
205,204.62665780747028
166,166.13704222166723
208,207.59690909090907
302,301.35751968129915
620,617.5698452380952
518,517.9194917582417
333,332.8004408369408
229,228.66398142135637
177,177.15965873015872
104,104.09538425463427
62,62.05232334791972
31,30.971686507936507
11,11.005
5,5.0
1,1.0
4,4.0
21,21.000250129399582
109,108.8563536610448
341,341.81317587967584
499,499.19353463203464
227,226.4714671023422
102,102.0105
147,147.0104892884893
201,200.8239166666667
219,218.73270711804537
169,169.20343948412702
205,205.1412462121212
304,303.37367764277377
625,624.4675
570,569.2458333333334
317,316.89274195249203
227,226.87412883562519
206,205.72616830391829
137,137.4283859411787
70,69.88618055555555
34,33.94967261904762
16,16.02875
7,7.0
3,3.0
3,3.0
31,30.999545454545455
68,68.1997940447066
210,209.90160461760456
202,202.08988293650793
123,123.10878758169936
149,149.0046011904762
130,130.11388293650793
106,105.81396187880748
97,96.82199002386501
120,120.00987121820704
201,201.5414107142857
181,180.95663474025972
140,139.88245833333332
197,196.9668331529582
145,144.7244725355054
85,84.9303896422205
107,107.1878784548785
69,69.04202380952383
26,25.974915890300462
15,15.0125
4,4.0
1,1.0
8,8.0
26,26.0015
92,91.8069519100181
318,317.5667996031745
426,426.09465277777787
223,223.1805899753841
130,130.12275595238094
129,129.0152601010101
199,198.81346521942112
164,164.38872023809526
155,155.32711111111112
160,160.42249882756133
234,234.18087211807793
494,492.9460912274
469,468.8129761904762
298,297.16434693084693
241,241.12738431013432
165,165.12177997926565
128,128.08512345987344
90,90.02936309523808
50,49.995027777777786
26,25.952333333333332
18,17.985
7,7.0
6,6.0
31,31.023160673176154
85,85.20537253686285
233,233.36654029304023
402,402.0751492673993
222,221.82957503607503
138,137.96312215398981
174,173.98530980130985
240,239.7891997863248
206,206.05603030303027
198,198.1111607142857
235,235.22021376722688
302,302.4672881492264
524,523.1356428571428
397,396.4962864452799
253,252.29381060279593
184,183.98698376623375
143,142.9555750377074
113,113.02279507012595
117,117.29413450168572
96,95.76509617465867
70,69.8529981962482
31,30.926988095238098
20,20.0
8,8.01
8,8.0
18,18.0
57,56.97057142857144
114,113.86155555555555
169,169.14842342379836
236,236.77166666666665
282,282.34375
343,344.37395833333335
322,320.05375
310,309.78240277777775
382,382.87022619047616
359,357.5925
360,360.5021614594556
335,334.94650595238096
220,220.40829166666666
159,158.87177272727274
157,156.94879365079365
144,143.8620408496732
108,107.75875020535017
88,87.99955230880231
71,70.80837581168831
50,50.00045454545455
46,45.88975000000001
6,6.26
3,3.0
12,12.0
21,21.015330357142858
88,87.89989285714286
143,143.09453697691197
289,287.23833333333334
333,333.58545634920637
413,412.356
415,415.24933333333337
408,407.85433333333333
387,387.1782575757576
405,406.0
340,340.37861904761905
284,283.2362083333333
193,193.0830214646465
144,143.99164529914532
99,98.81179365079366
94,93.995
49,48.676833333333335
32,32.05585347985348
15,15.195294117647059
7,7.0
4,4.0
6,6.0
21,21.000428700828156
86,86.08055577279524
285,284.5138305298502
398,397.9987741147741
195,194.90485002334265
129,128.77995238095238
168,167.641376984127
220,219.7990158730158
198,197.79028571428572
206,206.01799242424244
177,176.86107323232326
310,310.40556944444444
614,616.9038035714286
486,486.4150124458875
237,237.2141377756231
129,129.02560533910534
126,126.05356872294372
79,78.95356913919414
59,59.134157451617014
30,30.038011904761905
11,10.966236842105264
5,5.0
4,4.0
5,5.0
24,24.005
98,98.2061644189144
314,314.1626465201465
408,408.239313623876
223,223.04443336687825
128,127.83562820512823
166,165.9396077186702
200,200.25356798766362
198,197.8831756160506
200,199.876571969697
234,233.4153733766234
285,285.031774975025
585,583.2825
518,517.2526805555557
338,337.53978897491396
248,248.52813293650797
201,200.86410633058156
170,169.86484794372294
94,94.14108277139526
32,32.00132539682539
12,12.0
3,2.96
3,3.0
5,5.0
21,21.0
92,92.30595833333335
299,299.04907317383044
464,463.1959804190907
240,239.70057755439007
131,130.606875
155,155.02167893217896
194,193.71199796037297
82,81.73166666666665
66,65.66984343434342
70,70.03467167636285
213,212.66797005772005
454,454.4498730158731
453,452.2032738095238
331,330.6871289266289
207,206.93264024864024
157,156.93178571428572
135,135.11734445488722
75,75.07164720418471
26,26.0151790481952
11,11.0
8,8.0
4,4.0
4,4.0
15,15.0
46,45.873587121212125
137,136.88612301587298
316,315.60003174603173
171,170.89601731601732
62,61.97514225123862
52,52.09052813852814
53,53.13801273236567
74,74.04865137721755
92,91.92928571428573
107,107.03142750305253
207,207.32593783450852
322,321.1708591408592
240,239.9333840701782
219,218.71412631958682
182,181.901776324166
132,131.88362454212452
111,111.0467606837607
68,67.91827380952381
44,43.97079278074866
16,16.035
4,4.0
8,7.995
10,10.019119047619048
25,25.105755952380957
75,75.33171104845448
205,205.030952991453
374,373.51095100732607
229,228.7133087168679
130,130.1488813131313
168,168.3783404928405
213,213.15095833333336
228,227.50043235930738
185,184.882
215,215.07329392135642
308,307.76092857142856
446,444.62875
368,367.7107817460317
204,204.06846710234214
143,142.83225000000002
74,73.9121336996337
36,35.965060049019606
39,39.04
19,19.0
18,18.0
17,17.0
8,8.0
1,1.0
1,1.0
5,5.349736842105262
7,7.0
20,20.03
20,20.0
12,12.0
27,26.939791666666668
50,50.01692411754912
30,30.074615384615385
29,29.044615384615387
41,40.99062271062271
22,21.9835
31,30.995
43,42.97
39,39.0
47,46.74301785714286
50,49.84802777777777
54,53.867787698412705
36,36.01313446969697
54,54.01837292568542
43,42.88729545454546
50,50.04232106782108
33,32.995
11,11.0
4,4.0
10,10.0
22,22.11555128205128
80,79.96770075757576
147,147.0324726939727
178,177.7743015873016
240,240.06876515151515
314,314.14510822510823
345,344.93560824336475
300,300.53089087301584
290,290.2169653679654
320,320.6174642857143
245,244.94245535714288
213,212.62235191197686
153,153.04881851481855
92,91.89763184038183
79,78.88369152661065
71,70.96266000053866
37,36.99990899122807
23,23.00678743734336
13,13.026666666666666
3,3.0
3,3.0
6,6.0
18,18.0
86,86.17256262449618
227,226.938158611405
372,372.24187225274744
211,211.08034637584637
105,104.81019463216522
128,128.10449041236544
170,169.7191091269841
152,152.56477812413488
141,141.1147813852814
168,168.15913095238093
272,270.8842449103624
486,487.2120005411255
422,420.7716746031745
238,238.2585605991231
172,171.99360786435784
116,115.75377666083914
85,85.13156508695984
52,51.910277777777786
21,20.99497321428571
11,11.0
4,4.0
6,6.0
8,8.0
18,18.0
93,93.07155357142855
254,253.91653562409815
419,418.8727857142857
222,221.3571198779291
135,134.77009607753354
117,117.08004383116881
176,176.0419681152182
167,167.0257035048285
150,149.74794368131867
186,186.19965277777777
298,297.8310707070707
506,506.35190734265734
460,460.38636111111106
313,312.211867536077
209,208.45054819636889
127,127.16781465756466
96,95.86501276664512
72,71.78347470840562
19,19.0
10,10.0
2,2.0
2,2.0
4,4.0
27,27.0
92,91.98887500000001
251,251.29793686868686
472,471.3854173881674
228,227.76589187691388
133,132.73179761904763
144,144.17495039682544
189,188.85138150202502
161,160.98620517676767
172,171.67431791819294
187,187.5050432662873
266,266.36925983796203
553,552.0115714285714
479,479.22325560224084
282,281.99371388333884
182,181.84998755411252
168,167.72563095238095
106,105.72547428388602
57,56.95648719336219
31,31.00065656565657
15,15.005
7,7.0
5,5.0
4,4.0
28,28.00625
99,98.83760059385058
292,292.23752970177975
402,402.61942536630033
164,163.63876930708182
110,109.83126226551225
120,120.0260791847042
179,178.74664596273294
169,168.94885984848486
152,151.94886473395027
162,161.78468136724388
267,265.7948448879552
498,497.46645833333326
433,432.9335476190476
252,251.91906349206351
209,209.075553030303
144,143.98408786462076
137,136.85982064536338
95,94.9814179084804
43,42.881035714285716
17,17.0
10,10.0
8,8.0
7,7.0
23,23.005
66,65.881
245,244.93311507936505
395,395.2465277777778
254,253.99326348651348
134,133.74732934307073
162,162.24531817120786
197,196.8287232142857
194,193.94802343256794
201,200.63290097402597
237,236.95602319902318
290,290.16159151265407
480,480.98644782913175
374,375.11817857142864
196,196.08715229215227
186,186.04366956654457
123,123.15057304215395
115,115.05679054972805
89,88.87079697018667
52,51.93483333333333
62,62.05331089743589
31,30.93
8,8.0
8,8.0
2,2.0
23,23.00178743734336
34,34.01059027777778
84,83.94063924963925
141,140.8694587912088
227,226.9368751526252
238,237.53601641414144
372,371.25338824166033
355,355.0341666666667
386,386.1832857142857
343,344.195
335,333.60187026862025
334,334.1596363705739
237,236.7644805194805
204,203.77912882256638
165,164.8286488095238
118,117.93053313083433
82,81.94944047619049
85,85.60585067783094
75,74.8190819327731
115,114.9224502164502
29,29.025197083181098
9,9.039285714285715
6,6.0
5,5.0
16,16.031263736263735
28,28.04465972222222
90,90.059343989344
170,169.9049861111111
262,262.01027598137154
320,319.2816666666666
346,345.96880467193625
314,314.1130241702742
320,319.484
306,306.5545555555556
347,347.2607734487734
256,255.78311237373734
185,185.06820238095239
151,150.83530247530248
116,116.13231944444446
88,88.015
45,44.801286953242844
50,50.065206168831175
15,15.0
8,8.0
2,2.0
3,3.0
6,6.0
26,25.99200595238095
99,99.15285730609259
311,311.4148910533911
410,409.6997408424909
174,173.7518579590699
123,123.14093650793652
128,127.89678189865691
179,178.83930439005442
189,189.03021916436268
145,144.67976838439338
170,170.0949716810967
295,295.7432798329478
528,526.6216666666667
425,425.5691441197692
300,299.3860300364124
204,204.14766865079363
139,138.94707547313797
108,107.99987951631704
48,48.15791666666667
18,18.0
11,11.0
1,1.0
3,3.0
4,4.0
18,18.01
99,98.71889277389275
323,322.6293942307692
466,466.8331316738817
191,190.87301023976022
129,128.98697222222222
147,146.95218347149924
203,202.89932693001444
196,196.2242956582633
161,160.68666666666667
188,188.42240451517085
289,288.6878816738817
499,497.707375
462,461.12421428571434
278,277.65157982295483
181,180.99601604278072
182,181.83687697351667
108,107.86151238344992
48,47.83324509803922
13,13.0
10,10.0
5,5.0
4,4.0
4,4.0
28,28.0
98,98.31223051948052
300,303.1561666666667
456,455.53568560606055
219,218.6367871572871
105,104.86417790542791
152,151.67109146409146
180,180.1400837912088
167,166.9383464035964
179,178.85273362748367
151,150.90381621156624
281,281.03516933066936
485,484.0177302631579
408,407.09447496947496
304,304.25454451757395
219,219.20508601048073
161,161.04108529664785
114,113.98453797672913
66,65.92381944444445
24,24.005
11,11.0
5,5.0
11,11.0
3,3.0
23,23.005
114,113.9098392857143
272,272.7105595238095
436,436.44923214285717
211,210.6082428266178
117,116.92668172799424
108,107.952327020202
167,167.0422915812258
96,95.90455662393164
64,64.0375
62,62.084977564102566
73,73.14250104062603
177,176.89651388888888
273,272.4061197691197
211,210.2915895577853
168,168.12231141018853
136,135.86362178548575
89,88.80753823953825
82,81.96533333333333
66,66.10249999999999
19,18.982625
11,11.0
6,6.0
8,8.0
13,13.0
46,46.14625471342383
121,120.91948268398268
258,257.4150735653236
201,201.13661111111114
200,199.20818813131314
170,169.74296428571427
239,238.96248214285714
236,236.3204135535517
247,246.57817857142854
216,216.22958285464534
238,237.74996800421798
310,310.4134702380953
208,207.75672691891444
199,198.74696825396825
109,109.1095678210678
83,83.19747023809524
91,91.1070260989011
73,72.98866498778997
64,64.04604166666667
54,53.97667270923521
46,46.024977002164505
17,16.988
7,7.0
4,4.0
7,7.0
27,27.015
101,100.98482142857145
160,160.10327471139968
232,231.22129975579978
315,314.44201623376625
366,365.36887500000006
353,353.5239772727273
435,434.18
386,384.6647337662338
361,360.94999046378456
285,284.9069583333333
203,202.83291017316017
171,170.6538570261438
132,132.08556804306804
122,121.70039543446637
118,117.9249541847042
101,100.98449999999998
73,72.8165909090909
71,70.98962955182073
57,57.04830844155845
28,28.04708333333333
6,6.0
5,5.0
23,23.14152597402597
43,42.88869642857142
79,79.01139682539683
135,134.9963502747253
241,240.39626748251752
295,294.5677032967033
354,353.6441527777778
339,338.63149278499276
371,370.8233809523809
310,310.3836547619048
319,318.3055238095239
231,231.55375
190,190.28455636332265
157,156.83762878787877
139,138.696
95,94.98485930735932
89,89.29643518518519
67,67.25463744588745
30,30.06501984126984
11,10.970666666666666
17,17.0
7,7.004736842105263
5,5.0
19,19.0
114,114.02923809523809
322,322.1829180402931
452,451.59797294372294
233,233.04873286599016
111,111.19912698412698
128,128.12443034743035
202,202.00648124275648
203,203.20012463924962
185,184.82703845520425
195,194.70245075757575
315,315.4434738455989
519,519.1817738095237
489,488.6048571428571
302,302.61496067821076
240,239.91295113383347
213,212.86839538239536
113,113.00298142135642
61,60.992037878787876
22,22.048916666666663
10,10.040952380952382
15,15.195
4,4.0
7,7.0
28,27.990542929292932
108,108.07277364302367
319,318.6943253968254
480,479.0152619047619
200,200.1778159271285
138,138.17261011904762
134,134.1483848986263
176,175.61734437090686
153,152.3486018981019
147,147.00138888888887
191,191.05947757651703
271,271.0626141774892
451,450.7163852813853
441,440.3891071428571
286,286.25345977633475
238,238.1378334875909
168,167.86087576312573
128,127.91982575757575
80,79.88579219187675
31,30.98996031746032
5,5.0
10,10.005
5,5.0
4,4.0
13,13.0
56,56.09250813105884
137,136.8177022442427
232,232.06554630092126
82,82.0999865967366
36,35.95172671568627
60,60.020625
54,54.001067830561254
58,58.01708333333334
61,60.994103174603175
66,66.16541666666666
123,122.93163372450935
233,232.59104137529135
189,189.03769337606838
111,111.0444525819477
99,99.3944672965923
75,75.02840297619049
46,45.92821167313079
31,31.011111111111113
24,24.01125
5,5.0
5,5.0
3,3.0
4,4.0
22,22.0
75,75.05720059523811
168,167.87889986484103
355,354.8254621608369
198,197.6516130952381
81,81.06727136752137
97,96.8376805555556
121,120.745707538076
124,123.94601984126983
110,109.76185019841269
116,115.93324572649571
195,195.07027795815299
399,397.967630952381
307,306.7577953296703
217,217.03735670375372
169,169.00776850701328
116,116.28583180708183
84,83.83301587301587
58,58.18
30,30.004545454545454
10,10.0
10,10.0
2,2.0
5,5.0
22,22.0
71,70.9505757020757
216,215.98256135531142
375,375.04272077922076
213,212.5570976662227
115,114.96704217310467
140,140.0867337164751
165,165.29175271950274
177,176.9664502164502
154,153.35980489101544
178,177.99592658730165
209,208.82790624110189
378,377.51688937451434
328,327.80946599927864
190,190.3876716200466
137,137.49376907814408
111,111.05661263315378
97,96.85910732323232
59,58.98630643479328
53,52.947295454545454
35,34.999782608695654
46,46.02381677350428
15,15.043275641025641
8,7.995
2,2.0
12,12.0
41,40.99562271062271
92,92.0855238095238
142,142.18685416666668
200,200.1251697261072
233,232.88163668276167
311,310.33993290043287
363,363.2826944444445
349,348.39908794421945
382,381.2536329365079
287,286.98122115384615
232,231.62287301587304
208,207.50483333333338
182,181.90588888888888
163,162.55735606060608
108,107.86786284271282
106,106.41901195748696
93,92.74650045093796
93,92.91273331529581
84,83.61642857142859
56,56.032380952380954
37,36.995567416136495
12,12.004705882352942
4,4.0
9,9.0
23,22.979636904761904
65,64.93440692640692
138,137.70647731271995
229,229.01062319624816
286,285.78758096478686
304,303.6151388260433
369,368.12841071428574
363,362.6532907647907
351,350.7435263347764
306,305.32337626262625
203,203.21371348540214
145,144.9553392857143
157,156.9425
113,112.97504275299863
105,104.98544065656569
40,40.05416666666667
28,28.0
17,17.00725378787879
12,12.0
3,3.0
4,4.0
5,5.0
20,20.0
76,76.6318508852259
246,246.00588095238098
391,390.40375000000006
237,236.70835975135972
135,134.69972115384616
128,128.0327903693529
162,161.91464285714287
134,134.2081282523806
135,134.99219515854182
108,108.28230044261292
108,107.98169925213679
210,209.94305272505272
192,191.77648119854
137,137.4927638888889
80,79.963763870933
114,114.03049417249416
78,78.02790079365079
33,33.0
14,14.0
6,6.0
6,6.0
3,3.0
7,7.0
18,18.0
64,64.0039126984127
121,121.34874056499055
190,189.8897511655012
149,149.02963095238093
52,51.963104427736006
32,32.01629761904762
21,21.01288988095238
26,25.922814428312158
35,35.041979166666664
34,34.02101449275362
62,62.103818713450295
165,165.86511696024564
148,149.46366666666663
111,111.1696350160212
127,126.91192544313681
90,90.12152639057713
87,87.16203968253969
39,39.04
16,16.0
8,8.0
6,6.0
3,3.0
5,5.0
17,17.0
69,68.89447095807101
156,155.60363383838381
323,322.8995608974359
167,167.22283730158725
76,76.04758333333334
116,115.7030221037133
160,160.0355793442669
174,173.89901501035197
213,212.98117063492063
207,207.02812594683482
173,173.3739453463203
163,163.21237662337663
145,144.84945846624134
122,121.90617857142861
68,68.31521605477856
66,66.80045454545454
62,62.045096491228065
51,50.98164860681114
23,23.005
24,24.0
22,22.04823822463768
5,5.0
2,2.0
11,11.0
6,6.0
40,39.96958333333333
46,46.00036742424242
81,80.9288371212121
98,98.225
142,141.87655747030746
150,149.951375
175,174.93
168,168.80485119047617
149,151.3895
114,115.625
74,73.115
37,36.8875
28,27.02
31,30.975
26,25.930311327561327
22,21.83833333333333
21,21.01506203416149
29,28.953333333333333
14,14.0
10,10.005
2,2.0
7,6.984736842105264
5,5.0
13,13.0
35,35.003169642857145
74,73.91150086025084
95,95.04344017094016
142,141.26646103896104
226,225.65
272,272.35400000000004
283,281.125
272,272.55400000000003
310,309.672
261,261.275
184,183.9767093253968
153,153.21401785714286
134,134.27436217948718
95,94.91652597402597
85,84.69943939393939
58,57.99200174825175
33,32.90543650793651
47,47.099604166666666
29,29.01261504716156
23,23.00178743734336
17,17.04375
4,4.0
3,3.0
10,10.0
17,16.984166666666667
60,59.88475957865662
83,82.91336805555555
141,140.75789880952382
230,227.82
309,308.61580555555554
325,324.105
299,299.72591666666665
314,314.37635897435894
275,272.505
184,184.08423275335778
185,185.46439285714288
146,145.90180952380953
141,141.63535191197693
92,92.04756033549783
65,64.91533275058276
69,69.02508333333334
46,46.04512283549784
44,44.06379545454545
31,31.05404761904762
17,17.075
4,4.0
5,5.0
9,9.0
23,23.17833333333333
42,42.05038461538461
111,111.07048705461207
189,188.34325793650794
240,239.565
256,255.80493253968257
313,312.2700476190476
313,311.040625
317,316.82205113636365
323,322.2446775793651
204,203.83514331945696
155,154.5744522005772
139,138.63935826510092
104,104.06201190476192
88,87.8977857142857
66,65.96247222222222
32,32.0170518925519
16,15.94625
13,13.0
5,5.0
4,4.0
34,34.002794117647056
104,103.97974582362082
277,277.0208630952381
407,406.6589225774225
208,207.72200307148992
107,106.44883803043365
118,117.72384307359309
178,178.04394209956706
162,161.92808531746033
143,142.83043452380954
150,149.85712408424905
264,264.65742045454544
468,468.19713492063494
416,416.5091735209235
264,264.9959896521607
218,218.24560287081346
156,155.87937162837162
109,108.77574850843602
46,46.22485836627141
22,22.121330227743268
17,17.0
5,5.0
2,2.0
6,6.0
22,22.0
89,88.84622715152494
342,342.2951143717394
449,452.88494588744595
202,202.06194505494503
36,36.00103260869565
11,11.0
18,18.0
22,22.0
36,35.961854091990006
65,65.0843038579068
151,151.11480847953214
354,354.37230079442554
358,357.27693373093337
250,250.54782539682543
184,183.78961747974245
125,124.7038119837679
95,94.8858472222222
53,53.26166666666666
24,24.0
8,8.0
5,5.0
1,1.0
5,5.0
22,22.0
103,103.13464285714286
285,285.15567814130316
478,477.7693712121211
193,192.78868763099646
110,109.82765515734265
122,122.05412104562105
160,159.943428030303
147,147.09522853535356
112,111.83970833333333
115,114.97961688311689
226,225.39247507108905
380,379.1860677933179
376,376.7829572649573
279,279.4215119047619
190,189.6266855089355
135,134.83823947131302
87,86.99479702680361
50,50.03022345301757
20,20.0
10,10.0
9,9.0
7,7.0
1,1.0
24,23.995
97,96.820086996337
276,275.93032341269844
477,476.46291666666673
224,224.4416900908904
93,93.12733638583637
102,101.84562043593661
148,147.84691025641024
154,154.015238997114
150,150.18508025308026
154,154.1094818556337
201,200.50785317460313
418,419.2684020146519
405,404.9590864968364
228,227.98318019927268
190,189.67014467476972
162,161.70894991813748
104,104.03929308191809
73,72.91101757964259
38,37.98255128205128
15,15.0
10,10.0
1,1.0
3,3.0
23,23.005
87,87.0198611111111
205,205.01678632478632
445,445.339738095238
246,245.72035317460316
105,104.89209457209459
160,160.23073106060605
204,203.93391910866913
207,207.07636700799202
170,170.2916135253635
199,199.36117406204903
276,276.18547696747703
411,410.58279212454215
372,372.7027142857143
265,264.5678789682539
190,189.47163764013766
111,110.85615873015873
102,101.83464668746288
95,95.08560137085136
75,74.83969731738848
71,71.06657979082321
50,50.12824987512489
9,9.02
8,8.0
6,6.0
11,11.0
26,26.0015
63,63.05172580000726
124,123.91311217948719
195,194.77934523809523
275,274.90324053152733
358,358.1496923076923
292,292.3549486416361
343,343.5981547619048
337,336.11391774891774
305,304.77166666666665
232,232.0353214285714
224,223.76146261948838
175,174.76777104581862
127,126.53313398692809
109,108.6448890762016
114,113.87399009324008
85,84.80442261904761
83,83.34333333333333
74,74.0
62,62.05746428571429
41,40.6995
11,11.0
4,4.0
4,4.0
26,26.017856157635464
55,55.051006530234474
126,126.02759351065602
216,215.754821969697
254,254.24771284271282
329,329.44602552308805
357,355.8783522727273
323,322.93399893162393
296,295.23463952020205
330,330.3656686507937
245,244.34825747863243
171,171.21804426129424
173,172.88737581621274
124,123.91161096256684
72,71.88689267676769
64,63.99614729225024
45,44.98758116883116
24,24.0103125
12,12.004705882352942
8,8.0
2,2.0
7,7.0
25,25.0
90,90.04877795815297
283,283.5809124895572
404,403.5383087190587
190,189.89035944610947
87,87.11058672577424
123,123.05026253893166
154,153.8255386002886
171,171.26619678932175
133,133.05974675324677
148,147.8635202020202
248,247.38839484126981
446,445.19451190476184
399,399.06989133089127
308,307.8875970973471
205,205.23182662116042
176,175.98478571428572
106,106.38492765567767
62,62.01548740769464
28,28.00375
16,16.0
3,3.0
3,3.0
7,7.0
20,20.0
86,86.01969680537378
234,233.46054426129416
414,414.3003606116106
204,204.45390934065935
50,50.05525745088244
32,32.01129761904762
55,54.97023983910825
71,71.06413888888888
75,74.96477741702739
45,45.112286746749994
88,87.97741666666667
262,261.8071031746032
304,303.45081415996856
233,232.76171729659234
110,110.00813914538429
114,114.22054238122988
87,87.05169422244423
53,52.96055555555556
33,32.95021553884712
13,13.0
6,6.0
3,3.0
1,1.0
3,3.0
18,18.0
46,45.96555429864254
86,85.89902398989899
64,64.29535714285714
33,33.01601449275363
50,50.03135910464665
33,32.99775
33,32.91263095238095
25,24.995
30,29.974243055555558
31,31.004545454545454
52,51.89825073099415
51,50.97677472089315
33,33.02568810386473
26,26.014964080459766
6,6.0
13,13.0
16,16.0
21,21.0
7,7.0
4,4.0
1,1.0
2,2.0
12,12.0
71,71.21133730158729
244,244.35115079365073
429,428.89432808123246
225,224.6766947875826
110,110.21395634920634
106,105.98853784532457
156,156.05546894078145
124,123.8865214964774
137,136.8653827348544
117,116.75811544011545
208,208.5116478937729
331,332.2247110389611
318,318.281369047619
232,232.26562774725267
175,175.20629761904763
139,138.75702020202024
92,91.9788593073593
61,61.01998538011697
34,33.994166666666665
14,14.0
12,12.004705882352942
6,6.0
2,2.0
20,20.0
63,63.13672580000726
199,198.93116666666668
385,385.44379761904753
264,263.4934637445888
126,125.98538426157177
136,135.98308511580677
173,173.07501726855014
168,168.2660119047619
187,186.7701731101025
189,188.98277878228095
250,250.37634551233086
362,361.67239484126986
318,318.4895297619048
199,199.62202777777782
150,150.0551085164835
140,139.6716942155067
129,128.5781659521035
94,93.96072555222554
77,76.96845995670996
66,66.16458333333333
60,60.16774621212121
25,25.015987933634992
3,3.0
6,6.0
11,11.0
11,11.0
73,72.97397939560439
149,148.8895
192,192.10640997197245
236,235.9772896825397
283,283.2283077200577
286,286.5885557636807
293,292.2992949966699
299,298.55960352800787
241,240.73873015873014
185,185.04158333333334
172,171.99524435029198
154,153.6273362193362
124,124.10645367540955
83,83.10542857142856
95,95.22742442279942
66,65.78350694444444
74,73.91643065268065
62,62.05378683049406
52,52.023763157894734
19,18.9975
5,5.0
6,6.0
10,10.0
31,31.013645833333335
72,71.96502884615384
107,106.81042619227178
194,193.94522481684984
197,196.94233928571427
288,288.3266233072483
268,268.69226656760003
242,241.59687408424907
266,265.9965375180375
206,206.10935812961546
163,163.02390965325523
163,162.95502707749768
105,105.06681491547666
72,71.9528313933873
63,63.01830271117772
43,43.07
35,35.002857142857145
20,20.015
9,9.0
4,4.0
2,2.0
3,3.0
21,21.0
64,63.995357142857145
235,236.70973015873017
385,385.49529220779215
220,220.1111491125833
105,104.90019612332115
115,114.99831547619046
145,144.9279384920635
166,166.16108256939137
111,110.73576262626263
132,132.03856980519478
214,214.4101923076923
359,360.19113095238095
357,357.0754952388699
241,241.23051587301586
165,164.8717619047619
121,121.11025030525032
71,71.21119047619048
45,45.004247835497836
17,17.0
4,4.0
2,2.0
3,3.0
4,4.0
20,20.0
92,92.22433333333335
223,223.84111904761903
400,400.11291666666665
233,232.78316423853926
102,102.08931944444447
124,123.88536444519535
167,166.9315308857809
127,127.23698785294924
134,134.1498829144993
151,151.22797766816518
207,206.9597379598218
398,398.75064880952385
382,381.42165151515155
267,266.79967491869155
161,160.901584478022
139,139.47359163059164
107,107.21698151848155
59,59.05120367205894
22,22.0
8,8.0
2,2.0
3,3.0
4,4.0
26,25.99975595238095
87,87.58388522955804
247,247.88837914862913
467,467.39661507936506
239,239.36126877942323
142,142.20266666666666
115,114.91686093073594
144,144.11749046202334
133,132.73619357605995
151,150.76259469696967
167,166.35671071983572
245,244.85892460317453
396,396.15225
390,389.31794696969706
268,267.90303350455
175,174.8431726190476
154,154.07679223071617
104,104.12717089283265
51,50.966358054226475
50,49.99935989449147
20,19.985
7,7.0
3,3.0
6,6.0
24,24.005
92,92.00485533910535
258,258.1740266677768
457,458.3234722222223
280,280.13414087301584
109,108.93746410533912
135,134.77571962759464
157,156.81333333333333
164,164.04778895558346
132,132.0809010989011
82,81.92440705128205
131,130.94124567099564
324,323.2452475857476
377,376.57879474691975
287,286.71670198764076
221,221.1969306992028
155,154.738250115152
124,123.89491654587243
114,114.1406964285714
72,71.97483333333332
31,30.994545454545456
23,23.01
5,5.0
5,5.0
26,25.988541666666666
82,81.86
231,230.85775858863352
459,459.0996785714285
243,242.7229484126984
132,132.25895595662507
144,143.51030934343433
173,173.00800536881422
137,136.82185876455847
128,127.85790213952714
153,153.1683983116557
224,224.02243925963523
365,365.21178021978034
295,294.85288816738813
214,214.6799577067669
152,151.99311821840436
102,101.85196270477887
106,105.96670000261176
75,75.09779166666668
62,61.99204093567251
43,43.11625
58,57.81205303030303
26,25.995351461988303
9,9.0
9,9.0
17,17.0
20,20.0
59,59.099450341540134
100,100.36432664639284
181,181.0100492424242
209,209.25659905372405
244,244.558713023088
236,235.76739407814404
237,236.7081042776668
228,227.68654797979798
222,222.40069636490963
165,165.01856002249383
157,157.0655716991342
106,105.91782682595185
106,105.88365880769554
96,95.93543452380953
80,79.90416666666667
69,68.91978057359306
71,71.19597222222222
46,45.97805429864254
41,41.03512971342383
18,18.0125
1,1.0
5,5.0
3,3.0
12,12.0
32,31.971423611111113
81,81.08069444444445
129,128.846875
188,187.86620833333333
228,227.97090882034635
228,228.0645836086429
219,218.6163005050505
207,206.81542515123766
234,233.68144291819294
136,135.75693158063123
138,137.84086131996656
135,135.17653206964604
104,103.94359689330278
89,88.93728607503608
49,48.974877450980394
37,36.963960273279355
17,17.003920454545455
11,11.0
3,3.0
3,3.0
4,4.0
21,21.0
68,68.10225907425907
191,191.30378525641024
397,397.4172222222223
183,183.02471667221667
108,108.40570075757576
127,127.18721663059164
141,140.8713601190476
142,141.936625
137,137.42399913811678
159,158.5521726190476
208,207.94320259752322
378,377.67295863858374
354,354.0417141449639
251,250.69083531746028
206,205.59273015873015
127,127.02237451437452
107,106.99735225885227
60,59.84341123949579
21,21.0
6,6.0
11,11.0
2,2.0
4,4.0
15,15.0
72,71.72986309523807
268,267.8664665853581
432,433.3348935574231
259,258.43613906926413
129,128.87499893162394
129,129.19116773504274
175,174.87187810559007
181,180.96950946969702
138,137.84816666666669
154,153.63101082251083
238,237.67391817210557
431,431.0131137955183
411,410.460786553724
224,224.63423363313245
147,147.32116666666664
143,143.27445202823495
107,106.8500675158175
53,52.58958333333334
25,25.182795454545452
11,11.0
4,4.0
2,2.0
2,2.0
28,28.0
76,75.93723214285714
229,229.5147649711399
405,404.8670031635031
234,234.29924514374514
89,88.97856782106784
56,56.00115189957102
61,61.05770454545454
58,57.98945454545455
51,50.78
61,60.99355555555556
101,101.06251238222563
229,229.75679610667103
280,281.704128968254
209,208.76165873015873
167,167.0144798769342
123,123.15098299331389
105,105.16177398989899
54,54.25366666666667
27,26.991500000000002
15,15.0
11,11.0
6,6.0
3,3.0
16,16.0
64,64.0334126984127
186,186.1833869047619
343,342.59003392440894
228,227.42085828872715
141,140.840375
145,144.83793434343434
202,202.7905396825397
188,187.64641865079363
159,159.3818968253968
214,213.36294047619046
256,256.3403253968254
356,355.56046825396834
288,287.84799708216616
142,142.01058333333333
33,33.02779411764706
17,16.995
17,17.0
11,11.0
9,9.0
12,12.0
13,13.0
4,4.0
2,2.0
8,8.0
40,40.06062969924812
92,91.89722075922445
182,181.804351010101
156,155.74720496170497
104,104.06478525641025
174,174.00632196969698
170,170.02829964238654
194,194.17926190476194
200,199.99335660173153
203,203.0933908730159
181,181.10102614379088
140,139.86305581224332
95,95.06359563089129
76,76.22880952380952
50,50.05584845301757
32,32.01027777777778
47,46.97804153726708
25,24.985
23,23.011787437343358
16,16.0
26,25.999518128654973
5,5.0
3,3.0
4,4.0
10,10.0
10,10.0
27,27.0
56,55.97156856623769
56,55.988063686614396
71,70.97850961538461
94,94.06538324175824
121,120.89527633271813
85,85.116
97,96.90388888888889
99,98.68926388888887
68,68.15377760577915
35,34.997479166666665
25,24.99
24,23.927898523045577
19,18.995
20,20.137261904761903
17,17.0
6,6.0
4,4.0
2,2.0
4,4.0
1,1.0
1,1.0
4,4.0
5,5.0
23,23.025383928571433
43,38.545
85,85.275
66,66.377
79,78.38
86,86.23
91,90.11666666666666
86,85.50464285714287
44,44.01954545454545
30,30.07472222222222
16,16.0
26,26.020545454545456
19,18.995
17,17.0
16,16.0
11,10.974736842105262
10,10.0
7,7.0
2,2.0
4,4.0
4,4.0
19,19.00525
18,18.125
62,61.59909090909091
70,69.467
91,90.015
100,100.29
140,139.6991130952381
153,152.02266666666665
131,130.53470075757573
97,96.87809523809524
97,96.83948863636364
75,74.935
65,65.08162820512821
56,55.86071428571429
49,49.09198010323009
27,27.019499999999997
29,29.012830357142857
12,12.0
6,6.0
4,4.0
3,3.0
3,3.0
8,8.0
35,35.19445001887168
80,79.94950961538461
164,163.7514950396825
104,104.37515005827508
60,60.11712121212122
30,29.84880883699634
24,23.814444444444444
20,20.0
14,14.0
19,19.017
46,45.86880982905983
115,115.15127666083916
135,134.8673544421265
90,90.12777787775953
69,69.26124130517559
63,62.91444101731603
32,32.00075171998624
26,25.99
10,10.0
12,12.0
7,7.0
4,4.0
9,9.0
43,42.97857142857143
110,109.94657025585448
217,217.00292523923446
189,188.67852976190477
96,95.95072023809524
111,111.11479365079366
140,139.57043137254902
159,158.6982142857143
120,120.19327327654227
117,117.11668371212122
167,166.8382404817405
250,250.2451302276156
169,168.94937398712398
151,150.80520687645688
79,79.05130862193363
70,69.94945833333333
33,33.005393986217676
39,39.015
28,28.059520833333337
15,15.0
3,3.0
2,2.0
3,3.0
10,10.0
41,40.996886877828054
106,105.96619763715813
210,210.17602609890105
170,169.7421239177489
110,110.18440277777778
122,122.18918119747899
130,129.94575396825397
131,130.64133333333334
142,142.09851523476524
177,176.9162970726169
177,176.68190019702524
240,239.50315458520237
207,207.0110258853466
135,135.07880972128146
96,96.18475396825397
68,67.91355952380952
55,55.05679224452018
45,45.04375914400674
30,30.05575
20,20.07340909090909
12,12.004705882352942
6,6.0
2,2.0
10,10.0
32,31.9725422705314
95,95.01175384930684
205,204.63061111111114
194,193.9399563492064
118,118.18115472721722
171,170.78534722222227
197,196.83079490036107
207,206.89309325396826
245,245.08071428571427
292,291.5380049117549
283,282.9386868894993
242,241.91086904761906
182,181.9100393009768
112,111.82586363636365
91,91.08308566433567
95,94.88765873015875
85,85.14568871333346
73,72.91608333333333
44,43.895
35,35.0
28,28.005
18,18.0
10,10.0
1,1.0
6,6.0
19,18.888333333333332
49,49.06186904761905
90,89.86777776716747
128,128.06653325840824
217,216.57568650793652
273,273.2020927552839
313,313.2554404761905
300,300.52973214285714
253,253.46907142857145
195,195.00995075757578
129,129.1912005772006
93,92.85138086219337
92,92.14764150432899
71,70.95770405982906
52,52.108420454545445
38,38.014208333333336
31,30.985
48,48.03577380952381
93,92.97257738095237
75,75.04691666666666
52,52.07541666666666
8,8.0
5,5.0
2,2.0
7,7.0
14,14.01
40,39.692
70,69.66744281045753
138,137.9114271978022
201,201.07787500000003
223,222.92240476190472
267,265.8969722222222
265,264.39092063492063
215,215.09989554889555
111,110.69536904761904
106,105.9237772893773
105,105.1668784826285
83,83.09666666666666
71,71.19726754057345
66,65.98413888888888
29,29.004976190476192
39,39.00833333333333
12,12.0
7,7.0
4,4.0
4,4.0
14,14.0
16,16.0
53,52.98792628205128
68,68.06713725490197
109,109.24978571428574
175,175.00381746031746
202,201.98783333333333
176,176.12874473198363
151,151.31057772782773
168,167.82898611111108
154,154.10432447053512
153,153.06025
126,126.27379093129093
93,92.97496265621632
88,87.76286649388621
66,65.86614285714285
39,39.0
34,33.9910625
13,13.0
6,6.0
3,3.0
2,2.0
5,5.0
12,12.0
85,85.22065945070058
170,170.4367738095238
354,355.0194761904762
153,153.21065552308252
60,60.04154411764706
75,74.8565
74,73.98394597069597
73,72.96028385503386
79,78.98731944444445
77,76.63314298201799
136,135.99563373636167
245,246.03589682539686
224,223.76965079115928
156,155.61163383838382
115,115.835
68,68.23576934037139
33,33.0225
18,18.0
9,9.0
3,3.0
1,1.0
1,1.0
2,2.0
14,14.0
59,59.74212121212121
152,152.651030982906
315,316.01629761904763
180,179.7523118131868
64,63.988170756939134
46,45.82186309523809
84,83.96649621212121
91,91.00041883116883
75,74.97666264291263
90,89.97660732323232
131,130.91726433069854
281,281.4720541256988
289,289.1836102092352
184,184.72657142857145
123,123.05301437451436
90,89.66817224442225
52,51.93879166666666
32,32.02527777777778
14,14.0
5,5.0
4,4.0
4,4.0
5,5.0
26,25.990916666666667
78,78.41362866300368
215,215.65431135531145
388,387.48083116883123
227,226.78761959402829
86,86.08616409502858
84,84.02816378401441
120,119.90493932018276
118,118.23484602948652
117,117.07383567941717
119,118.8720195920351
197,196.8306928210678
412,411.57095238095235
383,384.08435768398266
265,265.50521626984124
177,176.73436525974026
97,97.11380375180377
71,70.95291697191696
60,60.02463961038961
25,24.995
8,8.0
5,5.0
4,4.0
3,3.0
13,13.0
70,70.10989911477411
205,205.40516483516478
447,446.76023809523804
241,240.84822619047617
116,115.98539004745257
138,138.11630700549452
191,190.85897731978167
204,204.11779329004332
178,178.20222721885963
222,222.1398725579975
294,294.1940149405334
476,475.50108134920634
419,419.3372356336474
272,272.18205158730154
177,176.90840674603172
154,153.83241071428571
135,134.73832993227967
101,100.75061904761904
79,79.12917628205128
62,61.91701423393858
38,38.00920833333333
20,20.0
10,10.0
9,9.0
7,7.0
20,20.0
64,64.21
130,129.9290753968254
203,202.84161172161177
324,323.7439188311689
376,375.9975
445,444.65
512,512.563
449,450.69199999999995
401,400.90841269841275
322,323.3292143412143
297,297.00465894660897
215,214.85568136724388
170,169.7997011183261
140,139.7498492063492
109,109.06104039016536
119,118.84954179154178
91,90.95032738095237
72,71.97480920724011
67,66.89665552584671
32,32.0147365967366
6,6.0
2,2.0
2,2.0
24,23.995
57,56.98949054621849
125,124.93741987179489
208,207.68770111832615
256,256.80766163003665
351,350.93538095238097
343,343.13091071428573
328,328.3790006105005
330,329.359069580746
314,313.5297352092351
219,218.92944390331888
181,181.362400523088
112,111.98461389101095
126,126.02287944271912
91,90.77557142857144
58,58.028175172780436
30,30.074927884615384
15,15.0
5,5.0
5,5.0
3,3.0
4,4.0
21,21.0
88,88.51581833036245
240,241.93175000000002
420,420.34427074314567
197,196.67602561327564
108,108.27877077783329
88,88.03300252525253
103,103.0176755368814
80,80.02375366300366
50,50.02034673659673
69,68.96891527777778
49,48.96512121212122
152,151.6887251461988
164,163.827373015873
190,190.7614583333333
132,131.81939177489178
79,78.90433898046399
62,62.08973740769465
52,51.94204545454546
14,14.0
5,5.0
4,4.0
4,4.0
23,23.01
79,79.07275961538463
222,222.5475967782218
471,472.57
195,194.39782738095238
83,82.75573232323234
101,101.20464339826839
140,140.1567104978355
178,177.94227182539686
106,105.84476154401156
136,136.18911466885606
240,239.79833548028765
460,459.9765974025974
385,385.2958160173161
281,281.2764677398625
200,200.11625198412705
116,115.81776971639472
114,114.14039880952379
41,40.95838038606131
28,27.98541666666667
7,7.0
5,5.0
4,4.0
2,2.0
22,22.0
74,74.08357577561327
256,255.94176521395278
499,500.34524019607846
225,224.75864696204212
97,96.74544642857141
99,98.72846645021646
55,55.03725155400155
65,64.8551499122867
73,72.93666043678543
79,79.05894444444444
118,118.16742557494106
134,134.0519799530535
98,97.8448345959596
93,93.02352976190475
57,57.00401839826841
29,29.013
49,48.97184343434345
9,9.0
3,3.0
3,3.0
2,2.0
3,3.0
2,2.0
16,16.0
89,88.84779905511155
220,221.2244255952381
508,509.1972116456815
230,229.9281352552676
90,89.7611884920635
119,119.1549948224505
144,143.6511866883117
183,182.68469244970714
156,155.5591865079365
188,188.05302285372883
281,280.4301215728716
495,495.71020634920643
421,420.36020670995674
330,329.82072483766234
240,240.12755449370897
174,174.0447257946657
133,133.10787941715148
67,67.0244761904762
42,42.1146875
12,12.0
14,14.0
7,7.0
3,3.0
21,21.0
73,72.9421111111111
177,177.71297619047618
419,419.7430602453101
214,213.74123439060938
103,103.18410768398267
114,113.82369444444447
154,154.11230555555557
154,154.08259126984132
129,128.90033333333335
138,137.8787619047619
233,233.0976263320013
332,331.02368722943726
301,301.53580600118835
206,205.55551190476191
136,135.82082555393953
102,101.88423749942865
65,64.90536731038569
65,64.92933017676768
44,43.97375
50,49.95187451437451
38,38.01526556776557
20,19.971666666666668
3,3.0
4,4.0
5,5.0
24,24.005
92,91.96780595793093
81,80.84034722222222
149,148.744
178,177.60212237925472
219,219.21127058113456
220,220.2518333333333
231,230.4397395104895
226,225.65689144189142
206,205.51544734432235
144,143.87656547619048
143,142.83891666666668
102,101.88905654761906
103,102.99513738059323
69,69.1452330119442
66,65.87044413919415
76,76.05583333333334
59,59.00368126114081
42,41.99491666666667
43,43.00583333333333
25,24.995
6,6.0
5,5.0
8,8.0
17,17.0
36,36.00302083333334
90,90.01048611111113
126,125.89711434398936
165,164.87611577311574
234,234.1067003968254
224,224.13377777777777
188,187.60224473292408
206,205.94786914637646
205,205.07591144966145
146,145.6855974025974
120,119.94619942557443
110,110.00924675324673
95,95.02482341269841
72,71.88334704184703
60,59.83333333333334
29,28.956999999999997
25,25.02
20,20.022717391304347
17,16.985
3,3.0
8,8.0
6,6.0
13,13.0
33,32.88605158730159
78,77.92328264790766
96,96.16457142857143
126,126.22454545454546
179,179.1259662698413
185,184.93078571428566
228,227.8555828399541
181,180.8850093101343
192,192.07800000000003
180,179.75937103174599
193,192.97920634920635
181,181.21185064935062
144,144.1239742063492
90,89.74130080080738
49,49.00716666666667
43,43.11496794871795
28,28.0
12,12.0
2,2.0
12,12.0
2,2.0
13,13.0
57,57.325535714285714
126,126.05966155424792
93,93.02721428571427
68,67.94762878787878
62,61.94232121847768
75,74.93057992424242
86,85.978167043469
103,102.94645592316179
132,132.32881485671192
129,129.05506439393938
219,219.4049385628991
462,462.28152976190466
463,463.70685533910523
308,307.88307573880365
180,180.3516920995671
180,180.16267261904767
90,90.00827102064605
61,61.23212878787879
17,16.997708333333332
10,10.0
2,2.0
4,4.0
1,1.0
29,29.064615384615387
88,88.12488083117861
263,264.7405694444444
489,489.67150000000004
202,201.3457764041514
93,92.74983728852847
114,114.03820436507935
161,160.97974216061718
130,130.04267261904764
105,105.10951332817508
130,130.1021845238095
176,175.7893511904762
346,347.7259722222222
355,355.1967767293092
256,256.71145091020094
165,166.09188492063493
124,124.00752622377622
78,77.91544362173774
38,38.016708333333334
16,16.0
5,5.0
3,3.0
4,4.0
1,1.0
19,19.0
86,86.36999730130978
206,206.3890476190476
423,421.81272023809527
210,210.08809163059158
108,107.85800757575754
99,99.08384873949579
111,111.08907724046342
124,123.87354116497538
119,118.70276798201797
127,126.99891306390978
193,192.92609672190557
385,383.55578571428566
361,360.2505587745587
234,234.3895753968254
191,190.84519930069925
121,120.79265873015869
90,90.41295454545454
56,56.1595
27,27.0
15,15.0
11,11.0
4,4.0
3,3.0
19,19.0
68,68.10464005512031
185,185.19833333333335
425,428.577
263,263.3989010642136
97,97.3552760989011
123,122.80272451159952
124,124.0410363247863
156,155.79334262476652
115,114.89639516733267
156,155.71200084154975
174,173.9922996031746
349,349.72194246031745
301,301.8481519607843
192,192.02244154456653
142,142.51820146520149
104,104.01065617715618
72,71.86493037518038
38,37.975
24,24.0
23,23.0
26,26.013244252873566
13,13.0
1,1.0
2,2.0
1,1.0
13,13.0
25,24.97
42,41.99616666666667
45,45.1507085643115
63,62.97844802222948
67,67.2005
76,76.1621751679693
95,94.79918434343433
119,118.8785891053391
118,118.04706743256742
106,105.94948954640127
110,109.93507110313242
85,85.58022222222222
67,67.115
69,68.92811674297926
59,58.907999999999994
52,51.95537878787879
52,52.02416666666666
50,49.922656948744404
47,46.89099572649573
21,21.0
2,2.0
3,3.0
4,4.0
13,12.995
32,32.01636805248415
63,62.88081039026763
129,128.99780357142856
133,133.03659523809526
185,185.17678446553452
199,199.28059668109668
182,182.06540575396824
176,176.0818033302482
155,154.97951765105807
108,108.15287500000001
121,120.916375
89,89.09355753968255
74,73.97478916916415
44,43.87333333333334
58,58.11
37,36.9921875
19,19.020625
4,4.0
2,2.0
1,1.0
1,1.0
19,19.0
42,41.98333333333333
122,122.12980332167832
272,272.4893273809524
211,210.84860683760687
149,148.96967261904766
62,61.98361378205128
62,62.077577061526384
37,37.049217948717946
61,61.06454545454546
74,74.02506804388422
122,122.25393271555103
276,276.05799404761905
282,281.3593234126984
220,220.00573788711293
169,168.76631253406467
120,120.21487247474747
68,67.97317045454544
37,36.98052083333334
25,25.014277777777778
9,9.0
8,8.0
3,3.0
2,2.0
26,25.991916666666665
89,88.84213317932068
232,232.1610225052724
490,491.2465
255,254.29762292568546
116,116.37115966386554
153,152.82001629072684
175,175.1354314256005
203,203.02106862331974
173,173.1636838235294
208,207.90484854034855
278,278.0389900793651
515,515.2538965201466
423,422.98297222222214
331,331.26042882811635
229,229.16467153679656
172,171.80447691197688
125,125.06366369047618
99,98.785
31,31.02107142857143
13,13.005
6,6.005
1,1.0
4,4.0
33,33.01
88,87.9361665038393
257,256.560955863581
513,511.54896489243475
236,236.22773194166936
141,141.03621463585435
157,157.11744047619047
193,192.91658333333336
212,211.95322846597847
160,160.4020654761905
155,154.68206439393938
246,246.12667302288347
470,469.3714917133521
439,439.40741666666673
316,317.1812380952381
235,234.76235200910205
185,184.79946753246753
113,112.80236111111111
66,65.85626190476191
25,24.99052203065134
21,21.01529411764706
7,7.0
6,6.0
3,3.0
28,28.0
88,88.18201071518351
239,239.14112844753288
530,529.3302813852813
274,273.7869537407038
108,108.02786082667333
111,111.15001653901652
165,165.06497023809527
173,172.55242247788442
128,127.97159668803418
164,164.1671587024087
224,223.88623725156853
413,412.7595595238095
406,406.0475225468974
313,313.0863412698413
224,223.96961845582612
192,191.8635862601451
142,142.56720995670995
91,90.92382507076258
38,37.98493223443223
29,29.01522913446315
13,12.999705882352941
8,8.0
4,4.0
24,24.0
72,72.12041666666666
134,134.01810541092897
220,219.77308519404573
107,106.8927209040959
126,125.90224181782273
105,105.05283748196251
180,180.00912637362637
201,201.1099111652236
176,175.94838432400934
197,197.12030017613105
267,267.7916896020646
422,421.82584595959605
383,382.70009126984127
251,251.22875613275622
159,159.38445924908424
135,135.12237796231548
119,118.93574585137083
86,85.95289029761088
69,68.88917039283817
58,57.8865
41,40.99038461538461
17,17.0
8,8.0
10,10.0
15,15.0
31,30.997045454545454
91,91.08937716450217
158,157.8766268037518
191,190.99326303406738
296,295.82468611943614
314,313.6475748556999
373,373.560496031746
362,361.6113015873016
410,409.9071428571429
407,406.727964105339
290,290.2728749355221
241,241.8364265873016
206,205.9548362332112
120,119.93377854090355
127,126.96319318181817
103,102.77800451998982
85,84.82657019777608
96,95.88458333333332
73,72.92026996614496
51,51.06774621212121
21,20.980119047619045
5,5.0
7,7.0
5,5.0
12,12.0
70,69.81214285714286
111,110.92216666666666
191,191.01312608225115
255,255.06186806249306
288,286.9988699813259
316,316.2731071428572
280,279.61312797619047
310,310.26508333333334
322,322.6818452380952
234,234.15608553823625
168,167.96177777777774
159,158.86435119047619
111,110.9568611111111
69,69.44786606461807
64,64.05617899869736
25,25.01833333333333
10,10.0
9,9.0
7,7.0
4,4.0
5,5.0
26,25.99163095238095
80,80.1445
225,225.2458119555883
493,494.1613888888889
198,198.45449801587307
85,85.40748900478177
99,99.26051540616247
134,134.28741403286256
132,131.9011111111111
115,115.12059343434345
138,137.6884533730159
221,220.8810972755315
438,437.7520416666667
410,409.54520238095245
306,305.7326896804176
181,181.41083333333336
162,162.9840238095238
94,93.93282469431155
52,52.22954545454546
15,15.0
8,8.0
2,2.0
2,2.0
1,1.0
22,22.0
104,104.27692532467532
279,279.19191666666666
512,512.1729140682588
261,261.1417026653902
144,144.23076388888887
139,138.76454365079368
194,193.9743596681097
198,197.75628881249472
160,160.38077272727273
177,176.8110520382395
307,307.02029155566663
559,558.2283333333334
502,503.0620131578947
328,328.1889398171272
238,237.67206911185215
165,165.18728921568626
129,129.284772005772
63,62.91509221627073
31,31.014827339842824
4,4.0
7,7.0
3,3.0
1,1.0
18,18.0
67,67.41421578421577
208,208.08711721611724
520,519.7437857142857
276,276.4829306519504
133,133.1206503219003
143,143.02296796422533
179,178.74420188145194
186,186.27286904761905
192,192.23039074581027
194,193.91232884517441
283,282.49038829226333
539,538.9570535714286
526,526.9328349567102
335,334.94254960317454
264,264.449119047619
233,233.09735468697963
140,140.28053535353533
97,96.85363888888887
31,31.055714285714284
17,17.0005
9,9.0
2,2.0
1,1.0
19,19.0
74,74.32924232456139
205,205.4472664835165
445,446.15323809523807
228,227.63763105440313
78,78.03162301587301
105,105.07378285031959
148,147.79202152817945
137,136.7708747135218
141,141.0399337121212
174,173.9120962885154
229,229.3213104256854
450,449.84576190476196
410,409.78561355311354
327,326.9050706168832
213,213.04973439060942
148,148.11779166666665
109,109.21369107335394
61,61.30732954545455
38,38.03878423659674
22,21.959333333333333
6,6.0
4,4.0
2,2.0
17,17.0
88,88.10674514741794
226,225.80788339519964
441,441.72279761904764
270,270.0166237373736
129,128.80361355311354
164,164.39663871774945
216,215.43911126373627
198,197.62797675812752
170,170.118338023088
216,216.25123351648358
311,310.5409259286648
488,486.8749523809523
385,384.87456296481304
267,267.44382485569975
163,162.8455279650905
134,134.18162498612497
119,119.25030357142855
77,77.05876703005457
86,85.9059007936508
43,43.37740032679738
44,44.164530573593076
18,18.0
6,6.0
4,4.0
5,5.0
28,28.01
90,90.07875392948556
157,157.07299999999998
224,223.91474399600662
270,270.177498925928
300,299.7399223970475
302,302.80635135534396
276,275.4006958817327
305,305.30959267803087
143,143.14071491228069
67,67.01525000000001
64,64.00197916666666
80,79.84908316683317
77,76.97699415861915
78,77.8925516983017
95,95.05372011914812
70,69.8226804168054
61,61.06575621345029
51,51.10415204678364
63,62.97791838665291
17,17.005
9,9.0
4,4.0
4,4.0
16,16.0
62,61.8160062134503
92,91.7614145021645
148,148.16300595238098
182,181.67398897630144
248,248.26807270507265
274,273.8855940382082
243,243.23441178266185
272,271.72308989621484
296,296.1368251123877
306,306.0472314907315
181,180.65965043290038
69,68.85769128787878
50,50.08266862845617
66,65.96781944444444
191,191.5461080855419
42,42.09302083333334
21,21.050833333333333
6,6.0
3,3.0
2,2.0
17,17.0
72,72.09802777777777
234,234.18773015873012
444,445.2264047619047
277,277.6657698412698
116,115.97149203574203
116,115.92159603017757
150,149.88962408424908
141,141.2722777777778
140,140.02627777777778
171,171.5911676379177
228,227.67553835747583
430,429.9912943510738
437,437.60704166666665
291,291.50012499999997
201,200.47197023809528
154,154.35429472814764
87,87.00738794538795
46,45.9877209653092
23,23.0
14,13.979845399698341
4,4.0
2,2.0
3,3.0
15,15.0
100,99.93970447281477
299,299.4943635620915
529,530.8718452380953
289,288.3338482726424
116,115.96843363701515
129,128.88473449248121
172,171.97819393025276
184,184.2200963203463
138,137.86614898989902
146,146.0026212121212
276,276.1577957320458
509,508.38345888455376
518,518.9688392857142
338,339.3845297619048
212,211.56852353202353
190,189.89700793650786
118,117.75706181318682
51,50.740325577200586
23,23.0353125
10,10.0
1,1.0
1,1.0
1,1.0
20,20.0
98,98.09981704406701
281,280.8785348124098
508,507.68789341785674
253,253.15829554473305
108,108.48224149315597
102,102.09326426024955
138,137.92907142857143
126,125.96871148989898
108,108.15245833333334
54,54.05899754667846
75,75.02443472222222
155,154.83603027333228
167,166.9649380409107
161,160.8876111111111
125,125.13166071428572
129,129.16949404761905
98,97.91617743367742
60,59.90728472222222
26,25.986225820962662
12,12.004705882352942
2,2.0
4,4.0
1,1.0
18,18.0
76,76.12847619047619
267,266.70123642662804
484,486.58015277777776
238,237.82877637640144
97,97.06972041847044
99,98.73959788822287
158,158.06428968253968
154,154.0320556715237
144,144.18500000000003
134,134.27642617679257
238,237.5087053959112
399,399.0102365689865
417,416.85486810411817
295,295.1865421122995
199,199.5213452380952
177,177.0579583333333
107,106.94008759442312
84,83.90010984848486
43,43.0470770173454
13,12.999705882352941
16,16.175
5,5.0
2,2.0
17,17.0
64,63.97697758287465
230,230.60800642413133
448,452.70027380952376
275,275.0082989028945
124,124.09387927350426
153,152.60478174603173
176,175.7132916666667
192,191.71508748196243
146,146.02217275195565
191,190.80991883116883
268,267.9925671273171
396,395.4248571428571
359,358.2020836444258
262,261.8193273809525
151,151.39541976773225
122,122.19158152507485
113,113.00093470418471
65,64.815
53,53.073003787878775
45,44.85128618262859
26,25.999807692307694
9,9.0
4,4.0
2,2.0
9,9.0
19,19.0
78,78.27487866300368
90,90.01613357475861
166,166.01609780497282
183,182.88188034188036
221,221.5233880772006
235,234.87550800588295
243,243.13738229825728
124,124.26959326784328
146,145.868
144,143.8304366883117
108,108.03651654047704
87,86.97160224089636
63,63.06311468889615
48,48.02791300366301
46,46.117120098039216
20,20.0
21,21.0
24,24.0
27,26.9435775862069
14,14.0
1,1.0
3,3.0
2,2.0
18,18.0
26,26.027797824302137
63,62.97194859307359
91,91.03961525974026
124,124.06530387667888
140,140.35804166666668
138,138.06480988455988
111,110.83449675324675
155,154.7311874236874
164,163.98678343659267
87,86.96358476684138
96,95.96052490483373
80,79.89438293650795
57,56.96499999999999
36,35.95712174553212
28,28.0
23,23.01
9,9.0
6,6.0
4,4.0
1,1.0
2,2.0
17,17.0
72,71.88133116883115
195,196.3761388888889
417,418.960771062271
205,204.54484188034192
71,70.98422433122431
90,89.8924607753358
118,118.07831280729073
140,139.67881672494173
135,135.0785536619813
155,154.629157511677
211,211.01924377011875
407,407.35327777777786
405,406.1665892857143
263,262.9902658730159
214,214.90183333333334
147,147.31170833333334
102,102.03436111111114
36,35.99010416666667
14,14.0
6,6.0
3,3.0
3,3.0
2,2.0
22,22.0103125
90,90.01311129148631
280,280.47145147907645
513,515.4878273809524
262,262.16051587301587
98,97.88638906926408
112,111.93595067258686
172,172.0976625449714
173,172.6983501082251
124,124.16491666666668
145,144.91201817042608
266,265.7038214285714
523,522.234619047619
406,406.1065813492063
281,280.9832177398624
184,183.7054324148074
109,108.84110774029891
77,77.19210732323234
57,56.99160173160174
22,22.0
5,5.0
4,4.0
3,3.0
1,1.0
25,25.093625000000003
95,94.9967108351315
321,322.8445
515,516.5528273809524
231,230.76888600288595
120,120.14871962759463
138,137.59904617604622
163,162.6217883497222
170,170.14329058441558
134,134.08168080775434
171,170.83112592880977
231,230.80810254000386
487,486.60692857142857
468,468.14759523809516
311,310.8831468253968
211,211.14303635253637
178,177.86931974969474
107,106.75557245678297
58,58.00881911217437
23,23.0
5,5.0
7,7.0
1,1.0
3,3.0
20,20.0
87,86.69166909441516
288,289.5806071428571
498,500.0402136809269
202,202.39791666666667
44,43.94166666666666
71,71.05180266894939
45,44.96502890151101
64,64.06988250931104
31,30.94563983984282
53,53.00737878787878
118,117.96029069051862
289,289.44466269841274
353,353.230639317014
258,259.4292121212121
216,215.83450183150183
145,144.73737477215764
111,111.1479165375827
73,72.95601757964259
34,33.990916666666664
18,18.050250000000002
12,12.0
1,1.0
1,1.0
16,16.0
71,70.91814713064713
226,226.20190860893487
520,522.069590909091
283,282.60130555555554
116,116.2965996238061
142,141.9020833333333
198,198.11547168109664
205,204.65946557651273
170,169.95870833333333
221,220.84102029914527
307,306.85087372337455
465,465.2035519480519
377,377.18594673382177
282,282.88419891065246
171,170.4286645021645
129,128.71750653513152
107,107.1161767607393
82,82.00089880952382
86,86.0118879062415
45,44.97107819264069
45,44.97582224025974
18,18.005
7,7.0
1,1.0
9,9.0
41,40.92583333333334
102,102.26082831751579
138,138.19179166666666
205,204.92712287712288
286,285.28578914141417
369,368.8843484154733
384,383.4553682200152
427,425.725
499,498.1613801958911
404,404.218
364,362.8548641456582
246,245.94888888888886
188,188.16124062049067
148,147.92400198412696
114,113.80954581529582
118,117.86616674297925
74,74.084
74,73.9563237179487
72,71.9448313933873
48,47.98092763772175
15,14.995
3,3.0
2,2.0
5,5.0
14,14.0
56,56.01785037878787
93,92.94676037157288
191,190.81044444444447
226,225.60740476190472
255,254.94771554834054
261,260.357628968254
237,236.8143611111111
253,252.36708333333337
212,212.1893096348096
157,156.92
167,166.7910381007881
119,118.97544205182075
103,102.775
36,36.023986185383244
55,54.8484624125874
35,34.98166666666667
41,41.06746794871795
15,15.0
20,20.0
8,8.0
6,6.0
10,10.0
44,43.995
120,119.87529656862745
110,109.77230988455986
143,142.9174188189262
208,207.36235606060606
281,280.60182306255837
312,311.88267370129864
263,262.8326095154845
289,288.77807693001455
280,280.2028433617037
253,252.60795967594493
242,242.4475709706959
172,171.60219393025275
126,125.99811731038574
98,97.95852976190477
62,62.100110816664426
26,26.026499999999995
12,12.0
7,7.0
3,3.0
2,2.0
15,15.0
86,86.0380477530372
279,279.1452083333333
464,465.6387222222222
217,216.7103188249659
85,85.12683819620354
86,86.01704659447358
163,163.29686637300608
131,130.85451785714284
124,123.55738230519482
160,160.1575634920635
254,254.3711351981352
432,432.1542698412699
425,424.50795634920644
304,304.8525
227,227.9283026556776
154,153.57478037528344
100,99.89975178661207
47,46.9140324912016
24,23.972738095238093
7,7.0
6,6.0
4,4.0
2,2.0
30,30.01
90,90.001466991342
302,301.7964932306255
576,578.3391666666668
252,251.9747236652237
139,139.1143329228243
171,170.84079635642138
207,206.94221357115103
190,189.792489010989
177,177.06525432900426
195,195.04066548496004
298,298.44719239094246
529,528.9814285714285
525,524.23375
327,327.21010188422684
274,272.87854137012704
239,238.83378807630265
147,147.24198717948718
62,62.0418108974359
42,42.032877450980386
15,15.0
9,8.964285714285715
6,6.0
1,1.0
32,32.026487100103196
91,91.04243063186814
326,326.4725608974359
560,561.7269166666666
242,241.30915829962527
148,148.20830555555554
182,181.9483009559885
224,223.97858285056446
218,218.19364359700754
192,191.84391480595426
217,216.7252643606394
343,342.8790683621934
610,610.6158333333334
522,522.4374512987013
369,369.07398977411486
269,269.57839210002135
222,221.6667207229905
137,136.7889559386973
85,85.02799999999999
46,45.93056677350428
18,18.0
5,5.0
5,5.0
2,2.0
26,26.003880952380953
82,81.71375
272,271.49846115288216
469,467.80860786435784
244,243.829347985348
141,140.90091269841272
163,163.20083333333332
228,227.94603463203458
183,183.07430952380955
31,31.022474691974693
94,93.98473214285714
178,178.07597852474322
256,256.18522484459993
300,300.4658069242848
233,232.84762506937503
167,167.13167091873555
152,152.49608333333336
106,106.0739146825397
86,85.92823412698412
61,60.985587466261805
46,45.976204416054955
38,38.032950903263405
7,7.0
2,2.0
3,3.0
13,13.0
23,22.9753125
93,92.958592032967
122,122.18733441107771
183,182.81592261904763
210,209.86334302503056
258,258.39437499999997
226,225.39393707681202
216,216.09226262626262
232,231.80332124819626
195,194.837256480076
159,158.7845
133,133.1010726911977
149,149.29629761904764
105,104.95928228715731
85,84.8902323232323
82,82.009
91,90.94121212121212
70,69.89883333333333
55,54.955773721892136
42,42.10833333333333
21,21.0
6,6.0
5,5.0
2,2.0
22,22.01
59,58.93666666666666
87,86.92529365079365
188,188.17888633988036
227,226.4128232323232
305,305.13637301587295
325,325.3641132756132
331,330.8769742063492
353,352.576119047619
339,338.46568452380956
287,286.93023001997994
216,215.08229166666663
143,142.8900974025974
88,87.63800916444667
83,83.10778488178488
71,71.11737671624715
64,63.91833479225024
29,28.97125
6,6.0
4,4.0
2,2.0
1,1.0
16,16.0
90,90.00288510101011
280,281.6285229076479
528,527.1436861471861
230,230.34674876430756
104,103.97131746031747
103,102.87629855561103
177,176.74332738095242
182,181.99095833333334
158,157.9525
174,173.8995070028011
286,286.1785166769505
529,529.1378333333333
527,527.85995995671
334,332.7457638888889
219,219.1189025557776
195,194.98164285714287
92,91.83878733766234
56,55.97458312520813
10,10.0
6,6.0
3,3.0
6,6.0
2,2.0
21,21.0
101,101.20185714285715
325,324.54931089743593
559,559.05675
232,231.39258669108665
132,131.80346428571428
163,163.08987221112224
183,182.82618276168273
190,189.8654388111888
134,134.01598445100652
166,165.9237000997369
287,286.22769737052596
530,529.5290952380951
449,448.8441666666667
306,305.4734845799625
204,205.41717216117218
188,187.7936388888889
101,101.17930866437486
65,64.86438210890417
32,32.03153389154705
6,6.0
4,4.0
2,2.0
29,29.073
104,103.87139664502165
253,253.14719633838388
116,116.18350000000001
38,38.28821428571428
10,10.0
10,10.0
70,70.15023887163561
76,76.00957081529583
56,56.05470833333333
90,90.22528751833823
167,167.03745534060454
253,253.1686794733045
192,192.18079459347842
102,102.82169047619045
97,97.31856024531027
39,38.95939170040486
55,55.100801282051286
33,32.97290998329156
11,11.0
12,12.0
6,6.0
3,3.0
5,5.0
18,17.995
109,108.92148322300335
304,304.4036997602071
594,594.1898333333334
286,287.4539296536797
133,133.20925107817018
168,168.05872886835385
220,220.01994212877761
211,211.10980929487178
211,211.00833734321233
223,223.1837316084759
361,361.7265448717948
600,599.9931408730158
525,524.0051711665527
328,328.0918690476191
254,254.0303457375958
197,197.3720692640693
126,126.08291666666666
85,85.09381421356422
46,45.83621853228471
20,20.05983273809524
6,6.0
3,3.0
2,2.0
24,24.0
92,91.88195997833867
262,262.6937678571428
549,549.915
314,313.70139652014655
132,131.7135591133005
194,194.1992334887335
234,234.13873315573318
222,221.68507694900137
205,205.13033605283601
78,77.92127180744093
50,49.93245760233917
128,127.78027272727272
160,160.00649496337
174,174.0831781756181
100,100.00105905695612
101,100.99916666666668
75,74.9939931041181
23,22.973665413533837
22,22.01
44,44.21217207792208
38,37.96666666666667
21,21.0
2,2.0
2,2.0
7,7.0
16,16.0
48,47.892545454545456
94,93.98511416361416
168,167.88871554834054
214,214.13739646464649
299,298.30386147186147
339,338.734334799862
430,430.74
399,400.2211904761905
467,466.3803333333333
385,384.7
303,302.56702365146936
225,225.20346872389308
149,149.0652162698413
154,153.9725230880231
134,134.07737062123704
106,106.36623717948719
72,72.03763415750916
76,75.83446428571429
80,79.82597969187674
26,26.025448717948716
14,13.99470588235294
5,5.0
5,5.0
23,23.0263125
66,65.90105128205128
118,117.95370894383397
192,192.1703171813818
256,256.01399999999995
327,326.8442545787545
364,363.89762806637816
332,331.58734294871795
334,334.38645100732595
299,298.91493235930744
263,262.7375
184,183.6936892551892
132,132.23769642857144
88,88.02454004329003
79,79.06130862193363
62,62.141082391658045
26,25.999807692307694
17,17.005
6,6.005
4,4.0
1,1.0
1,1.0
18,18.01
91,90.96072253441007
260,259.9339203019203
428,427.87296697012135
197,196.8209716386555
86,86.0981388888889
103,102.84983730158729
137,136.77880576441103
120,119.94292640692642
128,127.65729955461205
130,129.9571794871795
210,210.39475885225883
387,386.5729641053392
375,375.13447115384616
226,226.29435539988907
179,178.9401887973138
120,120.11657215007212
78,78.09827182539682
31,31.01975
8,8.0
6,6.0
4,4.0
1,1.0
3,3.0
25,25.082172824302138
102,102.02923015873019
275,275.54042261904766
501,501.6726488095238
233,232.56934790209786
129,128.774118513431
130,129.85091433566433
138,138.15692567155068
164,163.96266473911368
136,135.89192791883707
166,165.77609178321677
250,249.96969319242854
446,445.1436071428571
457,457.9754538239538
287,286.89548319327724
187,186.80354166666663
148,148.227141025641
106,106.01626042829716
54,53.9529500915751
15,15.0
5,5.0
4,4.0
3,3.0
3,3.0
18,18.0
108,107.88114697254503
344,343.24471840659345
566,569.919
264,263.9484943528694
147,146.8965413011696
161,161.1863611111111
215,215.07590755772006
205,205.1412591991342
175,174.870733426704
209,208.6485119047619
288,288.0976316526611
612,610.8908075396826
544,544.1986666666667
361,360.5912748917749
260,259.8672833277834
188,187.9407380952381
159,158.88589484126985
62,61.85032138439046
46,46.088632164404224
21,21.01287784679089
11,10.989347826086956
3,3.0
2,2.0
29,29.0
109,108.8345423334835
334,335.9651136363637
585,587.7431666666666
301,300.6176593839167
138,137.97791666666666
204,203.81812736650605
251,250.81053733766237
233,232.93308930652682
203,203.08437558356675
185,185.20139273769712
342,342.2504365079365
597,595.3764503968254
590,590.3411805555556
416,415.63381196581196
302,301.8613042651793
233,233.01923318429934
153,153.32640094790827
94,93.9138565046065
54,53.95115842490843
26,25.968665890300464
11,11.0
7,7.0
1,1.0
29,28.97318181818182
85,84.59916666666668
268,267.4730075305241
501,502.00150595238085
284,284.2103309314095
159,158.74829563492062
187,187.44844841269838
201,200.9115421176046
224,224.14780769230768
178,177.80458073870574
238,237.68320609945607
343,342.38791666666674
566,565.22184375
470,470.9841683006536
244,244.04504166666663
159,159.33558170995673
141,141.15977146464644
107,106.78380658230655
86,86.00702738274798
77,76.80703429495341
51,51.23583333333333
42,41.98404411764705
16,16.0
4,4.0
10,10.0
12,12.0
40,39.9675
111,111.10230681818183
148,147.77914862440193
223,223.44888446275942
274,274.0475435350469
329,328.6869770899037
357,355.97585028860027
379,379.7246388888889
406,405.99479419191914
390,390.8114112554112
354,353.82551573426576
297,296.9953435730936
184,183.73539224664225
121,120.59662974917129
110,109.82319957126207
100,100.065
83,82.99521428571428
69,68.98114285714286
61,61.0890763888889
66,65.84491666666666
22,22.058467948717944
7,7.0
10,10.0
17,17.0
72,71.90005873293372
90,90.06157323232327
218,218.16129365079368
299,299.04793650793647
410,409.12300000000005
464,464.8887142857143
501,499.5860694444445
487,486.73166666666674
509,506.75333333333333
498,495.7154166666667
389,390.59898214285715
258,258.2141223359974
171,171.16942658730153
147,146.62570772283274
94,93.90162490981241
52,51.684761904761906
24,24.007308270676695
10,10.0
9,9.025
2,2.0
3,3.0
16,16.0
88,88.09253276543718
268,267.50287477439133
564,562.7371527777779
281,280.9212948717948
137,137.3058160866911
150,150.45717915499534
221,221.6201930438842
250,250.29214285714286
221,221.06091071428568
233,233.25856385281384
332,331.79826053113555
644,644.0164772727272
712,712.085
446,444.77062499999994
286,286.0938139790766
205,204.88966269841268
133,133.10179904004042
63,63.022452288423665
26,25.997115384615384
16,16.0
1,1.0
2,2.0
1,1.0
24,24.0
113,112.68080353500223
308,307.27101613827347
593,591.5026111111112
342,342.7208446692197
143,142.8564722826194
219,218.84553968253968
244,243.29919663506433
233,232.8009655205905
212,212.02437500000005
264,263.8361309523809
365,364.58890476190487
676,674.7289999999999
734,735.72
479,479.47156687675067
351,351.07235714285713
244,244.02053510378508
170,169.85597355422357
87,86.8992030889862
39,39.01
27,27.035555555555558
2,2.0
4,4.0
5,5.0
27,27.00916666666667
121,121.26973214285715
368,368.07968782606287
662,660.4725
351,351.2215239898991
188,188.2184243811744
220,219.76275396825397
267,267.0136577380952
254,254.06935692085696
224,224.12297496947488
283,282.33190422077917
356,355.8039166666666
782,779.98
749,750.07
472,472.5350208333334
330,329.8860376501079
288,288.25517373737375
202,202.0237564935065
91,91.22165252109002
60,59.866658730158726
23,23.65544444444445
19,19.315
7,7.0
14,13.705
26,25.999807692307694
117,117.12235255972101
381,381.01896201510897
623,624.0883333333334
315,315.2578337079587
164,163.65727272727273
211,211.4713918997669
265,264.51163690476193
273,273.0603340340215
258,257.7863023088023
287,286.5485128205128
426,425.46859523809525
713,711.005
746,746.6959523809523
425,424.4716547619048
330,329.29157408726894
243,242.45991242091236
169,168.96335714285712
97,96.72765476190474
57,56.9558893557423
26,25.99116589030046
4,4.0
3,3.0
3,3.0
32,32.02815376676986
99,98.67686430236431
278,278.26833134920633
562,562.9644087301589
312,311.40240691989584
180,180.10970957819697
207,206.9117207792208
294,294.0713823051948
260,260.282
202,201.7927686688312
107,106.83521038030597
129,128.75306944444444
258,257.5511607142857
408,408.59538306832053
296,295.5362083333333
235,234.96841719799806
152,151.98216704822954
148,147.8275101010101
126,126.23507575757577
100,99.68922222222221
69,68.88099603174602
42,42.07586111111111
26,25.999807692307694
2,2.0
8,7.89
30,30.018
86,85.3241765873016
218,218.05669047619045
321,321.02241666666663
443,442.07083333333327
585,583.7097916666667
651,649.62
686,685.99
690,686.84
679,678.415
685,681.15
648,648.7644047619048
560,560.6073749999999
417,417.745
271,271.14172307635175
223,222.87605952380957
211,210.65662393162395
185,184.9136666666667
107,107.04128220390722
113,112.95384418767506
56,56.299499999999995
18,18.01
14,14.030571895424837
6,6.0
11,11.0
42,41.722
96,95.9675
178,177.78759433621934
351,351.69625
368,367.5261031746031
503,501.08765256241344
544,543.8838333333334
521,520.82
554,552.474623015873
541,542.4126785714285
541,541.5951785714285
459,458.74625
352,351.6621971223221
198,197.70697916666666
173,173.02216666666666
100,99.91566666666665
46,46.04875595238095
23,22.983707080200496
15,15.0
8,8.0
2,2.0
3,3.0
31,31.025402997737555
120,120.19106331168831
354,353.74937715756477
579,580.5954166666667
331,331.19870893904437
184,184.08234208152962
201,200.81961805555554
282,282.6336956834016
263,262.5510654761905
260,259.47310299422804
286,285.7692083333333
385,384.92655576441103
721,719.68
801,801.545
549,549.3257983682984
330,330.07935515873015
223,222.624218686757
148,148.35178894716395
54,54.05634311032106
29,29.016781713828227
15,14.954444444444443
10,10.0
3,3.0
6,6.0
20,20.0
100,100.23759174730498
170,170.17056547619046
516,515.4082147852149
325,325.0403765457782
163,163.1250341880342
230,230.03698701298705
261,261.24998992673994
284,283.1523779761904
248,247.75051785714288
244,244.0104365079365
431,429.67357142857145
750,750.8242857142858
801,798.845
555,555.1742485569985
377,376.4747420634921
277,277.2359642857143
188,188.13793753626848
90,89.95042658730159
33,33.0175
26,25.996165890300464
10,10.0
8,8.0
4,4.0
39,39.07083333333333
149,148.886875
372,371.80184523809527
535,533.3249166666667
293,293.3386326728828
154,154.13236904761905
192,191.9388383268778
229,228.91338221500718
303,302.3432615995116
225,225.27563690476188
243,243.27555555555554
378,377.7075
729,727.415
779,773.835
582,580.5973333333333
374,374.1498809523809
251,250.67746699134196
197,196.81738568376073
125,125.045
41,40.99331944444444
30,29.88
6,6.0
7,7.0
6,6.0
34,33.974347826086955
136,135.71931208901177
361,359.3719359430774
649,649.846
318,318.4383906844173
142,141.87067307692308
219,218.9514228312537
272,272.43218161821846
298,297.8359732142857
257,256.27155952380946
304,303.7594186507937
425,423.6550714285714
810,804.71
801,799.1
586,588.741375
424,423.4354345238095
374,373.7638333333333
220,219.90923217468804
151,150.5533630952381
95,95.1379558080808
50,49.295
32,32.02521886446887
10,10.004833333333334
3,3.0
34,34.09
116,116.16275595238093
346,345.68450000000007
662,661.6391666666666
380,380.23191666666673
275,275.0375
318,318.2475
471,469.646875
428,427.715
432,433.54
472,470.17383333333333
589,588.3566666666667
957,903.4655555555556
830,791.505
686,680.18125
445,445.8309642857143
284,283.984317002442
271,271.6781532079031
176,176.10213744588745
156,156.37671924603177
128,128.030936036186
69,68.88934868421053
32,31.75999038461539
7,7.0
4,4.0
28,28.02580257936508
70,69.95449025974025
154,153.7818125108587
249,249.5575
345,344.3166666666667
273,273.3284523809524
183,183.30364346764352
196,195.52666666666664
223,222.8426388888889
290,290.0216666666667
177,176.70847402597403
115,116.48
137,137.04784615384614
133,132.65781926406925
111,110.65938636363637
104,103.94626948051948
83,83.24116666666667
105,104.88752253302253
80,79.97265873015873
89,88.83318429636813
35,34.96333333333333
18,17.9075
8,8.0
6,6.0
18,18.12
39,38.84708333333334
89,88.84702983971366
118,117.81445616883117
250,250.1941666666667
323,323.2568333333333
360,359.87927435064944
367,366.71534632034627
414,412.5307142857143
421,420.2783809523809
492,491.70255952380955
419,419.07166666666666
491,490.95849999999996
375,375.4116369047619
259,259.0021426767677
149,149.0537932900433
111,111.11744859307359
65,64.85207556588148
33,32.99137133699634
28,26.86125
20,19.825
1,1.0
4,4.0
36,36.00963398329436
117,116.92877636660724
370,370.08596545121543
657,657.2728282967033
282,281.88428158646906
153,152.83833333333334
178,178.16605296092794
279,279.1915765729369
301,300.85822390109894
217,217.33254010025064
223,222.99272222222226
305,304.4609397808074
664,665.1433333333334
684,683.40375
458,458.34877380952383
221,221.0898294738887
186,186.3294673382174
93,92.93317631673882
48,47.892583333333334
10,10.0
5,5.0
7,7.0
4,4.0
3,3.0
17,17.0
101,100.98467526101348
286,286.22386446886446
581,580.8416666666667
267,266.3321716719383
138,137.66791666666666
175,175.13706944444442
220,220.7195484307359
211,210.96086111111111
184,183.8823333333333
200,199.55186904761905
305,305.04442272956925
614,613.9396428571429
644,642.0129653679654
417,416.70839087301596
294,294.0848809523809
221,220.76007142857142
134,133.81178588078586
64,63.95673062558357
30,30.014615384615386
8,8.0
3,3.0
5,5.0
1,1.0
40,40.13355393729078
115,114.89775992063493
358,358.0691207106204
658,660.11
314,313.9580398441427
173,172.70687752525248
222,221.99945580808082
268,268.03585699023193
273,272.97752542815374
221,220.8884357864358
199,199.60179138916635
221,220.63306926406923
604,604.93
641,639.8546082251082
456,456.66423809523803
362,362.2067658313907
261,260.9157661574537
172,172.13733928571426
93,93.0445195707071
48,48.28045768610475
33,33.308214285714286
6,6.0
5,5.0
9,9.0
32,32.01107800919411
117,117.30215117083215
367,366.57098717948725
654,654.1607211538462
321,321.7420634920635
166,165.97392984792984
220,219.69471939317987
292,291.74845286902644
273,272.7938085052203
238,237.90143315018315
307,306.3028701298701
388,387.7353295739348
703,701.9016666666665
681,680.7683333333334
468,467.51116666666667
335,335.8185892857143
224,224.2961563758524
152,152.05539393939395
94,94.21962232905982
59,58.96648982757438
27,27.095583333333334
7,7.0
7,7.0
2,2.0
26,25.991916666666665
86,86.02856388967837
289,289.33576551226554
593,594.2352157287157
321,320.9823540348541
187,187.0277677322677
201,201.5161319375069
270,270.37958547008543
242,241.83830265567767
229,229.0746957070707
280,279.55846392496386
367,366.569996031746
606,603.6727500000001
560,559.6743452380953
395,394.5312844611529
209,208.86022538029607
220,220.01562027310928
153,152.83820670464414
123,122.65874080329661
92,92.11611291486291
82,81.9175
69,68.96368201754386
31,31.076
8,8.01
5,5.0
23,22.950333333333333
44,43.97649299719888
145,144.9889649122807
223,222.79811111111118
313,313.52757142857143
463,462.6182380952381
621,620.245
638,639.812880952381
551,550.295
605,603.4924404761905
535,534.955
543,543.27
341,340.70700983044736
284,283.67089285714286
208,207.76497949272948
143,142.7732777777778
156,156.13310714285714
112,112.0542760989011
67,67.05966666666666
62,61.941073232323234
81,80.63195833333333
25,24.9975
12,12.0
18,17.9075
97,97.139773989899
84,84.06057936507936
125,125.126
275,275.25069985569985
360,360.58113059163065
451,450.1744047619047
445,446.35020833333334
464,463.30109523809523
561,557.535
573,570.37625
511,510.09505747694334
555,556.146111111111
432,431.8916666666667
346,345.83049331662494
232,231.43596230158727
134,134.41125
68,67.99570238095237
63,62.99738570712913
17,16.873809523809527
5,5.0
5,5.0
4,4.0
24,24.005
110,109.67051218307837
306,305.5878492912316
589,589.6648409090909
317,316.5722738095238
204,203.32764285714282
209,208.87229166666665
281,280.6000961538462
281,280.79558531746034
268,268.7551388888889
324,324.1
395,395.22275
729,725.415
618,617.3025
494,494.34967380952384
329,328.74990742872103
238,237.76295256132758
123,123.15122063638977
66,66.04931944444445
33,33.025749999999995
11,11.0
5,5.0
3,3.0
1,1.0
27,27.00666666666667
100,99.94872431408461
341,341.3351870629371
604,603.8414285714285
408,407.69345238095235
219,219.6025833333333
258,257.47696428571425
331,330.30127152014654
345,345.16898324336483
311,311.1043452380952
316,314.8949642857143
485,483.48125
757,755.255
800,798.865
558,556.4740277777778
379,378.6210238095238
243,242.901993950494
158,157.74533333333332
79,79.04060551948052
41,41.123999999999995
11,11.0
5,5.0
3,3.0
1,1.0
27,27.005
126,126.02247167468303
366,366.2599761904763
684,683.8782499999999
363,362.8960932539683
167,167.38854166666664
213,213.03328185703182
283,282.85977654698246
251,250.82406890331896
258,257.8778174603175
268,268.4886183608059
390,390.8129902882206
744,744.4942857142858
759,758.0633333333334
494,495.67143373015875
372,372.47626534576534
298,298.1262722155651
181,181.213375
131,130.8899605263158
45,45.15545726495727
13,13.0
18,18.075
5,5.0
1,1.0
29,29.0
126,126.00217216169604
354,354.54513552310266
638,636.9038461538462
351,351.11546428571427
246,245.9436111111111
268,267.26120833333334
276,276.8592297147298
291,291.03924188311686
287,287.05
269,268.57072222222223
402,402.9119047619048
822,814.0366666666665
698,696.785
487,488.10744444444447
312,311.0513163026586
234,234.78031955544458
149,149.22244037212786
136,135.8696721366439
61,61.017426406926404
38,37.97
11,10.999347826086955
8,8.0
5,5.0
23,23.0
80,80.15783333333334
246,246.10437377899882
508,508.2381354718554
376,376.4307976190476
238,237.70808080808078
291,290.0566666666666
337,336.7192022283272
411,409.18333333333334
490,490.47586492674
537,536.9166666666667
536,536.12
655,650.9966666666667
484,484.49543506493507
412,410.7292445887447
252,251.846625
190,190.29328553064585
158,157.76139448051947
113,112.93318198468198
94,94.02080463980465
69,68.73029761904762
36,36.04618055555556
28,27.957083333333333
7,7.0
2,2.0
19,18.995
54,53.77852506265665
123,122.98164159451659
276,276.265
363,365.152
495,494.2847042124543
590,584.805
643,628.035
578,575.45
626,627.3380000000001
615,607.98
567,574.565
517,515.8192777777778
413,412.65
208,207.76464285714286
234,233.64879365079366
182,182.29708333333332
118,117.79817045454547
85,85.46051527176527
64,63.89226492951493
32,31.845
26,26.007545454545458
7,7.0
12,12.0
28,27.95305555555555
37,36.925625
84,84.16333333333333
179,178.29866712235133
299,298.87619047619046
404,405.06
457,455.65162499999997
483,484.61989285714276
503,498.9914166666667
486,484.531
476,479.58912499999997
411,411.0635
310,309.8582895299145
276,275.5435404326066
211,210.9888843101343
130,128.96864285714287
118,118.05318055555557
51,51.138285714285715
37,37.04604166666667
16,15.98494230769231
6,6.0
3,3.0
5,5.0
32,32.00629229490839
111,111.11329784085545
331,331.52779761904765
617,618.61875
286,286.1298174963925
178,177.72301831282755
223,222.4775
280,279.61930681818177
281,281.9083333333333
218,218.08319444444444
255,255.4754166666667
391,391.06207957393485
632,632.9148106060607
646,645.4922272727273
421,420.6738923796792
276,276.4386925574426
165,164.85962997567447
108,108.09747169497173
67,66.80908333333333
26,26.00504104292562
9,9.0
2,2.0
2,2.0
2,2.0
24,24.0
103,103.08953571428572
384,383.7522562070283
692,691.5694722222222
319,318.6878571428572
181,180.59662484737484
239,239.26376190476188
259,258.9675151727358
283,282.87197782079033
224,223.92906150793652
203,202.92920269395637
362,362.2330416666667
744,746.0542857142858
704,702.8466666666666
479,479.3426720354809
282,282.0607058080808
206,206.02529207748782
127,126.95259343434344
62,61.93244444444444
30,30.037222222222223
12,12.0
2,2.0
2,2.0
27,26.941511904761906
106,105.95297759185257
321,321.1965277777778
595,596.4466666666666
302,301.3448959512709
153,152.71710290566529
180,179.89139457356367
182,181.99267063492064
163,163.18144909583884
135,135.32054166666668
202,201.99744055944055
307,306.9327619047619
579,582.3367857142857
585,584.2658055555555
384,385.13802840215345
235,235.3810308441559
165,164.48416961510713
134,134.63131450738803
61,60.91903340175477
23,23.005
9,9.0
4,4.0
5,5.0
1,1.0
21,21.0
96,96.2185146103896
306,305.5461561094134
624,625.2370833333333
287,286.93104671154424
141,140.87387133699633
224,224.27170039682542
259,258.63024585137083
203,202.913421446609
224,224.14663888888887
211,211.3610461760462
353,353.4204166666667
656,656.7661904761906
610,608.3166904761905
433,432.71239285714285
280,280.3688791070041
187,187.12052994227994
158,158.20709523809523
94,93.9133959096459
55,54.98697744360902
30,29.99621212121212
11,10.999084668192218
11,11.0
5,5.0
21,20.996032738095238
84,84.14676587301587
296,295.96535229748457
563,563.1839424603174
330,330.0876188533689
192,192.54660119047622
233,232.98593488455984
322,321.7661666666666
358,357.7570833333333
348,347.47977824952824
352,351.70959523809523
463,462.08257692307694
738,735.31
671,672.825
427,426.10900000000004
286,286.38380191475187
189,189.34165370740374
215,215.19324368686867
198,197.72399477861325
96,95.82357539682538
70,70.08712520200388
56,55.994567515817515
32,31.969974691974695
14,13.999444444444443
7,7.0
21,20.997877976190477
64,64.1336036803324
160,159.81061904761907
265,264.5672202380953
406,404.7801388888889
564,562.8472321428573
678,677.9075
678,678.255
660,658.93
658,656.1019047619047
582,581.9580000000001
560,563.275
481,481.155
459,459.29699999999997
321,321.38055952380955
220,219.88790841184957
212,211.88982990620488
196,196.39791666666667
124,123.81109582084581
106,105.77898214285715
74,74.03555555555556
45,45.002222222222215
12,12.004705882352942
10,10.009833333333333
16,15.981847069597068
46,46.53447222222222
97,97.13011363636365
251,251.43606944444443
421,420.4075
528,525.455
635,634.1820833333333
681,678.3
628,627.2041666666668
617,616.9387857142857
616,616.4025
623,623.3013095238096
479,479.8736666666666
379,379.0740833333333
291,290.21482647907646
229,229.1788095238095
134,133.90633928571427
90,90.00271723646723
41,41.13166666666667
28,27.965222222222224
14,14.010277777777778
8,8.0
6,6.0
38,37.91
133,133.1725881389852
387,387.2193427871148
597,596.9909617604617
297,296.97998537573534
224,224.01174007936504
251,249.815625
271,270.7823104256854
263,262.78359740994296
288,287.6873044871795
275,274.8731221988795
358,357.2411895743146
712,711.79
676,673.7320833333333
522,522.9862023809525
375,375.09575000000007
271,271.3636955316255
214,213.9345505050505
121,120.86704752680184
43,43.038000000000004
11,11.009084668192218
4,4.0
6,6.0
9,9.0
30,30.004615384615384
144,143.78402940115436
461,461.3871122488622
673,672.6266488095239
400,399.06543849206355
217,216.61460894660897
239,238.6566593406593
244,243.19454166666665
239,239.06610714285713
257,256.66828805916316
308,307.5028033910534
370,369.74701190476196
781,779.11
775,773.4725
537,538.4187756132757
402,402.37033730158726
297,296.7065897268582
162,161.7819861111111
82,81.87360714285714
38,38.025
14,14.0
9,9.0
6,6.0
7,7.0
34,34.0
134,134.05653024753028
418,418.57301889776886
576,575.9158333333334
265,265.2885774919525
147,146.72812964812965
119,118.70872127992781
110,109.55804791736041
64,64.27331776556777
51,51.01829960317461
98,97.98638888888888
235,234.58735790435054
488,487.51653170359054
505,504.3904433621934
368,367.9310745614034
260,259.78348698523706
189,188.55404779942276
162,161.88205966949718
70,69.94170424020425
25,25.02916666666667
13,12.999705882352941
6,6.0
4,4.0
4,4.0
30,30.111473173176154
120,120.08053769841268
406,405.22330871905865
677,675.4353571428571
301,301.66210949557694
189,189.27907575757573
229,229.07372576035073
264,263.6690654761905
238,237.4654175824176
237,236.87696070596073
262,262.3255
387,387.24702005012534
748,750.3488333333333
776,776.415
586,583.6605000000001
404,403.6627480158729
267,267.5401039238539
248,247.54800205496252
144,144.25924646187147
64,64.0783774509804
25,25.012415890300463
21,20.98611296583851
10,10.0
3,3.0
25,24.99
113,113.12885144512352
359,358.27852475102446
700,698.645
359,358.83350774627417
237,237.10303030303032
254,253.30577380952377
362,361.2887063492064
381,380.62821428571425
394,394.6881428571428
407,405.7896071428571
580,575.795
819,821.3811257631257
668,667.5288333333333
492,492.23858730158724
341,340.6350376984127
287,286.9072579365079
202,201.89708847402596
187,186.91166165635127
142,141.70946474358973
88,88.18884234746736
81,81.13862878787877
29,29.01780257936508
9,9.0
1,1.0
31,31.08058333333333
76,76.21664285714286
201,200.9097634310134
331,330.53225000000003
482,481.16637499999996
608,609.1841666666667
640,639.4147023809523
649,648.2677380952381
609,609.6266666666667
628,628.2519642857143
639,639.1584047619049
568,569.63
416,414.7938333333334
54,53.99697189819984
39,38.96333333333333
102,102.09829166666664
110,109.96902872127872
91,91.09373681873682
117,116.89556150793649
73,72.93450757575756
56,56.03509369307164
40,40.04383116883117
7,7.0
6,6.0
12,12.028333333333332
24,24.006
51,51.03591071428572
79,78.78949085636586
68,67.93829761904762
77,77.0900878010878
61,60.98291666666666
52,51.93598538011696
53,53.0595946969697
38,38.15803205128205
36,35.927560049019604
27,26.985
39,38.95222036297036
35,35.02
35,35.02
11,11.0
13,13.0
17,17.0
6,6.0
2,2.0
4,4.0
1,1.0
3,3.0
14,14.0
45,44.97301465758501
207,207.6465293040293
482,483.2711742424243
272,272.1007023809524
100,99.70297222222221
101,100.98009455128205
129,129.08251388888888
107,106.9855909090909
114,113.88194444444449
112,112.1544466089466
103,102.99211601307188
232,231.91090990953478
379,379.0535828060828
298,298.1324879396203
203,203.05325793650792
152,152.2110967325373
89,89.09175421800421
59,59.02134805268261
13,13.0
7,7.0
3,3.0
2,2.0
3,3.0
22,22.0
120,119.59159361471859
390,392.43083333333334
611,613.73
308,309.308501984127
162,161.83957412358882
184,183.75574938949939
224,223.96951399806326
224,224.0282759028252
216,215.681375
236,236.32352953479264
362,362.36566666666675
691,693.385
632,629.1341666666667
482,482.4343134920635
285,285.7177581292118
226,226.3026157572003
157,156.94560344516597
73,73.01214303751803
36,35.6475
25,24.950333333333333
7,7.0
3,3.0
6,6.0
24,24.0
106,106.02344386169385
389,388.6479201680671
654,656.5928571428572
321,320.82429054279066
182,181.396401856872
219,219.53917361111115
269,268.6107187118437
228,228.17316055289743
223,223.16235637973136
229,229.2379426406926
376,375.8282878787878
732,731.915
709,705.0944444444444
543,541.9880952380952
380,380.414826950827
239,239.0518364152188
192,191.98509938672436
104,104.06196626984129
43,42.93375
23,23.005
13,12.999705882352941
6,6.0
3,3.0
17,17.0
127,126.8011133705476
225,225.45061537439165
362,364.03213690476196
201,201.68479365079367
139,138.87825793650796
151,150.88533945221445
204,204.49580998168503
197,196.8406769480519
169,168.82720616883117
204,204.0795152543535
318,317.86867309864056
614,614.5416666666667
664,664.0715833333333
464,464.42955357142864
337,337.23043650793653
250,249.62364395326895
183,182.69138843795096
112,112.27662498408455
73,72.90373376623376
35,35.11676838235294
22,22.079553571428566
3,3.0
6,6.0
19,19.0
120,119.90120909645911
315,314.49352200577204
592,591.8471212121212
334,334.74284397546893
236,235.83099242424242
233,232.78730494505496
307,307.0347439627366
306,306.3724621212121
300,299.9707619047619
324,324.0310317460317
440,438.9307857142857
702,699.97
654,655.155
441,440.31411904761904
289,288.5588987068487
208,207.69455781024533
158,157.970625
116,116.09897548405701
103,102.98299756615934
67,66.98871212121212
57,56.99182142857144
26,26.008075820962663
2,2.0
5,5.0
28,27.92625
55,54.86461309523809
158,157.99
214,213.82123015873017
291,291.02438053409
358,358.23896338383844
381,380.60904761904754
389,388.90188095238096
440,438.74933333333337
408,407.5823571428571
376,375.9657835497835
322,322.04240277777774
90,89.90876948051945
139,138.85067063492062
102,102.04875
84,84.05970467032967
83,83.0018125
42,42.06
36,36.00963398329436
42,41.99333333333333
40,39.96
16,16.0
4,4.0
6,6.0
7,7.0
27,27.029488095238094
107,107.25581827894327
185,184.96074542124543
380,380.40316666666666
411,411.25460101010106
584,584.3580555555556
595,593.8260952380953
653,651.4166666666666
603,603.6941666666667
587,587.5639166666666
522,522.115
487,487.5308333333333
375,374.44165854978354
243,242.8805339366516
204,204.1833898809524
108,108.0675641025641
82,82.16347222222223
48,47.67418369620575
24,23.844777777777775
8,8.0
4,4.0
2,2.0
20,20.0
123,123.00957371794871
349,350.15042857142856
596,596.4966666666667
268,268.1885188214563
157,157.0466432178932
163,162.49476625498684
225,224.93334260184264
247,246.88571031746028
218,217.7280587213355
231,230.76021901709402
347,347.0443731684981
683,682.525
664,663.9965833333332
471,470.17577380952383
309,309.3408667443666
221,221.35113023088022
134,134.06627403474576
60,59.75951757066463
35,34.98133333333333
21,21.0
8,8.0
3,3.0
8,8.0
17,17.0
26,25.999807692307694
169,168.94331605750202
557,557.8784722222223
349,347.735393939394
174,173.8703911756888
229,228.75027547044454
269,269.3129202388056
249,249.4720046897547
204,203.84468077383264
234,233.71195970695976
354,354.521625
681,681.0416666666667
743,740.3466666666666
487,487.54548268398275
335,335.1401634199134
282,281.78304051534224
211,211.01836187423692
95,95.07585026778779
47,46.995020703933754
15,14.586113782051282
16,16.069583333333334
6,6.0
4,4.0
33,32.99438354037267
120,119.78346085858588
358,357.7376224112146
666,666.923125
315,315.18623930236436
175,174.80263036378827
184,183.81500505050505
245,245.38631965256965
228,227.63330580122485
240,239.4186726190476
256,255.74201282051283
367,366.9409543650794
729,728.005
813,811.7791666666667
504,504.89166666666665
338,337.40939178876675
239,238.6174208083583
173,172.98484219362513
98,98.1551645021645
90,89.90850106837604
24,23.809777777777775
17,16.996666666666666
6,6.0
2,2.0
21,21.0
136,136.04026019813517
384,386.13007547109754
627,628.5466666666667
304,304.0972092352093
168,167.89609164120193
201,201.3252718201057
301,300.8023892496392
265,265.442452991453
204,204.0983280669635
283,282.6575101540616
370,369.3941868131868
704,705.785
706,703.5836111111113
522,522.0616666666666
420,418.98309935897436
299,299.26020520618556
246,246.39320080066128
121,120.98781127516162
89,89.18720238095237
48,47.96
11,11.0
14,14.0
4,4.0
24,24.0
135,135.0451102994228
356,356.06397052747025
618,618.8460119047619
294,294.1736055056056
199,198.94083139083136
258,258.0262757520258
171,170.43615231990233
278,278.00222799422795
242,241.73791666666665
343,342.00464772727275
440,439.9418066378067
643,641.35125
641,640.8710606060606
452,451.2879772727273
313,312.940653096903
235,234.91328174603174
232,232.36365836532738
256,255.79736202686203
153,153.09050953728004
107,107.07410561660564
75,75.17055555555555
32,32.0015521978022
9,9.0
22,21.77833333333333
42,41.97675
87,86.76323013791766
197,196.67592735042737
284,283.8742970779221
432,430.8825
575,574.6265277777778
550,549.46
524,526.665
428,427.23
541,537.4914285714285
540,539.9101785714286
502,500.65179166666667
434,433.28
405,406.1900833333333
309,309.2901964285714
269,269.4066703088579
217,217.39234920634914
149,149.13975793650795
134,134.0037976190476
121,120.361
93,93.30152182539683
28,28.202738095238097
16,15.826666666666664
11,11.0
17,17.0
36,36.05758333333333
114,113.89097727680816
191,191.12145909645906
333,332.86466666666666
414,413.6356666666667
558,558.173875
565,567.2143988095238
518,518.734
571,569.01
544,542.4349166666666
511,512.2029583333333
463,462.11449999999996
383,382.83829166666663
276,275.9962322399822
203,202.92390773809527
157,156.37016901546522
102,101.83458333333334
34,33.90494642857143
9,9.0
6,6.0
5,5.0
2,2.0
23,23.0603125
142,142.00961309523805
385,384.97442070919277
639,638.0029166666667
350,349.48541666666665
190,189.76623290598292
213,212.73051580364077
263,263.096119047619
272,272.0247135642136
239,238.6704015222823
262,261.74079200701254
388,388.1932746019461
769,765.962875
680,678.805
546,546.9679094794095
323,322.63715525472554
247,246.5576209346209
173,172.9943964646465
113,112.99503945074531
38,37.92
9,8.48
16,15.901666666666666
6,6.0
5,5.0
20,20.0
165,164.66986616161614
463,463.62116330891325
641,640.92225
295,294.96679134468485
157,156.85876470057724
217,217.24736152882204
263,262.7118407842158
219,218.96096076700218
71,70.86287072649573
134,134.11561080586083
389,389.31552777777773
717,714.93
710,710.98
458,457.945625
302,301.91007440476193
223,223.33205952380956
147,146.85524999999998
63,62.98862475484612
35,34.90375
14,13.99637254901961
1,1.0
2,2.0
5,5.0
28,28.00875
126,126.04310094818732
418,418.0860259740259
622,622.7954166666667
325,325.10082575757576
153,152.96361176389325
201,200.68052836052834
280,280.223832567759
266,266.25076416638916
243,243.02555555555554
259,258.78785714285715
357,356.61650000000003
705,705.3341666666665
372,371.73424816849825
98,97.97957485569985
51,50.98754853041695
34,33.98666666666667
67,67.1755
55,54.95323272071066
33,33.000035714285715
11,11.0
3,3.0
3,3.0
2,2.0
24,23.995
139,139.04572229853477
401,402.3608333333333
630,628.5316666666666
361,361.3339176587301
154,153.89383347682087
256,255.83291666666668
272,271.8331832881171
318,317.1977175324676
247,246.79284199134202
271,271.16154671717163
421,421.9150457875458
732,730.2244444444444
770,768.4045416666667
553,552.9219022366524
374,374.0884523809524
230,229.869347041847
232,231.86475
135,135.21455278822054
64,63.84321428571428
46,46.15222382478633
31,30.53
13,13.02
9,9.0
26,26.01224989839763
135,134.82324192719048
351,351.57573809523814
620,619.7614285714285
322,321.85574021811533
210,210.25525000000002
291,291.2023441558441
348,348.31630702208423
363,363.00613690476195
334,333.26576515151515
439,439.20583333333326
525,521.4
779,779.945
596,595.0653333333333
503,501.02307539682545
341,340.97016176470584
270,269.9368565439139
234,234.42745772283266
180,179.85146401800813
136,135.87629853479854
93,92.94470505189254
56,56.07475463425464
34,34.03196428571428
9,9.0
13,13.01611111111111
33,32.94399038461538
67,66.88328431372548
178,178.11770879120883
335,334.4966428571429
411,409.34613744588745
522,522.1025
559,559.354875
659,658.5775
615,614.7745787545788
590,590.033
591,589.535
576,576.9616666666667
546,544.285
439,440.44416666666666
287,287.3686111111111
230,230.05073809523813
274,274.07528830891334
176,175.8243986291486
98,97.65095833333334
94,93.84664781746032
82,81.83494444444445
28,27.99068181818182
9,9.0
12,12.0
21,20.99388888888889
60,59.94958333333333
156,155.83979166666668
222,221.8386011904762
350,350.489880050505
428,428.505
531,530.19
602,602.8
552,552.7044444444444
499,500.90279166666664
564,563.9683333333334
478,478.13
389,389.25012499999997
339,339.25175468975476
230,229.78119444444445
169,168.9651099317349
131,130.836
74,73.9831746031746
35,32.61
11,10.954833333333333
2,2.0
2,2.0
6,6.0
26,25.987708333333334
65,64.95554325331531
75,75.056151984127
156,156.73958333333331
110,109.86274242424243
59,59.04809515432969
79,79.17556926406927
185,185.0381075591076
176,175.97400595238096
171,170.90149206349204
196,195.8836301337551
111,110.91710335497835
229,229.02202426739927
300,299.73754860118095
304,303.6590713330786
189,188.88531578144085
152,152.13187525303638
129,128.93817857142855
75,75.02978431372547
32,31.935714285714283
19,19.120333333333335
4,4.0
6,6.0
5,5.0
8,8.0
24,24.015
92,92.13433333333334
409,410.2224114774115
355,354.3924595959595
171,171.1547583885413
224,224.0418863636363
264,263.72586507936506
239,239.03093347338935
184,183.98225505050505
256,255.82459940059942
374,373.67779365079366
678,676.5716666666667
733,732.02
512,511.50783333333334
263,262.3726538600289
109,109.04145075757575
83,83.20833412420914
71,70.93008231351979
39,39.232166666666664
21,21.098333333333336
19,19.128666666666668
6,6.0
4,4.0
38,37.97666666666667
158,157.9484275793651
440,439.74588726551235
650,651.2499583333333
347,346.7320403762904
192,191.92716292735042
267,267.1639464285714
330,328.96677899347395
350,349.80524999999994
263,262.59913690476185
274,274.3744731183848
446,445.92711706349195
873,873.9066666666665
846,847.5468611111111
590,588.3249065656566
459,458.33662499999997
393,393.5982043650793
286,286.20514889971145
133,132.62334523809523
79,78.983
28,27.944375
16,16.161127450980395
3,3.0
16,16.005
35,35.00697010869565
159,158.88731150793652
474,473.2252599206349
634,633.4566666666666
346,346.2161369047619
205,204.90428030303036
279,279.39545634920637
348,347.54718452380956
327,326.80725402824305
270,270.1168474156563
316,316.2511915584415
430,429.505119047619
852,848.695
868,861.605
537,534.09625
446,445.89425595238083
299,298.62342250971534
251,250.90938816738822
166,166.16224134199135
70,69.83605105392974
49,49.101000000000006
21,21.89125
14,13.994340277777779
11,11.0
34,34.00029411764706
182,182.0911864973262
515,514.0937179487179
745,743.665
361,360.92593154761903
255,254.94183950771458
334,334.011367063492
360,360.2093820346321
395,394.45
350,350.02885714285713
391,391.3824583333333
568,566.335
812,810.0785873015873
669,668.4563333333333
483,481.44528571428566
337,336.4903757908758
258,258.1848690476191
251,251.26926312576313
174,174.05292640692642
148,147.75979930690227
104,104.13097023809524
69,69.08459523809523
33,32.97044871794871
14,13.993506944444443
12,12.0
50,49.75577826340327
95,94.9482058080808
195,194.87417765612213
292,291.7036111111111
452,451.1415833333333
586,585.6440555555555
642,643.1673214285714
704,702.7375
730,713.79
672,669.45
642,648.903
626,624.1916666666667
645,640.915
432,434.045
315,314.2169761904762
259,258.76193722943725
338,337.83891071428576
239,239.13738095238097
170,170.15453710178707
130,130.05
98,97.33
66,65.435
16,16.0
8,8.0
25,25.0025
90,89.91589285714286
171,170.86361904761907
313,312.8789601648351
432,432.60375
581,583.43
637,634.12
607,607.4825
543,543.48
502,500.7113509751118
577,577.4675
549,549.3033333333334
474,473.34641666666664
402,400.5369682539683
274,274.20376920465156
233,232.93732881987285
145,144.85711194361193
86,86.08215476190476
40,39.86664583333333
15,14.994166666666667
11,11.0
2,2.0
7,7.0
15,15.0
79,79.038086996337
153,152.9351580592825
270,270.1396865079365
186,185.9504374236874
99,99.13
106,106.10659258519262
170,169.59750747863248
184,183.04284770845095
180,180.09162781686592
225,225.0386717032967
315,314.5961160510241
508,508.00875
530,529.7069910714285
448,447.10699999999997
336,336.3198999195249
241,240.85790208892413
142,141.77967927905428
97,96.96574796037295
36,35.715555555555554
27,27.051875
11,11.0
5,5.0
7,7.0
17,17.0
137,137.28488736263736
324,324.72297756410256
590,590.3715656565656
333,332.0395696295664
200,199.56080032467534
189,188.940892010767
254,253.89269318181817
243,243.11866351540618
222,222.2654226190476
245,244.99204662698412
386,386.82219722099364
785,785.4971428571429
785,783.4821428571429
364,364.11585780885775
373,372.90859523809513
261,260.8032383796759
174,173.87814367335562
105,105.05604731379732
47,46.42638888888889
32,31.56
12,12.004705882352942
5,5.0
3,3.0
35,34.9955
160,160.00627472527472
468,468.27543470418476
719,717.8433333333332
297,297.1684009132563
191,190.60164520202017
197,197.03495512820516
248,248.05495454545456
270,270.39448953823955
248,248.15508928571427
257,256.9069761904762
278,277.78123895304043
285,285.5513272713398
327,327.4434612193362
376,375.9960687229437
295,295.699130952381
245,244.78742775280276
159,159.4058412698413
106,105.97699398934401
56,56.00322566526611
30,30.205833333333334
16,16.0
4,4.0
5,5.0
30,30.008000000000003
156,155.66396376057517
415,414.7483313492063
692,692.8709722222222
301,300.8001017316017
185,184.77670589826837
221,221.52663675213674
289,289.3995297619047
302,301.79324200064644
252,252.27487698412693
291,291.10588139026
390,390.18424007936505
798,798.275
752,751.29
492,492.8645150793651
398,398.21147817460326
285,285.230730437618
243,242.83852752802756
167,166.82455592691622
73,72.93367424242425
42,41.653
23,23.01033333333333
14,13.981947115384614
9,9.0
30,30.007045454545455
113,112.65557439782438
359,359.3501726190476
583,583.6515
340,339.30951497113995
232,231.76646230158735
283,282.38125
321,321.2074353216228
333,332.4424672619048
367,367.0482321428572
466,465.7909013278388
584,584.16
653,647.8375
522,517.7
404,403.80535227272725
350,349.50379818370044
255,254.7060409035409
212,211.66296421633922
166,165.9929156089009
116,115.91976257076257
82,82.06
64,64.07239255189255
31,30.958000000000002
2,2.0
10,10.0
31,31.081942640692642
54,53.92126959151958
141,141.17307967032968
289,288.43976602564106
437,436.54083333333335
520,519.581
529,528.125
539,533.724696969697
564,562.595
513,516.885
504,502.58468247694344
462,461.725375
415,415.035
373,373.1026666666666
255,255.80783333333332
251,251.073125
204,202.9109184981685
150,150.0383073870574
137,136.75548268398268
78,77.80539682539683
61,61.251999999999995
36,35.993125
11,11.005
7,7.0
22,21.7975
52,51.495
151,150.1543333333333
270,269.485
424,425.115
519,516.9582386363637
570,567.93625
498,501.275
547,551.655
535,542.91
501,500.73262295313384
522,520.5828571428572
518,516.1966666666666
442,445.77
392,391.0676742424242
143,143.6675
59,58.98486876114082
96,96.23430303030304
65,64.431
59,58.839285714285715
48,47.52
18,18.00875
6,6.0
9,9.014833333333334
20,19.9
67,66.88141666666667
155,154.61666666666667
263,262.6492857142857
364,365.56199999999995
476,476.295625
525,524.295
556,548.1325
465,465.27
460,459.8298333333334
501,501.2487664141414
405,403.6274848484848
383,381.81938961038963
395,394.9845238095238
317,317.1558333333333
247,247.00604166666665
157,156.8084908910534
82,81.65933333333334
45,45.14690170940172
14,14.0
8,8.0
3,3.0
5,5.0
33,33.00009782608695
154,154.14208271719045
450,449.5788181818182
634,634.4775
257,257.0792936507936
183,182.3931223893066
197,197.14224044011542
237,236.36217265556078
239,238.96014417363685
238,237.62575000000004
256,255.59411507936508
393,391.8101585497836
781,779.0916666666666
710,709.2569444444443
526,525.8355068542569
204,204.02702042029728
71,70.85631944444444
55,55.05475961538462
50,50.01
36,35.96066666666667
4,4.0
5,5.0
5,5.0
6,6.0
41,41.01308067964028
144,144.05369231572524
483,483.4564066700843
671,671.5212202380952
305,306.0414989177489
177,176.8973514851162
208,207.7695823065823
253,252.1573993506494
289,289.1853854617604
252,251.91867911255412
275,274.7701358363858
398,397.4208360484546
839,838.4899166666667
796,796.1591666666667
556,555.4731590909091
431,431.2032976190476
304,303.9978491715913
217,217.08055494505493
160,159.89887698412696
61,60.91071212121212
26,25.996582556967134
14,13.989340277777778
8,8.0
8,8.0
33,33.00009782608695
178,178.28856379731377
507,507.33645293217285
693,693.7600277777776
311,311.5949426272257
220,219.61750396825394
218,217.57055735930732
292,292.31866788644356
293,293.6866594169719
254,253.89513614163613
290,290.24521636002885
487,487.0462128427129
827,829.3855
785,787.427767857143
591,589.5931666666668
479,477.4869999999999
359,359.2890281385282
264,263.26040476190474
140,140.0153823708971
86,85.98642857142858
34,34.00529411764706
16,16.005
4,4.0
6,6.0
45,45.05593167249417
141,140.84461441336438
402,401.6958988095238
694,695.2712777777775
298,297.79626190476193
204,203.97062417525282
235,235.09970634920631
310,309.91510256410254
316,316.16889774114776
254,253.42326190476194
258,257.7429848484848
222,222.510744047619
227,227.43757981601732
110,110.13942460317462
45,45.08188094785649
39,39.07465510366826
85,84.91096428571429
23,23.005
73,73.0107025058275
86,86.08684238895687
76,75.93464285714285
41,40.935072115384614
26,26.109682539682534
13,12.999705882352941
12,12.0
36,36.056333333333335
86,86.12656904941463
210,209.9655477178051
332,331.54981345043853
493,490.46178030303025
536,536.7333333333332
668,669.075
679,678.783
647,645.2525
702,701.375
644,643.9636547619048
586,585.7779166666667
512,511.7
554,552.1833333333334
399,398.4068571428572
316,316.50012797619047
228,227.9752440476191
238,237.67615207015206
169,169.2511892829393
121,120.8924638510644
89,88.74172835416215
50,49.754333333333335
13,13.0
12,12.0
22,22.03581762192056
35,35.0005
140,139.9248400937298
300,299.80505497280495
404,403.8973879870129
511,512.446
684,682.0991666666667
686,685.2759166666667
678,676.563
644,645.435
662,662.0175
578,575.8058333333333
496,496.03608333333335
453,452.1341666666667
314,314.2868641774891
246,246.05002976190474
226,226.01038896520143
108,107.56742715340215
49,48.689229872251936
14,14.01
11,11.0
5,5.0
8,8.0
35,34.997479166666665
139,138.80907972582972
517,517.7808392857144
665,666.480625
282,281.5692531357531
187,186.91998809523812
239,239.04833333333335
282,281.7510959293974
274,274.27715092097446
270,270.0337462121213
292,292.43583432539685
448,447.83136778499266
834,831.2965833333333
822,823.0641445221445
645,643.3029166666668
461,462.47490025252523
265,266.04995762570763
168,167.84984007659008
86,86.11669802346778
34,33.81375
20,20.111
8,8.0
5,5.0
5,5.0
36,35.99662681926273
184,183.95969486069484
569,568.2579166666667
710,709.6033333333332
335,333.90839729699684
176,176.0795
227,226.57297787629034
247,247.02899999999997
267,267.16515659340655
276,275.3621083099907
272,272.00468612637354
473,472.5155416666666
850,849.65275
790,788.9425
513,513.1487643467643
415,414.3780158730159
283,283.0417592476968
193,192.7222757936508
113,113.02770853166437
49,49.020602240896366
27,27.071595238095234
11,11.0
8,8.0
10,10.0
38,38.00766369047619
172,171.9375791847042
547,547.6908333333333
668,667.7761904761905
303,302.73426257028416
203,202.91328905122657
226,225.76432667332662
315,315.2144349192475
303,302.80039682539683
302,302.13990277777776
300,300.44020138888885
452,451.76116666666667
724,721.33
782,782.2108333333334
538,538.5711829212454
408,408.09147619047616
298,297.3001132241942
248,247.76135320235323
123,123.01052261339828
59,59.09411578495033
22,22.03029411764706
12,12.0
5,5.0
6,6.0
34,34.002794117647056
170,170.11299404761905
526,526.4384799783548
681,686.4466666666666
337,337.12968919968915
210,209.84380250305253
237,237.122196969697
336,335.4759383116882
315,314.080137987013
265,264.5745476190476
333,333.2376619214119
466,466.6858155663781
869,868.1758333333335
813,813.1995147907649
602,601.2329365079366
478,478.27993154761896
313,313.4350748635422
228,228.21908118781803
177,177.0440373022016
77,77.30342483660132
29,29.00030257936508
19,18.99382142857143
8,8.0
10,10.0
29,29.005
139,139.04154937423687
428,427.9047916666667
700,700.55625
382,381.45814393939395
249,248.68480826118332
264,263.07985897435896
369,368.71119047619055
416,414.5978787878788
373,372.49915609880304
397,395.64666666666665
523,523.9004166666667
793,793.565
723,712.53
555,556.1761312160062
408,407.6832061688312
339,338.0718387681159
291,290.8768690663911
215,214.7390918109668
206,205.6902334193584
123,123.17299999999999
89,88.89733737939619
40,39.9703125
8,8.0
19,19.01
80,79.49333333333334
87,86.63537698412698
244,244.40822664835162
340,339.6958333333334
466,464.2603333333333
569,569.9152777777778
531,529.817
585,585.9122222222222
593,592.645
555,553.4616666666666
534,534.8816666666667
495,493.980125
451,449.7376547619047
360,360.07455458430456
363,362.8796944444444
316,315.1139983766234
214,213.8647828699079
230,229.95565476190478
158,158.33309902597404
116,115.88460317460319
73,73.00159722222222
29,29.024935016816094
10,10.0
13,12.999705882352941
30,29.989261904761907
62,62.19
181,181.85028174603175
266,266.0222222222222
413,412.23066666666665
499,499.9774821428572
502,503.3570833333334
492,491.2995833333334
500,500.89875000000006
475,474.45833333333337
508,508.7425
521,519.84
490,489.76429960317466
375,375.61098214285715
363,362.1490050505051
253,252.3716071428572
159,158.89583170995672
110,110.25416666666666
41,40.9475
24,23.854444444444443
17,17.09377564102564
6,6.0
7,7.0
37,36.92659557109557
144,143.7340575396825
503,502.75696320346316
651,651.0058333333334
316,316.1444345238096
147,146.7837685092685
202,201.8993087121212
261,260.78593617493624
248,248.09049278499282
259,258.22625
259,258.8154471916972
427,427.08126190476185
800,799.6185384615384
831,829.0859166666668
596,595.5616168831168
394,393.6985178571428
250,249.46645605929154
164,164.02748989898987
80,79.94830128205129
28,27.996388888888887
16,16.000835164835166
6,6.0
12,12.0
4,4.0
29,29.005
136,136.03771328875374
303,303.12233347806875
613,615.515
285,284.87954834054835
125,124.99795238095236
65,65.08336046847889
95,94.83676406926406
59,58.971445346320344
60,60.18363888888889
116,115.82881962481959
239,238.90797493274698
681,679.9441666666667
653,653.7461666666666
491,490.8448556166055
386,386.22876784180727
274,273.86490623265615
207,206.98512789987788
89,88.82249999999998
34,33.977916666666665
28,27.935583333333334
4,4.0
8,8.0
10,10.0
40,40.008623867360704
194,194.2054126984127
505,504.4386350915167
713,711.7
352,352.165125
198,197.5789053030303
246,245.6140119047619
334,333.2065924145299
255,255.2673044871795
320,320.46941666666663
281,280.60641650383934
392,392.3002103459408
857,857.965
744,741.9509523809523
671,663.965
448,447.1796524170274
396,394.4772916666667
238,238.2046888405712
153,153.16873473545832
48,47.88093954248367
21,20.994901656314696
9,9.0
5,5.0
6,6.0
40,40.06298684210527
181,181.13041450216448
506,505.43353985342145
719,718.5883333333333
357,357.24373214285714
179,179.28224221611723
228,227.97983572677327
265,265.35961309523805
284,284.04116051024135
298,298.32238988095236
324,323.782875
438,438.641762987013
867,865.90425
823,822.1298588078588
579,579.4142499999999
435,434.8605
337,336.2358252164502
242,242.14975478524747
172,171.95596843434345
94,94.1703846153846
51,50.918420815295825
15,15.0
5,5.0
14,14.0
33,32.99438354037267
151,151.09547069597068
430,428.60626260504205
653,652.4245128205129
366,366.2793570906434
216,216.04078309744952
286,285.5449572649573
403,403.00753084415584
393,392.97847619047616
376,376.40512878787877
377,376.92066666666665
558,555.405
823,821.493959998335
693,690.58
467,467.33382638888884
385,384.6128333333334
333,333.2603830891331
321,321.1179172147297
222,222.39796596459095
137,137.2006239316239
95,94.91577654983907
67,67.18172619047618
27,26.832166666666662
8,8.0
23,23.0463125
47,47.0020422979798
78,77.83939793131705
204,204.24948691667814
367,366.06853571428576
435,434.77469696969695
566,565.9416944444445
603,602.1716666666666
617,619.318
573,572.54625
583,579.95925
542,541.0414285714286
593,593.67
571,569.66625
461,460.7454285714286
352,351.1067793040293
290,289.3342243589743
280,279.8122286879787
183,182.43274381234707
148,147.89227351325147
88,88.13046115839495
74,74.2370238095238
28,27.99
18,18.01382142857143
17,16.993
23,22.897551282051282
48,48.1411111111111
119,118.92301228632479
274,273.86704949992816
436,434.6725
546,546.3157083333334
615,616.0402632783882
614,614.6572870879121
582,584.965
463,463.0080952380953
580,578.625
593,592.7291666666667
513,512.7477083333333
390,389.6863095238095
302,302.680378968254
246,246.2320238095238
153,152.88202380952382
108,107.7682296009546
40,39.943312500000005
14,14.165
9,9.0
4,4.0
9,9.0
23,23.005
37,37.07833333333333
145,144.9295138888889
474,473.3955337301587
250,249.75870347707848
91,91.14210943223443
121,121.22005906593405
168,167.72555456349204
225,225.3305158730159
219,219.65528904983046
237,237.06938731426806
332,331.6136315097872
723,721.835
642,644.5145
463,463.0922619047619
362,361.80853439615936
273,273.3443717532468
164,164.13616666666664
74,74.00722222222223
35,35.025
14,14.0
15,15.0
8,8.0
10,10.0
37,37.04704346092504
161,160.97549068292818
480,480.3551269081796
673,673.9332321428572
328,327.6386313131313
180,179.95342969835457
230,229.76067878977747
292,292.08198126260993
272,272.0159443881282
227,226.91493368437114
259,258.8305662393162
334,333.5574424650642
811,811.1837976190476
795,793.9339166666666
514,512.1230250000001
458,458.20795833333335
276,276.60559905372406
291,290.9132707098457
125,124.93102403846154
53,53.003055555555555
27,27.103238095238094
6,6.0
8,8.0
7,7.0
39,38.96160955272797
165,164.942380952381
464,464.1121898208001
643,643.4385
316,315.9019649868289
167,167.10422640553887
188,188.48226605339107
180,180.14276785714287
211,211.3906011904762
190,189.81708351370852
179,178.8693712121212
335,334.4088746976063
691,687.96
672,672.7895833333334
539,536.5826136363637
407,405.9205
344,343.43384722222225
257,257.03186706349203
123,122.78734328384463
69,68.98569427244583
18,18.005
18,17.15
11,11.0
12,12.0
40,39.99997493734336
150,149.71346428571428
463,461.83317948717945
590,589.7233989898991
256,256.38686904761903
150,149.87444841269843
161,161.20200018037517
215,215.15418542568543
172,172.14378008551907
176,176.24647360441847
194,193.96406956931958
320,319.5959743390668
615,614.2720892857143
640,640.5799415584415
499,498.9852115079364
436,435.9614722222222
311,310.7298418803419
243,243.21347961066712
146,146.0804642857143
93,93.29333333333332
31,30.983712121212122
12,12.0
7,7.0
10,10.0
38,38.005
122,121.87090566378065
359,358.6920453216374
613,613.8958333333334
333,333.2737466839792
185,184.87235057997555
236,236.1662514430014
254,253.7940840548341
300,299.64259920634913
263,262.68423992673996
284,283.88071498354583
380,379.73720833333334
646,644.45
505,506.19291712454213
362,361.9260006660006
202,202.06929563492065
217,216.85845833333337
197,196.59659798534798
174,173.7531927629904
116,116.1109860209235
123,122.64644218116709
93,92.80785714285713
42,42.10320039682539
19,18.913666666666664
12,12.0
47,47.437177343489836
78,77.94656769374416
167,166.77810471146503
332,331.74373626373637
494,495.2118154761905
516,517.55
602,600.7175
564,562.2033333333334
609,608.2175
483,484.5466666666666
513,514.035
530,529.74
481,481.44
425,424.87
386,386.37296778711476
322,322.52192261904764
279,279.0461363636364
225,225.04340277777777
163,163.01565705128206
127,127.18541666666665
114,113.4933630952381
60,60.06375
13,13.005
8,8.0
25,25.024
71,70.92535317460317
141,140.97753571428572
232,231.54038888888888
452,452.99107142857144
506,508.58824999999996
556,554.2816666666666
585,585.9759722222221
551,547.79
487,486.71583333333336
461,461.69275
532,529.02325
534,533.3733333333333
423,421.875
332,332.1640178571429
253,252.87056782106785
178,177.7609051226551
87,86.83986385836384
68,67.935
31,31.12627976190476
14,14.01
5,5.0
4,4.0
43,42.99
158,157.724998094297
485,484.90230764411035
608,607.4369796176046
268,268.33693242154015
184,183.824701007326
181,181.25076920995673
270,270.14485209235204
260,259.4385313436564
251,251.63761111111117
233,232.36874702380953
414,413.07775000000004
833,832.6475
791,791.1925
582,582.2444642857142
475,474.2850833333334
331,330.685792684139
187,187.45791364734296
103,103.08983333333332
37,37.06270833333333
30,29.921135531135533
9,9.0
9,9.0
10,10.0
39,39.005
188,188.1907648046398
552,552.2376428571429
656,655.8887866300366
328,327.63423809523806
190,190.10020088099043
235,234.7630827228327
308,308.271257034632
306,306.01925732600733
267,266.40233333333333
317,317.1057332251082
416,415.64442063492066
900,897.2575
824,823.9067727272727
612,611.8937500000001
505,504.89625000000007
328,327.88337941388664
245,244.79439890664892
131,130.9710357142857
54,54.038500000000006
23,22.986113095238093
14,14.0
8,8.0
11,11.0
36,35.99530344202899
200,199.75083333333336
527,526.3509204545455
687,686.61
282,282.2055886544012
172,172.1245972222222
209,209.2859722222222
322,321.93111516261513
321,321.2029214396714
270,270.18559217171713
249,248.98096103896106
392,392.9158472222222
843,840.5468333333333
804,806.2745
643,639.3303030303031
445,445.2680459956709
367,367.2122043650794
297,296.1806507936508
159,158.98723593073592
54,54.071408424908434
25,24.892805555555555
13,13.0
7,7.0
11,11.0
47,46.955
193,193.24541265597145
508,507.7547445376261
617,617.7468452380953
351,349.75907196969695
184,184.51714195526696
211,210.7928968253968
276,275.504675207962
236,235.9562643398268
254,253.4441805555556
219,218.9183100331041
387,387.0056190476191
705,706.1275
697,696.1283333333334
571,570.9208504273505
470,470.0613298160174
398,397.8524999999999
274,274.02688580292255
171,171.0170992757243
114,113.83927749048338
42,42.01525000000001
18,18.005
8,8.0
10,10.0
45,45.10148295454545
163,163.05601076808472
380,379.96883152958156
624,621.9045833333333
300,299.32386110131705
171,170.95152026568203
188,188.07298286435784
226,225.89318452380954
239,239.22289504776273
233,232.75984753726675
230,230.06021464646463
351,351.01845833333323
539,538.8626136363636
464,463.43210714285715
363,362.9925327380952
308,307.973152958153
236,236.2566369047619
163,162.83769317120786
48,47.80333333333334
69,69.2714048923299
58,57.968545454545456
61,60.9425
23,22.996795373851292
18,18.02
10,10.0
42,41.91541666666667
92,92.10707142857143
194,193.85559612936083
275,274.5273586136086
404,403.13041666666663
452,452.7745238095238
471,470.53124999999994
428,427.2071428571428
409,408.84175577200585
404,404.1671325757576
373,372.4614702380953
362,361.90342276759185
339,338.56760822510824
374,373.35481086070797
292,291.9016825396825
213,213.0948320707071
172,172.2330583583084
152,152.04481594304386
149,148.97283333333334
93,93.01514583333334
90,90.11857936507937
33,32.97208333333334
4,4.0
10,10.0
27,26.899238095238093
50,49.93
142,141.8505
219,219.17728517316016
366,364.5249285714285
377,377.19561291486286
433,432.70232142857145
420,419.5272083333334
444,443.5652380952381
345,344.40443650793645
313,313.24675027056276
413,412.89083333333326
370,370.2004880952382
382,381.58285714285716
332,332.2199871031746
258,257.90711345598845
151,151.1689866946779
110,109.74114215686275
43,42.85257387955182
17,17.0
15,15.0
5,5.0
12,12.004705882352942
40,40.02497493734336
136,135.763737570028
398,398.0334722222223
568,566.90675
295,295.26439337051835
174,174.8740595238095
201,200.5398814935065
257,256.7593630674881
236,235.59314105339104
230,229.6101111111111
234,234.48643165168158
365,364.6366140350877
747,744.558
730,729.815
581,581.3118809523809
395,395.3514843073593
258,257.77677777777785
188,188.00236309523808
102,101.94113988095238
53,53.00694992997198
14,13.999444444444443
10,10.0
2,2.0
6,6.0
35,35.00997916666667
154,154.0730874542125
483,482.77222766853026
646,646.01875
272,271.3483121513736
209,209.08117857142858
217,217.15627777777775
272,272.23626911976913
283,282.843518585581
310,309.77258403361344
401,400.5621448412699
527,527.5416666666666
722,720.975
627,625.5931111111109
497,497.497673809524
376,375.64557539682545
196,195.9489475406236
177,176.96774386193871
171,171.27471626984126
159,159.07370238095237
123,123.14654868742369
93,92.95439056776557
32,32.0805
16,16.0116684981685
19,19.085333333333335
32,32.075500000000005
72,72.01675996481588
153,152.83085326707965
293,292.8913787878788
447,446.5408333333333
485,485.5848333333334
494,492.2017261904761
499,498.38627380952386
547,545.8941666666666
454,453.235
389,388.79440476190473
414,413.281
430,429.764
432,432.35625
551,550.3094444444445
584,583.7072222222223
502,501.95833333333337
183,183.27417063492064
88,87.97554334554334
30,29.932472527472527
18,17.94
7,7.0
7,7.0
29,29.005
133,133.41144444444447
343,342.9358463064714
550,547.9385714285714
293,292.72657963702966
186,185.54050595238095
244,243.005
276,275.9007803870966
310,310.75963675213666
241,240.83625
254,254.19289682539684
433,431.61857142857144
689,689.13
607,604.5937619047619
503,503.3519047619048
321,321.43334596653347
323,322.1990357142858
225,224.868056519869
131,130.7475991785992
102,100.77
29,28.91666666666667
17,16.955
7,7.0
6,6.0
35,35.0403125
131,130.8907857142857
353,352.9884118797868
585,586.1026212121212
304,303.6608617780829
210,209.69086111111108
233,233.60666666666665
331,331.51252380952377
293,292.835141025641
275,275.14756676738295
285,284.2542926587301
369,369.1674077380952
576,577.9271666666667
560,558.4352738927739
418,417.89425000000006
336,336.1085427489177
300,300.0555505952381
288,288.2016071428572
164,164.3193365800866
150,149.6669662698413
71,71.18316666666666
58,57.90937674825175
31,31.103988095238098
16,16.02
14,14.0
31,30.99277777777778
71,70.96660088522589
152,152.0160115593471
256,255.79885912698413
325,324.7785476190477
367,367.13741208791214
342,341.73085119047624
360,359.8980694444444
308,308.17540656565654
306,305.33208044733044
294,293.26773809523814
279,278.76613636363635
277,276.79000595238097
287,287.62319795482296
276,275.8325
201,200.99345931845932
220,219.769732174688
148,148.30523412698415
147,146.94638283312796
124,123.82537820512822
70,69.90783590102707
35,35.0
13,13.001666666666667
6,6.0
21,21.025555555555556
52,51.33888888888889
130,129.91
242,242.29666666666665
319,319.0952538919414
389,388.7933809523809
376,375.79395833333336
337,336.98857142857145
312,312.488979020979
298,298.1647430555556
291,290.68722682872686
270,270.22176728745114
253,252.12342857142855
250,249.90974404761903
285,284.54173376623373
207,207.01452380952378
122,122.00187240537244
123,122.87151602564101
39,39.08035714285714
18,18.059
5,5.0
5,5.0
2,2.0
28,28.005
92,92.03635607448106
230,229.89649512987006
455,455.0313575036076
363,363.5030237678987
175,175.137
216,216.24420238095237
266,265.65014362026864
255,254.62902164502165
242,242.28854040404042
280,280.1912942466031
413,413.30605769230766
849,847.3476944444445
872,873.958125
631,630.7028308080808
447,447.4167332251082
331,331.29614285714297
224,224.27133272100707
131,130.7844935897436
69,69.00952760577916
15,15.0
16,16.01
3,3.0
4,4.0
42,41.93960416666667
187,186.81995192307693
520,519.8252380952381
649,649.6982916666666
331,330.318955759776
190,189.7920301332654
249,248.45294444444443
272,272.1629443881282
280,280.4775584484959
242,241.80162698412698
265,264.66090656565655
435,434.8994285714286
872,870.7991666666666
819,819.4341666666666
414,413.46924404761916
84,83.94644696969698
90,89.93585660173159
139,138.74659920634923
103,102.47
44,44.053161525974026
14,13.999705882352941
5,5.0
5,5.0
7,7.0
41,41.07625000000001
185,185.02035227272728
497,496.46239574314575
674,673.605386904762
328,327.8997083333333
195,195.5823813131313
229,228.9326700660451
292,291.9486171398046
273,273.55470394189143
241,240.993354020979
276,276.46598007767085
411,410.89151785714284
830,831.35075
814,814.4393333333334
633,633.2000595238095
483,483.6309325396825
391,390.94981389525515
244,244.37357521645018
152,151.8153459457209
56,56.24236904761905
21,21.0
9,9.0
10,10.0
5,5.0
44,44.01498338181426
178,178.17412945387943
512,511.2185227272728
702,699.52375
327,327.6314882273085
214,213.6271091269841
215,214.82816865079366
292,292.29061604449475
277,277.1958525445143
209,208.94325811688313
271,271.1584770707234
439,439.437626984127
795,794.2590523504274
825,826.5904999999999
629,629.2436522366522
514,514.0522822039072
373,372.6090891192141
318,317.6722770146521
211,210.68467001217735
95,95.04018668831169
59,59.104619047619046
17,17.0
9,9.0
11,11.0
34,34.0103125
127,127.04611515839231
380,381.3474954628705
713,715.385
414,414.709003968254
268,267.6856607142857
288,287.8962112332112
379,379.2667895021644
374,373.4415416666667
369,368.3747811355312
353,354.11288043478254
492,491.0579489538241
835,834.6266666666666
631,630.7899974747475
488,487.9922683982685
389,388.3975
299,299.0765125915751
263,262.6973874458874
212,211.93036313686315
191,190.9287043943852
118,118.02546392617045
101,101.04930952380954
40,40.055625
9,9.0
5,5.0
35,34.998000000000005
48,48.42825
151,150.79377427637723
282,281.1416417748918
401,400.6044940476191
439,439.4451190476191
499,499.0338333333333
591,590.88
632,631.0459226190476
560,559.6516666666666
566,565.9808333333334
458,457.267
351,350.9053041125542
431,431.3556666666667
356,356.4111935841936
269,268.3557424242424
225,224.6837934981685
211,211.22229059829067
187,186.87795833333334
168,168.4195965007215
115,114.87
57,57.184285714285714
19,19.045
9,9.0
15,14.990277777777779
47,47.333777777777776
133,132.772375
221,220.969015127846
382,381.12499159663867
451,451.25009523809524
489,489.90588888888897
480,483.0641666666667
476,475.37166666666667
489,491.37166666666667
495,495.5044166666667
436,434.4925
312,312.4640312604063
312,311.59624999999994
294,292.38933333333335
223,223.020265127846
130,130.0164861111111
91,90.83625
43,42.86721031746032
11,11.0
15,14.988333333333333
6,6.0
12,12.0
50,49.98545454545455
140,140.01299679487178
483,482.5621919542445
667,667.1375961538463
348,347.6173214285715
186,185.86139880952382
182,182.2132119200244
237,237.0501926406927
239,239.0299646864573
212,211.9958472222222
237,237.11712382775454
386,385.3544948400413
755,757.675
794,794.3948095238095
595,594.9344621212122
454,453.49682792207796
328,328.4904377253538
284,283.6957807539682
166,165.8890865800866
53,53.04705357142858
25,25.0025
7,7.0
3,3.0
7,7.0
38,37.9394923245614
213,212.57355723443223
526,526.4775097402597
661,661.5353461538461
320,320.05112434787435
159,159.25045833333334
206,206.74184632034633
254,253.98770039682535
221,221.08961435786435
214,214.46983333333333
244,244.37470238095236
381,382.07505952380956
770,771.5266666666665
772,774.165
547,546.1324861111111
427,426.833990079365
333,332.6077133031442
244,244.2142113095238
161,161.14323295454545
53,53.22343091630591
16,16.0
8,8.0
4,4.0
6,6.0
46,46.15905344202898
162,161.49335232822733
495,494.946623015873
679,677.204
297,296.55230328172127
138,138.46680021367524
183,182.90768104178431
202,202.00249778583984
203,203.05449975024973
170,169.9940476190476
194,193.97799702380954
224,224.07866605434035
370,371.4194761904762
643,640.934632034632
516,518.2177083333333
366,366.00325887635756
319,318.4951658496732
288,288.07877494172493
131,131.04583552631578
66,66.20433333333334
25,24.985
7,7.0
5,5.0
8,8.0
40,40.03496794871795
152,152.0448887015762
473,473.23265476190477
657,657.2960782967034
318,317.59383839168083
198,197.89771108058608
216,216.26136859528503
274,274.0474709409742
254,253.61986309523812
197,197.03258333333332
292,291.7668455580368
358,357.5283946886447
771,772.6466666666665
777,776.0925
533,533.4976369047619
505,506.3512564102564
332,331.7817914307915
68,67.992
65,65.04677142791849
34,33.99425
11,11.0
19,19.03033333333333
36,36.053625
9,9.0
42,42.015872549019605
126,126.10904166666667
360,359.79919977829195
691,689.63875
373,372.87952272727273
233,232.93887537054448
212,212.14138888888886
274,273.83894062941886
156,156.03333333333333
229,228.72720039682545
216,216.2941785714286
436,437.6262857142857
715,715.215
622,621.0698214285715
402,402.52424477861314
251,251.54771103896107
122,122.27149222140463
135,134.9979299506823
166,166.0522374686717
103,102.90075324675325
72,71.95035087390679
60,60.053749999999994
25,25.17677777777778
16,16.345
17,16.97875
15,15.0
37,37.029041666666664
112,112.21482665945166
207,207.29675964476692
268,267.70797863247867
305,304.9605357142857
457,457.27875
354,354.3111309523809
343,342.72862042124535
380,379.411737012987
326,326.4325
241,241.57533333333336
177,176.91687608225112
238,238.04616323953826
214,213.81667911255417
163,162.94616666666667
180,180.07742983139144
149,148.9337953386483
113,112.89766991341992
130,130.05856544844045
122,121.87658423520921
43,42.88941865079365
16,15.993476190476192
6,6.0
19,19.13416666666667
38,37.68513888888889
153,152.76636166757223
258,257.78701064213567
379,379.61838095238096
505,506.23916666666673
504,503.5110833333334
626,625.6646428571429
616,617.041875
624,624.62875
628,627.415
556,554.3425
515,514.87
522,522.3471428571429
378,378.37851569264075
345,344.81204166666663
191,190.72076191537224
123,123.0439226190476
47,47.048238620448174
27,27.050738095238092
17,17.0
2,2.0
8,8.0
51,50.9772227728412
157,157.1603159271284
421,420.99450324675325
738,737.53
345,344.66375
200,200.39197619047619
198,197.57063149350648
314,313.7329464285714
240,239.90102435064938
271,271.2814553518377
281,281.14833839077585
457,454.8640833333333
847,844.9735119047618
741,738.98
582,583.5700833333333
403,403.21283531746025
296,295.60904365079375
209,209.24349025974027
114,113.79577855477854
64,64.06931578144078
17,16.975
16,16.01597619047619
6,6.0
6,6.0
50,50.00868006993007
190,190.15454166666666
516,514.999489348371
743,741.18875
339,338.8513910672661
218,217.82580952380948
201,200.78009848484845
229,228.65206779331783
273,272.55287896825405
244,244.73373494397762
285,284.6027368089427
455,453.3813522727272
869,868.54
877,875.074
632,632.4701363636364
523,523.6545833333333
378,377.0499642857142
269,269.2236849145581
192,191.94537137716085
66,65.81894117647059
28,28.001805555555556
12,12.0
12,12.0
4,4.0
59,59.05614002612455
190,189.3835975274726
507,506.7415833333335
788,790.76
342,341.2382313895255
231,231.25722420634924
281,281.07500108225105
310,309.94850732600736
312,311.6699012654012
247,246.6679444444444
317,317.22324404761906
484,482.8570714285714
913,907.01
891,891.30625
698,695.085
567,564.3933547008547
397,396.60666071428574
278,278.41535076728826
239,239.18429004329005
92,92.29725
29,28.996958826339906
21,21.010555555555555
8,8.0
4,4.0
42,41.98903431372549
181,181.0509781746032
495,495.0457341269841
729,726.69
344,344.26605952380953
222,222.19814285714284
212,211.70657575757576
279,278.6407305194805
242,241.51110714285716
213,213.36030036630035
238,237.66476183538683
374,374.365619047619
738,737.805
688,688.91
614,613.425744047619
446,446.3721428571429
271,271.11377922077924
234,234.08075879920727
145,145.24488095238092
97,96.98475992063491
54,54.27226911027569
26,26.112571428571428
12,12.0
8,8.0
37,37.00636363636364
139,139.05271436202685
410,410.14776465201476
676,676.0657738095238
363,363.0286199633699
231,231.2111111111111
251,251.002125
299,299.02941666666663
314,314.0084645562771
326,326.06558333333334
323,322.0145219433345
499,499.7769999999999
699,698.0925
622,622.6469047619048
516,516.3829166666667
354,352.81849353002065
260,259.9998869047619
199,198.8348824786325
189,189.2321397668473
191,190.93687499999996
80,79.76149404761904
90,90.0841441058941
43,42.8955
11,11.0
14,14.01
50,49.95920454545455
76,76.21693872549021
163,162.67365313852812
337,336.54407341269837
395,394.88789285714284
457,456.6966666666667
487,487.74126190476187
498,498.3833571428571
494,494.97354166666673
497,496.68375
487,486.0882142857143
479,477.61375
481,482.0034523809523
338,338.0456865079364
233,232.47916666666663
300,300.0656825396825
276,276.0718347277723
208,208.0063247308247
188,188.52460912698413
158,158.0594662698413
112,112.34760317460318
55,55.10321590909091
13,12.999705882352941
17,16.99
18,18.002083333333335
40,40.02333333333333
127,126.88625
226,225.93826096819834
381,380.93033333333335
509,506.08723214285715
511,512.258
483,482.06199999999995
522,519.46
501,503.2710416666667
521,520.131125
531,533.315
419,419.91458333333327
443,442.85053571428574
303,302.98981318681325
271,270.71527417027414
148,147.85427351325148
100,100.04959090909091
58,57.95096008158509
19,18.99
8,8.0
3,3.0
5,5.0
47,46.989374870600415
161,161.0039861111111
469,470.2490147148173
751,750.83
293,293.378123903874
189,188.84751628926628
215,214.8938522588522
278,278.58047294372295
226,225.9820677933178
254,252.8216904761905
236,235.76926495726497
425,425.0262023809524
827,826.745
812,812.8204166666666
665,662.405
462,461.76078030303034
322,321.60824206349207
230,229.78979978354974
150,149.7152142857143
38,38.08
21,21.006601785714285
8,8.0
6,6.0
6,6.0
45,44.83940705128205
194,194.98775
513,512.4511635907952
760,760.6881818181818
333,333.5889195387946
227,227.29326587301586
224,223.65647817460314
248,247.17949404761907
288,288.24368258130755
260,260.01989087301587
144,143.73242123644332
402,401.1986706349207
820,820.1550583028084
857,855.5477500000001
614,617.4116666666666
452,451.39791666666673
352,351.9753035714285
257,256.8427965506715
147,146.97912344599843
47,47.16256944444444
33,32.98005555555555
13,13.0
7,7.0
4,4.0
49,49.00488795518208
185,184.5385126262626
487,486.8032570696847
681,679.3465357142857
350,349.8885322871574
236,235.875473356322
234,234.3156190953869
284,284.4237655440964
280,280.2010655175578
263,263.4632638888889
295,294.52352380952374
479,478.85208333333327
837,834.2938888888889
891,888.23875
652,650.6441666666666
513,512.571309981685
320,319.57437044296296
288,288.2147844516594
152,151.7899657287157
63,63.17297274212715
42,41.94996794871795
11,11.0
6,6.0
9,9.0
41,40.97
183,183.03588546176044
473,473.0185245310246
739,742.925
343,342.71974221611714
181,181.33622768897766
226,225.96814977465345
286,286.2392062590187
310,309.88239682539677
225,224.57712698412695
270,269.9608057489896
406,405.724123015873
865,866.075
767,767.1293333333333
607,605.4229285714285
427,426.8190972222222
342,341.99575793650797
262,262.09334523809525
177,177.4171172732497
71,71.02850000000001
43,42.87986904761905
14,14.0
6,6.0
12,12.0
37,37.00447010869565
163,162.8697352092352
421,421.0975534547152
668,668.7086488095239
396,396.36580952380945
249,248.5466336996337
263,262.6603146853147
338,337.6944772727272
345,344.37547619047626
331,331.08079166666664
380,379.47865476190475
492,491.2092743506495
741,742.795
671,668.2241666666667
469,469.14877137445893
389,388.55308333333335
278,277.76084851259844
202,201.77841919191914
196,196.11698866819452
161,160.82275793650797
122,122.04928251609503
84,84.37465873015873
30,29.89220238095238
13,13.001666666666667
17,17.01
49,48.87845088245088
67,67.19944047619047
181,180.77000294150292
278,277.5577712448371
396,395.2750568181818
470,470.69416666666666
547,548.3916666666667
527,526.535
472,474.5179166666666
489,488.65904761904756
450,448.44833333333327
492,492.81300000000005
490,489.1110151515152
397,396.88025
312,311.24706709956706
289,289.11614102564107
269,267.42597222222224
222,222.55375106837607
153,152.95229727363278
87,86.87421749778
73,72.96698269785769
41,40.763819444444444
14,13.996666666666668
19,19.0
19,19.10142857142857
68,68.01061904761904
108,107.7125714285714
229,228.83986960955718
364,363.80939393939394
437,437.71
491,490.7969536435786
523,520.4
526,526.716
450,449.6812380952381
421,420.53416666666664
382,381.9510615079365
229,229.18904761904764
185,184.98820535714287
193,192.85873773448773
208,207.901697025197
157,156.3975
87,86.63831980519481
33,33.00833333333333
11,11.0
5,5.0
5,5.0
11,11.0
25,25.015
141,141.11578108003107
407,407.20508649683643
605,604.65
276,275.3154601640533
213,213.1018516081871
260,261.45599999999996
285,284.6934584900394
289,288.6535813492063
287,287.396516025641
274,274.2685274455937
451,451.4866726190477
858,857.10625
843,844.9225753968254
640,636.8191666666667
457,456.08690476190475
317,316.73236111111106
207,206.98749675324672
113,113.06927873515372
47,46.794357142857145
18,18.0
13,12.973333333333333
6,6.0
9,9.0
36,36.040736185383246
179,179.33043452380952
502,501.1235833333333
705,705.99
327,327.58207427411196
250,250.70408730158732
214,212.8283611111111
283,282.3013941197691
253,253.11001068376066
261,261.0774765308221
306,305.38761093073595
445,444.7561845238096
868,866.42
814,813.0525238095238
610,606.4325714285715
448,448.0633331529581
317,316.891
224,224.06152110389604
138,137.98694444444445
58,57.98283508158508
23,22.96830827067669
6,6.0
7,7.0
7,7.0
43,42.92075
173,173.07394534632036
482,482.16450544630806
737,735.995
341,341.2169761904762
214,213.91261205461208
239,238.40958333333333
280,279.70024232385265
313,312.2638971861472
236,236.10500936563432
278,277.21125
441,441.2418273809524
858,855.7132916666668
862,862.475
686,682.785
500,498.07802499999997
381,382.1122426470588
233,232.8310059731935
136,136.4199446532999
67,67.05049836601307
28,28.17657179217841
14,14.005
6,6.0
10,10.0
41,41.025
167,167.18357568553736
475,474.45252579365086
698,696.6604166666666
353,353.3996428571429
205,203.7018373015873
260,258.97191666666663
277,277.1256785714286
281,281.50858973665225
247,246.97136385836384
267,266.78748776223773
417,415.62999999999994
810,812.492719155844
811,811.4576904761905
623,623.2901825396825
478,478.16808333333324
336,335.4514665775402
259,259.61301785714284
156,156.0020138888889
85,84.86941666666665
41,41.06663461538461
20,19.86
9,9.0
7,7.0
33,33.015
44,44.094581168831176
133,133.1420277777778
119,118.91900021302226
220,219.93113293650794
193,193.21016522366526
251,251.19027056277054
315,315.02283730158723
290,290.30384625097116
307,306.9083525641026
324,324.1953650793651
467,467.2645684523809
730,726.86
640,638.166893939394
492,489.4371944444444
370,370.10282738095236
286,285.9517948315574
218,217.8741806722689
192,192.15698143523142
180,180.03319814499224
116,115.95626984126984
85,85.09336904761905
21,20.998782738095237
10,10.0
11,11.0
23,23.021113095238093
62,61.99657470928195
162,162.15116666666665
271,271.1898866133866
407,407.3887721861471
499,497.796875
546,542.985
569,568.6194444444444
538,537.63
562,561.8975
531,530.71
512,512.615
300,300.47743055555554
275,274.6201204906205
160,159.879
128,127.78646153846154
168,168.1852934704185
163,162.95227182539685
120,120.36193097180598
113,113.0188306317865
86,85.99253571428571
48,48.04548297331753
10,10.0
10,10.0
16,16.0
39,39.111875
119,118.55154761904761
217,216.64128156565658
328,328.24228482383626
449,449.16748809523807
505,505.1309345238096
543,542.4610833333332
579,576.5883333333334
577,577.3095833333333
513,511.425
505,504.4435654761905
491,490.23888023088034
465,464.135
300,299.77703174603175
220,219.91400000000002
181,181.00076518905925
110,109.96423076923078
47,46.99652938034188
14,13.999705882352941
9,9.0
6,6.0
11,11.0
36,36.055736185383246
159,158.89147817460318
436,437.12277218614724
673,672.9059107142858
305,305.88785458243865
199,198.17702564102564
245,245.60583333333332
276,275.1273232608894
254,253.8994503968254
248,247.87237576312575
274,273.71082359307354
464,461.6920952380953
818,818.2603441558442
812,812.5187944139194
555,554.3314241452993
432,431.6616904761905
290,289.4350961066711
192,191.91145138888888
128,127.83935149572652
60,60.10945454545455
27,26.939238095238093
11,11.0
3,3.0
5,5.0
36,36.160005073730616
64,64.01780158730158
179,179.82970833333331
618,619.5168452380952
402,402.20155952380946
208,207.91463786213785
196,195.68947077922076
300,300.3155119047619
286,285.6306558441558
255,254.63982539682536
283,282.3411581890332
458,458.03616567460324
812,812.4382142857143
854,853.6912500000002
627,627.2277857142857
436,435.55106150793654
308,307.6778294429
189,188.9772031079553
167,166.91564339826837
60,60.06805357142857
37,37.1349923245614
8,8.0
11,11.0
4,4.0
39,39.013333333333335
172,172.05208333333337
492,491.537715403018
682,682.1970773809524
367,366.7867588763576
233,232.94425432900437
235,234.61267857142863
307,307.0714880952381
294,293.9028571428571
255,254.7005595238095
266,265.73066666666665
431,430.98772619047617
851,851.1071666666668
848,848.7219999999999
649,646.064
427,426.40690476190474
315,314.4409511668887
226,225.64620555833062
138,138.07319444444445
76,75.915
21,21.03433988095238
15,15.0
4,4.0
5,5.0
37,37.03745065789474
165,165.66554219187674
464,464.00828447614464
682,680.947744047619
337,336.69215441502934
199,199.29709523809524
274,274.5491541252865
343,342.1873333333333
300,299.8416217185593
248,248.64772619047613
260,260.4255611749362
419,419.3528928571429
897,892.62375
832,830.944
677,674.807
514,515.041
356,355.06784706959706
254,254.08608950771458
226,225.9517496461872
88,87.8887295991046
54,53.9838409090909
19,18.985
6,6.0
9,9.0
36,35.99530344202899
157,157.2351295787546
379,378.980373015873
668,667.321875
378,377.9298888888889
231,231.19769444444444
303,302.7659464285714
365,364.5123106060606
357,357.7365598845599
328,326.65625
383,382.9523650793651
488,486.8080937950938
791,791.025
669,667.1891666666667
491,489.93999999999994
359,358.8445972222223
255,255.02726168276166
213,212.88667857142858
121,120.93772928891116
105,104.95569722760898
92,91.98000366300366
43,43.12512990196078
30,30.04305555555556
13,13.020277777777778
9,9.0
27,27.03511461988304
64,64.06854215229215
189,189.2802346611722
292,291.8330744949495
480,479.4825
536,535.9013333333332
654,650.9166666666666
644,644.6306547619047
598,599.2075
596,597.0966666666667
641,642.3289880952382
635,633.55
554,553.3231944444444
488,488.07642857142855
341,340.94450000000006
338,337.41797132034634
261,261.17041666666665
235,235.14350851560712
187,187.23424404761903
131,130.92491450216448
119,118.92217671217672
55,53.6725
26,26.00481668395126
11,11.0
20,19.98166666666667
41,40.86611805555556
124,123.97953846153845
270,270.2568518564769
425,423.56550000000004
272,272.38383747665733
298,298.2964166666667
162,162.1650173233629
149,149.26729365079368
276,275.25554435841946
356,355.2335031080031
343,342.93984920634915
377,377.2311111111111
341,340.69574801587305
274,274.18387074256157
190,190.19975631313133
56,56.03159902597403
46,46.00300378787879
26,26.00125
10,10.0
5,5.0
3,3.0
7,7.0
37,36.9921875
161,161.12434325396825
442,442.09872655122655
655,655.4440961538462
357,357.06056547619045
193,191.97192857142855
241,241.70658333333333
282,282.0147886410974
291,290.2153114801865
275,274.6473920340281
309,307.791343073593
460,459.57279319291825
893,894.1684523809523
815,815.1368333333334
299,298.84291197691203
261,261.05729969336227
245,245.33684416971923
161,160.97304365079367
102,102.13891327422576
59,59.026750000000014
33,32.90657967032968
8,8.0
3,3.0
4,4.0
34,33.99197916666667
169,168.63130840442238
519,520.1977857142858
723,724.540625
328,327.9173129928207
178,177.7207142857143
256,255.67020634920635
305,304.6735456349207
331,330.8077466422466
302,301.6758611111111
302,301.99897588522595
467,466.23432440476194
878,879.2889285714285
625,625.272119047619
476,475.52910714285713
358,359.4797916666667
280,280.8821127899878
232,232.43732391138275
136,135.8819694548872
55,54.96758633033633
21,21.0
17,16.93375
7,7.0
8,8.0
40,40.045739251976094
187,187.87475427350418
553,553.7101666666666
740,739.97125
376,376.09119012931507
225,224.81901968864474
267,266.84258225108226
312,312.0208773032523
316,315.71261111111113
266,266.1261666666667
316,315.74125000000004
460,459.9169529151405
783,783.3563333333333
683,681.0354166666667
580,581.4296607142857
391,390.60404960317464
351,351.25380357142853
281,281.1252919649794
140,140.29913725490195
60,59.900819139194134
25,24.63
20,19.93340909090909
9,9.0
6,6.0
37,36.87725537634408
192,191.9854408924409
481,481.0131626224653
707,707.23
412,410.60790674603174
233,232.93674242424242
278,278.05927696078436
332,332.2339018481518
346,346.4342693236715
305,305.0288845598845
305,305.6402532467532
465,463.19937554112556
820,817.4082031440782
941,928.65375
633,631.5509404761905
474,473.90038095238094
329,329.43236509293956
198,198.12705699855695
157,156.99450000000002
111,110.67050252525252
42,41.87
16,16.0
8,8.0
8,8.0
38,38.00989583333333
151,150.99642261904762
425,425.07690347805794
744,743.01375
389,389.0643412698413
262,262.20426224510777
281,281.02700474443856
371,370.9343690476191
351,351.695713768116
338,337.94915674603163
350,349.7288717948718
515,515.7476666666666
812,813.256017857143
736,737.68
536,533.58425
363,363.67487296365914
306,304.58501358460967
251,250.89985840548343
178,177.81652976190475
135,134.99026785714287
115,115.18481168831167
79,78.94416666666666
38,37.97584649122807
12,12.0
14,14.01
30,30.02991666666667
102,102.22799603174603
162,162.02116666666666
288,287.61802632947126
442,441.1945833333333
457,455.6633333333333
584,581.9805555555556
517,515.935
482,482.00303571428566
233,232.81166666666664
434,433.515
403,403.3463472222222
383,382.6935555555556
354,354.7371416361416
241,240.53310402097904
208,208.55068326118322
182,181.98406073153896
158,157.98706114718615
134,133.97788095238093
134,134.19916824028462
116,116.05368760526913
53,52.94080952380953
16,15.980418498168499
16,16.0225
21,20.99333333333333
34,33.961038003663006
133,133.25332142857144
263,263.158630952381
385,384.4194484126984
482,482.9070357142857
626,624.9971428571429
541,541.3066666666666
377,377.165599025974
391,391.00795833333336
173,173.06480555555555
233,233.0632185592186
264,263.35540076590075
292,291.96955663780665
211,211.0403756313131
166,166.25488744588748
114,113.89823605561104
80,79.68581980519481
32,32.03588888888889
7,6.995
8,8.0
4,4.0
12,12.0
36,35.97506004901961
145,144.8619538239538
433,433.15554236694675
699,698.765
342,342.5019882478632
206,206.05666125541129
229,229.12637716450212
283,282.65098398741776
288,288.2467936507936
246,246.2835714285714
282,281.73509235902986
444,444.63410822510826
845,845.9204563492065
834,834.5302499999999
573,573.3180448717949
416,415.8411211843712
278,278.3722772644023
161,161.1745
114,113.45555555555555
38,38.0525
21,20.978651656314696
15,15.0
4,4.0
8,8.0
42,41.91502083333333
147,147.50686904761903
269,269.06825198412696
693,693.6812777777776
395,393.3382527472528
204,204.16594797441118
218,217.959697807911
297,296.6934963647463
288,287.913614830023
251,251.6660912698412
317,316.814755952381
480,476.9903749999999
864,865.115
818,818.1971428571429
597,595.393854978355
435,434.9359642857143
314,313.64210579046977
216,216.23309523809522
109,108.925934981685
47,46.89208333333334
14,14.0
6,6.0
9,9.0
10,10.0
40,40.005359552727974
181,181.31573556998558
554,553.3865
808,807.8181818181818
348,347.3464348290599
178,177.95884307359304
253,252.92851388888892
360,359.7356923076923
300,300.11382643745145
301,300.900044011544
338,337.1449970238095
493,492.15446428571437
870,865.1566666666668
812,811.804740981241
643,643.17625
427,426.6214484126984
313,313.02496620740374
235,234.90845976245978
157,157.04253354978354
65,64.86800735375736
23,23.02
17,16.9905
5,5.0
8,8.005
35,35.004979166666665
163,162.92821203102454
532,531.6251666666667
754,753.135
396,395.5154532967034
234,234.1617003968254
276,275.97736227824464
294,293.4999283979909
290,290.3486974206349
273,272.4726659451659
338,338.0324910714286
482,482.15334523809514
844,844.7799980158732
853,852.7170634920636
610,610.1300476190477
471,471.7841279761904
307,307.18984754919
291,290.8590034271284
152,151.75648538961036
82,81.81491666666666
32,31.90416666666667
20,19.945
5,5.0
7,7.0
29,28.98943181818182
108,107.64122102897099
421,422.1475703463204
690,689.9370833333335
398,397.3336567460317
256,256.1960827783328
309,309.6712380952381
410,409.11154202741704
368,366.8582083333333
436,434.81107142857144
526,525.46375
528,526.7854166666666
617,613.9383333333334
546,545.6353525641026
452,452.9850654761906
356,355.98074913974915
303,303.0636726190476
277,277.81997455322454
174,174.05969922438672
168,167.96862251637253
79,78.70640927128427
69,69.03508574758575
35,35.079249999999995
12,12.0
22,22.00833333333333
36,35.788333333333334
66,66.12211983849484
162,161.56616666666667
237,236.94369649429515
417,415.40079365079373
492,494.89249145962725
471,471.6375
504,499.2791938405797
514,514.4353636363636
563,562.915
462,461.5175
463,463.2247619047619
442,442.9241666666666
392,391.40298809523813
207,206.14840909090907
104,104.01960515873017
78,77.8352760270775
145,144.75380952380954
99,99.24852380952382
73,73.21166666666667
84,84.42372222222221
42,41.97225
22,22.180801282051284
12,12.004705882352942
15,15.0
42,41.76552777777778
129,129.03514664502165
232,231.32833333333332
388,387.5755833333333
489,488.17114880952386
545,544.07
493,492.2346428571429
457,454.935
355,354.15041666666673
474,477.36520833333327
503,502.4092632850241
500,498.3710833333334
292,291.325
104,105.43
171,171.105
166,166.42916666666667
123,122.765
104,102.52
55,55.100715909090916
40,40.4105873015873
28,27.985
11,10.934084668192218
4,4.0
15,15.01
43,42.79416666666666
127,126.80625
229,229.6923719336219
359,359.9674404206905
459,459.7840595238095
543,542.8221666666667
566,564.3719444444445
512,512.68
449,449.32349999999997
500,497.47333333333336
498,498.5991666666667
482,480.26928571428573
374,373.98350793650803
261,261.05730623543127
184,183.66369949494947
121,120.65091666666667
70,70.16996970472337
29,28.978333333333335
24,24.34625
5,5.0
10,10.0
8,8.0
38,38.02197916666667
172,172.0584236588575
493,494.20675000000006
632,634.3904166666667
323,322.07807077644577
172,172.06904563492063
198,197.8220773809524
287,287.36173764430026
275,274.8704356060606
274,274.1375546536797
292,291.7809856471143
458,456.9301666666667
856,856.1390000000001
839,841.536111111111
552,552.1105519480519
385,385.0162535644181
268,268.4997611555111
179,178.7512966616717
95,95.00515873015873
37,37.085
13,12.999705882352941
9,9.0
4,4.0
5,5.0
40,39.93504992260062
210,209.93441829004328
500,502.0250472027972
725,726.9259583333333
290,290.1042436452437
235,234.89691942006226
217,217.26314285714284
266,266.3065494505495
234,233.68709952139372
211,210.68326433452165
245,245.61856746031742
430,429.83939285714274
863,862.81375
839,837.7733333333333
662,661.7806666666668
412,411.6190912698413
296,295.23619579195315
219,219.10747104978356
150,150.22053219696969
65,65.19
18,18.005
8,8.0
9,9.0
8,8.0
38,37.985
200,200.28653968253968
482,482.50942968873227
646,646.5341666666667
123,123.00977390664892
49,48.669
62,62.03465439187576
137,136.5774243656241
191,190.72138750138748
216,216.21886426767674
270,270.1353250367286
416,416.0650099206349
808,811.1231818181818
835,833.1866666666666
558,556.399409090909
406,406.5057638888889
272,272.2167947330447
217,216.83749404761903
169,168.9213273809524
96,95.93865043290042
29,28.92886904761905
11,11.0
9,9.0
8,8.0
40,40.00520233984282
140,140.00447456709955
486,485.2841210317459
719,720.9133333333333
344,344.0640048146298
224,223.93163888888884
296,295.967318452381
323,323.3110326617827
354,353.64303571428565
253,252.75464880952387
331,331.0380496031746
470,470.4659613095238
772,770.8
792,793.2339999999999
568,567.4416666666667
391,391.0624547104942
301,301.6101017535097
299,297.85496428571435
248,248.1448391330891
150,150.11847402597402
117,116.90361688311688
77,76.94066437728938
43,42.93804166666667
11,11.0
15,15.0
34,33.98791666666666
82,81.58084722222222
230,229.6916666666667
348,347.5264529456051
422,422.0789624542125
578,579.6070833333333
694,687.97
668,669.7383333333332
626,627.69375
512,511.095
114,114.13850398212895
171,171.178204004329
167,166.9593430735931
215,214.72144101731604
194,194.00495724047192
181,180.79648946886445
194,193.93899801587304
133,133.35247423409928
124,124.02956043956043
124,124.07884615384616
96,95.91256944444443
46,46.0022516025641
28,27.849375
55,54.632382575757575
35,35.10333333333333
70,69.8944375901876
170,169.75321453546456
299,299.0870267857143
495,496.1328571428572
585,583.6975
757,750.8735714285715
729,721.7335714285714
647,646.855
696,694.355
701,695.62125
671,671.90875
560,562.7375
496,494.7416666666666
356,355.72160227272724
206,205.96308333333332
189,188.91130523643022
92,91.86994246031747
41,40.956813186813186
18,18.110075757575757
17,16.825
12,11.99
5,5.0
40,39.985
180,179.6215277222777
447,446.8652467532467
730,730.9616666666666
361,361.4723352758351
210,209.71384433621932
236,236.10225036075042
332,331.8717843406593
323,322.88888300588303
340,339.9646274003774
346,345.87585824336486
488,487.80759379509385
871,870.84875
968,963.78
633,632.4722261904761
390,390.54099404761905
285,284.54846460483964
159,159.07317857142857
93,93.05657051282051
32,32.15274633699634
10,10.0
6,6.0
8,8.0
9,9.0
44,44.13549783549784
211,210.97018025030525
596,594.045
750,748.73
358,358.7541825396826
196,195.9002721861472
247,247.38640079365084
316,316.3295079365079
328,327.6351547619047
255,254.71515877178388
326,326.19281421356413
536,534.9316666666666
970,949.57
877,877.23
596,594.9204598546877
461,461.2981666666666
310,310.17352716727714
216,216.03530311355308
109,109.20598351648351
49,49.240500000000004
21,20.995250129399583
11,11.0
7,7.0
5,5.0
48,47.911463352007466
205,205.04303632478633
557,557.3346666666666
770,769.6
328,328.3251048163009
205,204.99245292207794
232,232.21976011080417
352,352.1295391649413
323,321.89460046897545
278,277.4849181096681
318,317.492
509,508.4871150793651
925,919.21875
977,972.255
635,634.6046428571428
470,469.988119047619
306,306.49553823953823
212,211.70698489010988
127,126.66622104978353
57,57.06604341491841
28,28.002166666666668
9,9.0
11,11.0
6,6.0
57,56.92045405982906
195,194.75221622740006
571,568.6916547619048
758,759.16
338,337.69543942168934
212,212.01341840104342
254,254.17961926961934
297,296.70936327561327
283,283.0104040934556
274,274.1793633402416
352,351.6529610805862
491,490.782
884,884.1975
852,853.6066190476189
674,674.2583333333334
463,463.3864285714286
317,317.281512987013
251,250.12454782717282
170,170.2418482142857
87,86.6114273088023
41,41.01038461538461
30,30.11430555555556
14,14.008333333333333
12,12.0
41,41.02308067964028
152,152.0107372557997
454,453.3426439393939
766,762.675
347,346.9150715811966
246,245.86660096153847
280,280.12101966089466
409,409.13721626984125
408,408.39530952380954
371,370.4820952380952
367,365.5309642857142
563,562.7475
894,887.04
808,808.926619047619
579,578.9598333333333
404,403.92568849206344
312,312.5062651315372
229,228.7430714285714
195,194.76860745516916
207,206.6567392607392
109,109.09679166666669
93,92.81401098901098
37,37.04326315789474
6,6.0
16,16.0
33,32.989615384615384
73,72.90617424242424
212,211.9965018037518
342,342.824961783989
442,442.61875
627,624.7521428571429
706,702.3326515151515
704,705.7343181818183
715,711.3868181818183
654,656.1269047619047
783,765.925
729,732.63
614,613.46
478,478.949375
330,329.91921045376193
296,296.4736002886004
279,278.6329166666667
229,229.08229978354976
151,150.962625
117,117.01333333333332
89,89.01680555555555
48,48.30964666379373
8,8.0
13,12.999705882352941
35,34.87
71,71.87654545454545
128,128.10003846153847
296,295.3577202866578
490,490.1981984126985
559,556.3813333333334
656,651.7979166666668
694,698.1098214285714
635,632.895
557,557.2905416666667
596,597.6045476190477
570,567.863630952381
481,479.435
403,403.7504999999999
324,324.57588510101
191,191.19872916666668
127,126.85710101010102
94,94.11098214285714
45,45.024027777777775
21,20.832409090909092
13,13.028333333333332
7,7.0
11,11.0
45,45.038436549046075
164,164.12277380952378
492,492.6729285714285
683,681.3288333333334
299,299.2048766233767
202,201.72972474747476
252,251.8900992063492
295,294.65904116757434
343,343.45742261904763
332,331.8785119047618
338,337.4379880952381
453,451.98592370129865
842,838.7065277777779
774,775.135
486,485.31455411255405
340,340.12782142857145
233,232.81052543453282
129,128.93368074980575
70,69.84239610389609
13,12.999705882352941
5,5.0
4,4.0
6,6.0
7,7.0
48,47.92593954248367
167,167.03714665256055
356,356.16531763285036
672,671.9552321428573
293,293.27175
160,159.835
151,150.67792643467644
88,88.00266666666667
114,113.85627489177489
143,142.71117983405486
36,36.02686491450083
141,140.72746982758622
338,338.650238095238
281,281.40311524586525
324,324.5743037240538
290,289.57951164032045
207,206.92136741730494
151,151.16833333333332
78,78.03061760461759
26,26.001390249274824
12,12.0
3,3.0
5,5.0
10,10.0
56,56.04905128205128
172,172.03418903318902
545,545.4379166666666
797,798.825
362,361.88035035505425
192,192.0936765873016
247,246.62623135198137
313,313.4602333638583
289,289.0092606633563
286,285.750846410534
311,311.2573293928294
466,465.55852579365074
886,887.7212678571428
892,891.2092857142857
611,610.7246547619047
409,409.75260712204465
349,350.312691017316
229,228.46886131229883
123,123.057529854949
58,57.97200174825175
18,18.0005
11,11.0
6,6.0
6,6.0
56,56.07851303301962
170,170.1320457042957
534,533.7796742424242
790,790.6131818181817
355,354.923171415938
190,189.82021563460697
243,243.42268208180707
290,289.81647432224645
336,335.9249105339106
298,298.1981296550672
291,291.00416785787746
457,458.5411072330447
976,971.64
900,895.4680000000001
603,601.9210456349206
417,416.18481547619047
274,273.4288669465552
287,287.0814206349206
154,154.11979960317464
66,65.95677777777777
49,48.77438692353398
14,13.987395833333332
12,12.0
10,10.0
49,48.99546457219251
165,164.9498284354534
503,503.7815512820513
757,758.44
383,382.63177709644157
225,224.89270039682538
321,321.1001969766345
389,389.44834603051754
421,421.7848374542125
412,412.3962738095239
423,422.51129578754575
567,565.7675
846,843.924375
805,805.9691785714286
588,587.2481666666666
369,368.9870436507936
312,312.2744108950689
295,295.31795720390727
186,185.98172497490432
172,171.6938764164757
124,124.10902797202797
83,82.78407936507938
45,45.02086985930736
15,15.131488095238096
17,17.0
41,41.002527472527476
77,77.06834741647242
218,218.2650986652236
377,376.5525753968253
474,474.2787803030303
626,626.91
688,687.0798214285714
707,706.9668181818182
654,657.44
750,745.16
680,680.13
646,649.44
598,592.0475
407,405.9348333333333
325,325.0308553391054
261,261.09640893828396
239,238.54288366148816
171,171.08762499999997
180,179.98611904761907
142,141.69909090909093
95,95.11299651737153
54,54.21147149122807
10,10.0
6,6.0
16,15.990180402930402
57,56.974077672327674
175,174.8593622145828
276,275.9833988095238
489,485.8551136363636
570,567.74
776,759.91
702,703.92
666,668.545
640,642.1305833333332
691,691.605
723,714.24
540,543.4225
413,412.333
252,252.64836111111111
196,195.9470082972583
138,138.04877380952382
100,99.76270634920637
64,63.70544895872103
18,17.98875
8,8.0
5,5.0
8,8.0
37,37.0021875
168,167.7796530854766
530,530.8093528138528
750,750.285
328,328.08669259238786
198,198.0246832611832
238,238.26346049783552
342,342.3356051587301
328,327.6858180708181
303,302.7738588217338
300,300.2437883852259
516,516.6713333333333
898,898.279880952381
853,850.924396825397
590,590.4772645083675
432,431.6511547619047
256,256.22086274509803
172,171.95664357864354
94,94.09547817460317
64,64.09093243491115
13,12.999705882352941
14,14.005833333333333
5,5.0
9,9.0
47,47.00804166666667
194,194.6653625541126
556,556.8951845238095
805,804.7031818181817
409,408.6983029401154
170,169.46881898656903
218,217.8860672799423
302,301.7053260971055
305,304.7750436507936
293,292.6955169552669
303,302.9388121610333
495,495.76304166666677
967,959.3
822,822.865
539,540.1638942307693
425,424.292625
297,297.0015162198912
188,188.23062301587296
98,97.96641287878789
40,39.982759740259745
29,28.96386904761905
17,17.0
10,9.999833333333333
14,14.0
36,35.981626819262736
182,181.9254696969697
532,534.2295833333334
838,842.38
334,333.660814019314
185,185.20369950738916
227,226.93073611111112
316,316.0461369047619
340,339.48896590909084
277,276.82821638752114
300,299.8979244227994
468,467.54469940476184
953,949.57
884,884.668125
627,628.495
434,433.64855555555556
360,359.3366644923059
215,215.29542857142852
115,114.94559244227995
65,65.01261734997028
21,20.995
16,16.019166666666667
7,7.0
8,8.0
66,65.92535714285714
169,168.79553152852048
558,558.7145833333334
794,798.38
335,334.4403555056054
208,207.97969552669554
294,293.90576138444885
335,334.1869375901876
326,326.25822222222223
258,257.6875542929293
296,296.42512547341835
472,471.583681547619
905,903.8163333333333
899,896.0755
559,559.2005
457,457.2784464285714
253,252.65655555555557
47,46.84650730805142
45,45.14267247162022
17,17.0
13,13.0
10,10.0
7,7.0
12,12.004705882352942
38,38.00385416666667
138,138.33640674603174
394,394.12069444444444
705,704.365
426,425.39656277056275
245,244.49043154761904
361,361.0564415584416
380,378.1988690476191
410,410.20355952380953
399,398.20933333333335
392,391.88625
502,501.3894007936508
808,806.8595
667,664.296
508,507.89
336,336.1091746031746
237,236.3678139430014
220,220.03194543650795
190,190.0870615079365
149,148.93975
101,100.90730555555555
92,92.1707251984127
29,29.00530257936508
14,14.017794117647059
15,14.995
37,36.912283991228065
73,72.89749567099567
211,210.807005994006
332,332.19554581529576
472,470.0233333333333
663,666.04
682,673.9566666666667
686,684.6385714285715
750,744.985
727,723.84
722,721.0325
712,710.62
594,591.4515476190477
470,469.4363958333334
315,314.8703225108225
292,291.329716935842
221,221.48416804029304
196,195.8866250519347
147,146.9575170662671
116,116.35814484126985
92,91.85731746031746
58,58.14875
7,7.0
10,10.0
22,22.01864583333333
57,56.80642857142857
144,144.1919642857143
285,285.0188176170236
479,478.215
591,589.8641666666667
680,677.09
594,590.6965476190476
612,613.7825
649,651.4725
648,649.71875
575,573.845
401,401.4374166666667
257,256.8258914141414
194,194.26834937490042
123,122.88677988677988
91,91.02606456043958
57,56.91235364145658
45,45.16356033549784
18,18.049
12,11.968799342105262
7,7.0
10,10.0
36,35.99510416666667
155,154.78174897048478
483,483.5578511145288
784,785.8331818181817
340,340.1135531968032
179,178.99658011355686
272,271.5478937590188
323,322.8080912698412
305,304.92939579864577
244,244.1225744047619
329,329.35161702880447
459,460.088875
856,854.175
613,613.5529166666668
516,516.0453846153846
262,262.0794613442114
218,218.2520433470039
207,206.6619216562423
105,104.97806786269288
31,30.99513983984282
11,11.0
2,2.0
5,5.0
10,10.0
43,42.9175
179,179.47870833333334
260,260.99232142857136
134,133.9707962731713
86,86.07303881752829
45,44.9501645021645
99,98.99664285714285
104,104.0527661505161
154,154.3791894078144
163,163.25040211504188
209,208.6904296066253
374,373.60447727272725
715,713.575
687,685.3494999999999
395,395.1976944444445
306,304.8401363451364
289,288.80135347985345
240,239.82955644518879
98,97.98445833333331
52,51.9963187134503
19,19.00025
9,9.0
7,7.0
11,11.0
34,33.96934782608695
177,176.99635714285716
515,516.0850416666667
809,811.2531818181818
362,361.376741498633
175,174.78729703045494
230,229.83952413844324
358,357.80935897435893
279,279.1444483502608
251,250.9855833333333
319,318.9519781746032
478,478.75210854341736
917,920.285
810,807.21
593,592.4814934322214
497,495.75906547619036
209,208.5872658259615
241,241.52126388888885
220,219.87935515873014
76,75.83833333333332
25,24.995
13,12.999705882352941
11,10.959570175438596
10,10.0
39,38.91843521062271
133,133.455
391,390.6139166666667
738,737.085
359,359.450384920635
177,176.74408278690265
214,214.30112752525253
288,288.55213791804607
294,293.7330113848569
267,267.3057738095238
325,324.90436580086583
497,496.50197817460315
901,898.2770833333334
887,889.7895059523809
534,533.2107500000001
441,440.1547083333333
321,320.7162601703853
232,232.43710345210343
155,154.98634722222224
102,102.03083104395606
46,45.98072096530921
11,11.0
16,15.974001831501832
11,11.0
41,41.09896303258145
137,137.31194444444446
428,429.01715744631184
785,786.9381818181818
384,382.9670357142858
260,259.7448511904762
304,303.25966107503604
468,470.0345238095238
424,423.098875
400,399.80243055555553
470,470.7945238095238
634,629.675
900,890.11
761,760.595
500,500.42209523809527
372,371.5163541666667
267,266.58983989621487
264,264.4326367521368
171,170.9094550865801
191,191.20931736173182
141,140.65862103174604
75,75.13664285714285
56,56.05571794871795
11,11.005
10,10.0
30,30.01621212121212
84,83.9981868131868
206,205.95960119741372
395,393.85041666666666
539,540.0735178571429
647,644.465
743,730.48
710,709.8736038961039
576,574.85
620,619.377
659,658.195
610,610.9824358974358
495,495.7741666666667
341,340.3852717352093
247,247.30941048534794
215,215.13333333333335
185,184.2923408116007
179,179.0006013153513
127,127.26501404151406
109,108.64917285492284
74,74.07806804388422
22,22.01029411764706
11,10.989736842105263
10,10.0
23,23.01880357142857
35,35.1105
62,62.031648989899
86,86.18334126984126
185,184.82734632034632
336,336.3123095238095
392,392.5135833333334
320,319.7482287226662
314,313.8611939033189
306,305.8710073260073
333,332.5105446012321
157,157.12020616883117
106,105.93499579309582
114,113.86059543234543
116,116.04018953268951
113,113.00890056185645
79,78.97808302808303
80,80.22954166666666
51,50.9360202020202
37,37.0025
15,15.005
10,10.0
7,7.0
19,19.00025
59,58.97478037700174
154,153.81738343600847
397,397.08613888888897
332,331.59874718296413
298,297.60415399877905
308,307.59347756410256
341,340.3189265873015
405,405.02514285714284
420,418.89190476190475
370,370.40491269841266
377,377.0340833333334
497,498.0250686507937
456,456.65754166666665
371,371.1180416666666
227,226.82910849567105
151,151.0294455128205
107,106.82382060423234
69,68.79137362637363
31,30.999166666666664
13,13.0
7,7.0
3,3.0
7,7.0
19,19.0
143,143.52985798339088
362,362.8344285714286
713,716.8913749999999
382,382.09151803605744
164,164.4325422322775
193,192.75571597700542
260,260.5247738095238
238,237.5536486111928
244,244.42980662393157
254,253.9831452991453
424,423.9291726190477
806,805.4790746753247
784,791.575
514,514.2001282051282
360,359.60280915320055
225,224.77506686858894
162,162.02138645382396
84,84.0013475544923
33,33.0175
8,8.0
8,8.0
6,6.0
6,6.0
40,40.114419321906155
175,175.3898630952381
507,509.29831558341044
839,838.76
366,366.2680178571429
217,216.66252930402928
291,291.03737264818517
390,388.83693134797795
297,297.28076188354135
271,271.1370006513095
319,318.7514821428571
566,565.3016011904762
948,949.45
844,840.73
566,568.7923611111113
392,392.4005
269,268.93169587357085
197,197.30203628724215
136,136.24822577996716
42,42.00241666666667
11,11.0
11,11.005
3,3.0
10,10.0
42,42.19125
159,159.58388888888888
478,478.54799999999994
798,799.385
355,354.7152518037518
204,203.97014627039624
251,250.95889285714284
326,325.80560463867494
291,290.27226651959154
348,347.690341834494
460,460.4575987484739
481,481.736875
827,827.2188333333334
692,690.77
743,741.0875
415,415.3233412698413
260,259.8386433219559
177,177.0007579365079
186,186.55324114774118
68,67.97794289044288
37,36.944375
16,16.0
6,6.0
8,8.0
35,34.99216666666667
143,143.31251221804513
392,393.06702777777775
745,741.525
400,400.81170535714296
275,274.8241329365079
313,312.1698959235209
387,387.2048851294905
381,381.05176785714286
371,370.6512976190476
455,454.37789285714285
520,520.8280833333333
837,831.545
642,640.4926915584415
493,493.7351333943833
308,308.5095642551893
190,190.14825396825395
160,159.97878066378064
100,100.08095833333333
249,248.60354893863433
146,145.88975657894736
67,67.01502164502165
15,14.995
11,11.0
11,11.0
28,28.16755422603824
70,69.99147776610644
174,174.0870681499873
266,265.9252980491731
347,347.40467516782724
527,526.88
573,573.5633333333334
670,671.525
597,597.5364285714286
615,614.7504120879121
637,638.4885714285715
528,527.68
473,471.7536666666666
332,331.05189700577205
255,254.99018155455659
204,203.9655256904044
189,188.92949019338153
125,124.9996859251859
111,111.2181818181818
112,112.0128933982684
66,65.97973188331277
28,27.99416666666667
12,12.004705882352942
11,10.987903508771929
24,23.977404761904765
51,50.953148989898985
132,132.04314646464644
223,223.02928373015874
428,428.5
494,494.2057678571428
562,563.439375
619,618.745
617,618.1099358974359
568,567.7696111111112
581,581.04
539,539.4084761904761
453,454.26199999999994
336,335.8839561688312
246,246.04881684981683
196,195.92021346708847
125,124.335
105,105.2533115079365
48,47.91222222222222
29,29.01080307237165
6,6.0
4,4.0
10,10.0
40,40.020284706521544
147,146.83916200466203
476,477.32767849548117
737,736.4
359,358.73744689338434
168,168.05744300144303
263,263.7495416666667
284,284.0180697815257
146,145.67607738095236
185,184.81718452380954
260,259.814375
447,447.17718019480503
766,767.245
592,591.8238818542569
239,239.1232301893368
256,256.6608279220779
206,205.95136832580087
126,125.97897536762754
81,81.16958333333334
48,47.95810620915033
13,13.005
3,2.955
2,2.0
7,7.0
52,51.99165204678363
172,171.94042153679652
525,525.5895633116883
835,836.97
355,354.85272349872344
222,221.73996212121213
228,228.18692403429904
325,325.44606222943725
328,328.35914880952373
308,308.10762085137077
346,345.75281096681096
446,446.3178717532466
943,934.285
838,838.5391666666666
531,529.4381130952381
432,431.4315833333333
195,194.82068055555558
181,181.13308493589747
199,199.1586085858586
49,49.04353836797877
17,17.01
16,15.99852564102564
7,7.0
4,4.0
41,40.98937371993332
178,178.19530207292703
464,463.2001013708514
817,813.435
382,381.944202559867
228,227.86434539072036
234,233.8591681096681
332,331.34251406926415
310,309.27788034188035
270,270.0389176587301
301,300.312310654215
466,466.2832410714285
888,886.6866666666667
884,883.2787797619048
516,515.9024679487179
414,414.4305039682541
329,329.3534206349206
215,214.21551984126984
99,98.75462499999999
57,56.956230158730165
14,14.0
14,14.0
5,5.0
5,5.0
42,41.973213032581455
153,153.31967637917643
508,507.51225096747083
834,835.87
387,385.40377462668914
218,217.8806807928913
268,267.54854166666667
377,375.4141249999999
332,332.26346064352316
285,285.11769642857143
353,353.1608113553113
450,450.03408333333334
890,889.5554166666667
788,789.76
513,513.4975
387,386.1925581764727
283,283.000000520721
229,229.12176785714288
117,117.03549953314658
56,55.893451726270804
16,15.997692307692308
10,10.0
5,5.0
6,6.0
36,35.999140555526466
131,131.11596915584414
154,153.8267726856477
467,466.35452708076235
389,388.5888665966387
224,223.87434547682707
252,251.93004365079366
332,331.30409812409823
375,375.3159722222222
365,364.697130952381
395,394.5244285714286
565,566.53375
425,424.85019642857145
233,232.8923076196679
232,231.92057077644571
229,228.53761833305583
206,206.1953885365842
190,190.0717738233988
131,130.7783968253968
123,122.98238906638971
95,95.15048540859726
78,78.07857575757576
29,28.986098484848483
18,17.695
13,12.9740625
31,30.989853479853483
65,65.02966666666667
193,192.65452777777782
363,363.2440447330448
423,422.9906826923077
612,611.383
703,702.1985714285714
714,713.0025
711,708.1618181818183
711,711.7736038961039
691,688.705
731,718.19
521,523.9621428571429
345,344.7032673160173
259,258.46660131535134
296,295.3741520909645
202,202.2930465367965
163,163.3058333333333
154,153.53875
117,116.91614496614497
132,131.825
41,40.977666666666664
21,20.955504329004324
10,10.102681159420289
26,26.06087878787879
56,56.010714285714286
143,143.24874999999997
269,269.270369047619
443,443.93510714285713
547,545.9644761904761
675,675.1708333333332
626,625.1771428571429
640,640.84
623,622.11
591,588.3407142857143
491,491.27520364357855
413,413.71042063492075
266,265.83603003940505
195,195.15859328020397
166,166.16896149683646
113,113.13777725052724
66,65.99603787878789
31,31.00065656565657
11,11.0
5,5.0
6,6.0
7,7.0
46,45.71927380952381
144,143.86517393717398
452,451.5466666666666
728,728.4733333333335
360,359.5832092947257
212,211.88354563492067
211,210.9134853202353
283,282.7695466269841
315,314.6666856060606
282,282.5652606739666
296,295.76819047619045
524,523.6802261904761
922,926.605
786,785.8471428571429
514,513.7941346153846
403,403.10583852258856
174,173.83865445665444
183,182.56754502442007
163,163.13766468253968
37,37.053741758241756
17,17.0
7,7.0
1,1.0
7,7.0
50,49.897389271976735
158,158.30740094627598
531,531.2861785714286
761,762.9031818181818
334,333.2419817682317
221,220.62260924369744
253,253.55464935064936
378,377.50974206349207
303,303.2567377077088
296,296.09064824146435
346,346.16857683982687
541,540.1305
938,931.335
826,825.0880000000001
482,482.4170537518037
379,378.1660416666666
295,295.4790863274798
194,193.8091924603175
111,110.87924007936506
46,46.085393668831166
27,27.036845714861865
6,6.0
4,4.0
6,6.0
53,52.79920833333333
173,172.79979703548088
526,526.322354978355
801,801.65
373,372.58298626373636
171,171.26333697307598
236,235.6761626984127
316,315.66561140942395
306,305.3090522875818
301,300.94166849082285
308,307.34064777571103
532,531.9580707070708
963,955.825
858,856.82
572,571.0452777777778
441,440.62316666666663
313,312.4639843568268
238,237.8111414296488
123,122.95802083333334
76,75.95014705882353
28,27.989011904761906
18,18.01
8,8.0
5,5.0
55,55.14578144078144
171,171.1592738095238
495,495.06866269841265
779,781.1631818181818
343,342.91120543345545
225,225.31602380952384
238,237.80212404610356
319,318.9510436507937
313,312.8472551684427
285,284.72981130389223
305,305.38484618840937
499,500.41380555555554
886,882.9925
809,808.0284642857143
542,542.1697156593407
347,346.43353030303035
271,270.617209553703
207,206.82435841242088
135,135.04372142309876
71,71.13418668831169
36,36.00291719187675
19,19.015
13,13.0475
5,5.0
50,50.030015119684236
144,144.1782200102529
421,421.3178262987013
734,734.695
403,403.5388809523809
197,196.84925473137974
290,290.7422078962703
392,391.94651190476185
337,336.9837613636363
351,351.4369880952381
448,446.46011904761906
582,582.0645833333333
817,816.5096428571429
665,661.6179166666667
471,470.5820827922078
311,311.4445758485978
292,291.597518939394
217,216.65081601731603
178,178.2999404761905
142,141.939375
146,145.92600657894738
90,89.94192732267733
26,25.991282051282052
13,13.0
9,9.0
31,31.069352730087253
86,85.99643804153362
213,213.32381547619048
328,327.8773530056544
479,478.5425
585,583.415
668,668.8283333333334
760,753.195
750,738.7968181818183
711,711.7386038961039
612,612.9122870879121
618,619.6682692307692
456,455.36289285714287
300,299.7075932539683
296,296.3879260184261
209,209.2395595238095
157,157.02255357142857
167,166.90133882783886
117,116.8274105061605
133,133.02845833333333
116,115.70538095238095
79,79.08530393217892
20,20.0
28,27.98875
39,38.955
65,64.88434249084249
173,172.9652619047619
330,328.6827380952381
434,433.67066666666665
462,462.585701923077
491,489.4875694444446
391,390.8089448476361
402,401.80625
301,301.8298786630037
293,293.08567334054834
225,224.6449250541125
154,154.09541666666667
54,53.977731166709106
55,55.188630341880334
46,45.9360489747181
37,36.990833333333335
14,14.005
22,22.02
116,115.84329347041849
126,126.01326739979127
124,124.05759572780158
98,97.66749999999998
124,123.83929059829059
143,143.30360312713603
115,115.00662388306138
81,80.9340241147741
64,64.05347372072373
66,65.98899999999999
39,39.01
16,16.0
8,8.0
7,7.0
3,3.0
5,5.0
24,24.0
116,116.83546626984125
337,339.0704854312355
621,628.1354166666667
297,297.2172547145121
168,167.7639278915529
189,189.0627517467913
241,241.08071138583637
213,212.5779781746032
224,224.17126323676325
230,229.75181973581977
424,425.05113690476196
723,721.0710416666667
584,583.5682499999999
410,410.1418290390165
268,267.84403350455005
192,191.45841147659533
165,164.86817547730047
101,100.9890785056447
60,60.02959523809525
30,29.989166666666666
20,19.65
15,15.18675
10,10.0
40,39.91280868956895
148,147.91691666666665
420,420.9538571428571
680,682.9872222222222
331,330.7570716852591
146,145.99020454545456
170,169.96372821381516
221,220.79078045157456
248,247.5326150793651
185,185.09395833333332
214,214.03689772727273
344,344.041069055944
689,688.3395833333334
678,678.9458333333333
452,452.30310822510813
296,297.01689087002325
267,267.32613278388277
202,201.79363014069267
120,120.18087254901961
50,49.96920454545455
24,23.910238095238093
10,10.0
3,3.0
7,7.0
26,25.997839285714285
122,122.00795286657787
357,356.93742381029847
687,686.9282499999999
382,382.43441504329013
204,203.83197420634923
221,221.12931196581195
292,291.45512724775216
294,293.7310880655292
262,261.59888675213676
306,306.11330357142856
421,422.50162662337664
638,635.5771428571428
522,521.8247115384615
374,373.90844716394713
221,221.14727415420836
156,156.30403409090908
149,148.72725
119,118.93206529581528
108,107.95441666666667
89,89.06193903318906
46,46.08452840909091
28,28.00375
16,16.35
9,9.0
21,20.947877846790888
59,58.64
142,141.85766346153844
219,218.96427083333336
328,328.4683273809524
340,339.5089377387319
394,393.35467442279946
449,449.429375
455,455.13705952380957
448,447.66726785714286
400,399.7565416666666
410,408.9452797619048
297,296.89979254079265
239,240.03308828671328
181,180.85603769841273
166,165.99478663003663
146,145.88616666666667
148,147.948
102,102.12536058059588
165,165.00045616883116
37,37.016567416136496
11,11.0
9,9.0
5,5.0
16,16.0
50,49.45299242424242
149,149.041128968254
217,217.09328216374269
360,358.81999786324786
445,444.67416666666674
504,503.986
493,491.721946969697
509,507.0275
449,448.1604166666667
435,435.78382142857146
327,326.7016380772005
237,236.42386074505558
227,227.1982821969697
141,140.9785
87,86.97784523809523
79,79.11099999999999
53,53.275
23,23.015120770676695
8,8.0
6,6.0
4,4.0
16,15.97494230769231
39,38.997858520865094
139,138.73364285714285
461,463.12644588744587
648,648.2038461538461
257,257.06554194416697
142,142.13543126481363
150,149.80782967032968
244,243.68790628815626
222,221.9717916666667
196,196.17946232493
231,230.98092320791955
360,360.76543093018086
638,639.005
542,541.14275
372,372.17982875457875
241,240.543874410312
152,152.187506413184
115,114.91758928571427
53,53.235
19,19.01
8,8.0
2,2.0
4,4.0
7,7.0
41,40.98474734630694
149,149.34591712454213
387,387.04737932900434
588,586.6580656565656
363,362.50132654553056
230,229.88376785714286
216,215.8526101190476
248,247.9184223013828
278,277.48364969665414
240,240.34915781440776
272,270.9348571480434
402,401.94420238095233
627,625.97
497,496.8012936507937
371,371.6541240842492
228,227.26127500395637
151,151.1175
153,152.9779166666667
205,204.88145543345547
283,282.9488530497281
92,92.0522161172161
74,73.92581633644132
11,11.0
9,9.0
27,27.0
118,118.10998432379024
319,319.81458333333336
601,600.705
368,367.8753707264958
178,177.85843632225615
147,146.54562337662338
212,211.70110790598292
181,180.84534758297258
161,160.95617649711397
198,197.71923015873014
273,272.78929947058015
517,518.4660476190476
465,464.29555111228643
319,319.4042182539683
256,256.51793503718505
126,126.15621512567648
60,60.07562844611529
40,40.00035955272797
15,15.0
12,12.0
6,6.0
10,10.0
35,35.177941875402254
124,123.97388888888887
423,422.48367063492066
668,668.51
275,275.58290792540794
161,160.99521806298276
171,170.80665909090908
235,234.53374296414367
228,228.0027095959596
182,181.82907936507937
233,233.54481497546567
339,338.48082142857146
592,592.2383712121213
507,507.03181156914985
373,373.8494270729271
245,244.6523412698412
233,233.14292900155397
161,161.0518308080808
87,87.00842797918456
55,55.01615295815296
20,20.039053571428568
12,12.0
9,9.0
14,14.0
27,27.025555555555556
131,131.1822608225108
341,340.9885212981463
693,691.6737777777777
327,326.81391140803635
197,196.70570637462592
251,250.92658928571433
262,261.6945
299,299.4385983526278
274,273.47198547286047
356,355.6769523809524
434,434.5090952380952
654,654.3275
496,495.513554029304
361,360.43477721291873
255,254.87506204906202
199,199.12027525252523
163,163.03714794927296
162,162.14343055555554
122,122.22134644357136
76,76.00060368389778
44,44.00875
20,19.96840909090909
6,6.0
10,10.0
16,15.982097069597069
71,70.56032638888888
146,145.96974025974023
259,258.8210833333333
350,349.68294735397444
466,465.6466666666667
606,607.3957738095238
651,649.805
627,624.2983333333334
567,566.8630416666667
605,603.335
501,499.77620833333333
359,358.3515602869353
283,282.96286913780654
192,191.84021734369438
220,219.7334794372294
193,192.66758508012458
146,146.23113293650792
124,123.74860364347929
108,107.61518781218778
70,70.24508432539682
48,47.798791666666666
11,10.989736842105263
12,12.0
19,19.00525
68,68.09179166666667
119,118.74665873015874
273,272.7200868029029
405,406.34697619047614
504,502.5115
585,583.313
686,685.5685714285714
654,652.34
724,725.0592857142858
653,649.6216666666667
493,493.14688149350644
405,404.4655595238095
277,276.6045100585689
200,199.99170057720056
171,170.54184848484851
134,134.00916125541124
109,109.13343912337659
49,48.94079545454546
30,30.030511904761905
20,19.973333333333336
4,4.0
4,4.0
24,23.995
71,71.16236111111111
264,263.82368452380956
540,541.5573287545787
397,396.95095833333335
266,266.13727083333333
367,366.8115555555555
419,419.8178493589744
420,419.5912422161172
444,443.7717857142857
382,381.6225
434,433.2231666666666
596,594.4478570685851
551,549.7654166666667
353,353.6765256132756
304,304.44160414585417
155,154.71283866385818
112,112.00099038461539
63,63.13672580000726
23,22.895279761904757
5,5.0
11,11.084347826086955
5,5.0
9,9.0
18,18.0
50,49.9507284610814
107,107.69620585116635
211,211.0209649239649
110,110.28216666666667
94,93.9244743867244
155,154.9111075036075
196,196.51715494228
218,218.24140983077382
203,202.98005987512352
217,216.56407142857148
310,309.8566521672771
608,607.5094444444444
559,557.8418095238095
356,355.4290498867075
223,222.73061174038378
187,187.148683982684
135,135.19104584377612
84,84.13634397881962
24,23.924
12,12.0
1,1.0
5,5.0
6,6.0
39,39.03576670040486
146,145.68212216949715
415,415.7793636363635
691,689.8088888888888
332,331.0051677350428
171,170.872053030303
151,151.28854026148582
240,239.6514114219114
214,214.18815115440114
181,181.2870266747142
260,259.5746408730158
321,320.9826397491399
583,582.9258989898991
567,565.8623849206349
396,395.95355827067675
267,266.12624603174606
213,212.89429430291932
173,173.04085010822513
87,87.00787850384908
34,34.02779411764706
16,16.0
7,7.0
2,2.0
5,5.0
37,37.01662679425837
147,147.50424999999998
410,410.76159798534803
646,646.5925961538462
323,323.4042587690087
153,153.06174402190948
166,166.02186038961037
213,212.4044186507936
217,217.3652638888889
201,200.8108464105339
217,216.837445970696
342,341.5694097985348
563,562.7996408730161
573,576.155
386,385.86214321789333
285,284.749337010212
224,223.86932738095234
153,153.31843694785607
125,125.17301572091459
65,65.13904990842491
21,21.025294117647057
9,9.0
6,6.0
5,5.0
36,35.98738677536232
130,130.28891071428575
367,367.1868571428572
711,715.15
351,351.1393855450106
198,198.41063408129222
218,217.88684484020882
290,289.9154337606838
278,278.1892156397524
251,250.88572727272728
267,266.4186569541569
383,381.4101838855589
580,580.6383412698414
505,505.5519932844933
332,331.1449659576534
227,226.9652971403597
178,178.18852020202021
162,161.5977989718615
128,128.07680384892885
106,105.80961434398938
87,86.88354761904762
49,49.238128663003664
21,21.00187797619047
7,7.0
11,11.0
21,21.0
78,78.0946699134199
168,168.02836607142856
248,247.71596428571428
320,319.97112103174607
423,421.8141428571429
476,474.7620833333333
525,525.81
555,554.0054166666666
549,549.2816666666666
469,468.76994047619047
403,402.49075
271,271.0329976551227
253,252.9628481240981
172,171.88067086834738
139,138.67831944444447
145,144.80160335497837
133,132.81299404761904
129,128.950772005772
95,95.01982160894659
73,72.98450577200578
46,45.987854166666665
12,12.0
12,11.995
15,15.0
42,41.97248878205128
119,118.9370504658385
204,204.05519343932207
329,328.88635714285715
359,358.0518284632035
442,441.99968452380955
447,446.33960119047623
428,427.735
407,406.9454761904762
372,371.58333333333326
280,280.0164036935287
276,276.2249107420358
210,209.62032900432908
129,128.9319163961039
110,110.01892585192583
74,74.23453676470587
59,58.932211538461544
27,27.02
19,19.0
5,5.0
2,2.0
12,12.0
39,39.00902518753176
131,131.5338888888889
386,387.7174621212122
663,663.595
278,277.3003194444444
139,138.81767572541838
197,196.7943994359505
242,242.0136624486625
251,250.65749512987014
217,217.2254114831247
257,256.83711111111114
380,379.30878571428576
619,619.0374999999999
580,580.6254166666666
406,405.84681466450206
259,258.6661516677768
203,203.19686825674324
113,113.25118678625296
74,74.10201525974027
29,28.930333333333333
13,12.999705882352941
5,5.0
2,2.0
6,6.0
34,33.99434782608696
148,147.97932738095236
418,419.0823603479853
665,665.5425
326,326.118619047619
176,175.8904505297334
205,204.9752331349207
313,313.12482485569984
267,266.98539468864476
224,223.9573465700966
287,286.68851109307366
395,394.85931837606825
590,589.6858156565658
550,550.7785
384,383.05019996669995
235,234.99124683976154
157,157.061691017316
122,121.95624050949051
83,83.29625
26,25.991380952380954
14,14.0
8,8.0
2,2.0
10,10.0
29,28.995
101,100.96562500000002
273,272.81580086580084
551,552.5875
365,364.43880748418246
172,171.97784523809526
241,240.6143721001221
344,343.5372400793651
365,365.5297062969925
413,412.78352197802195
449,448.880261002886
469,468.94833333333327
374,373.507082986458
311,310.89813690476194
243,242.7084211621712
136,135.87414135696602
105,104.59704924242423
88,87.97091919191918
57,56.86758628177378
46,46.01305429864254
42,42.07583333333333
18,18.005
6,6.0
3,3.0
8,8.0
17,17.0
56,56.03257387955182
97,97.09943055555556
119,119.1095747863248
219,218.37652777777777
232,232.295
262,262.99953571428574
269,268.36400000000003
220,225.245
228,231.31
182,180.49
109,110.23
70,70.01329166666666
44,43.494125000000004
52,52.23
46,46.031539502164506
44,43.88
36,35.83
32,32.015277777777776
13,12.999705882352941
5,5.0
1,1.0
4,4.0
10,10.0
20,20.0
77,77.09754166666667
94,93.99257142857142
112,111.82843650793652
201,200.3363173076923
251,250.62
379,378.12699999999995
424,423.46
435,432.055
447,451.38
357,353.8713333333333
300,300.4920138888889
208,207.59471325896322
154,153.9509103688709
142,141.89259668109668
98,98.20896031746031
79,78.87258088235293
67,67.03067316017317
42,42.097750000000005
20,20.0
32,31.82
11,11.04768115942029
3,3.0
3,3.0
10,10.0
25,25.0125
62,62.08164950980392
122,122.08876388888888
142,142.44759508547008
186,185.80865644078145
199,199.1249880952381
225,224.85142587967587
207,206.86899999999997
198,197.86599999999999
170,169.40568899156403
126,125.9867323232323
145,145.01533928571428
83,82.96670533633034
58,57.91218434343434
75,75.26565004031914
76,76.10299297924297
57,57.01966666666667
34,34.10787552521008
36,35.96589635854342
28,28.00625
8,8.0
2,2.0
3,3.0
11,11.0
21,20.990250129399584
34,33.995
96,95.99432738095238
139,138.76880555555556
204,203.89465329890697
202,202.00291003728069
195,194.6883471236366
203,203.074693352757
245,245.21917099567102
228,228.07496284965032
181,181.06280735930733
141,140.7292051282051
127,126.9855558122433
119,118.95604061624648
64,63.98017243867244
62,62.03422527910685
41,40.99974734630694
23,23.034498746867165
10,10.0
5,5.0
5,5.0
10,10.0
41,41.04062969924812
124,124.458
365,366.06483333333335
638,641.6075961538462
286,285.8130152306843
147,146.97304290373367
130,130.29023863636365
210,209.88329502442008
217,217.21181944444444
228,227.40544642857145
230,229.87731096681094
346,345.6584880952381
553,554.2400476190476
521,521.6477023809524
371,371.75046733821745
277,277.2583234126985
181,180.59600216450212
104,104.3040535714286
65,64.98238609522141
26,26.006500000000003
6,6.0
5,5.0
4,4.0
5,5.0
31,31.0154176176206
100,99.86251399662429
293,294.2543154761904
500,501.7041666666667
268,268.35993398268386
57,56.79915787428947
65,64.97048878205129
76,76.03712393162394
77,76.89576840528751
94,93.95203968253969
155,154.9207679004712
257,257.47788182650686
527,527.3557516233766
482,481.8223787878788
350,350.6916686507938
232,232.65600793650793
185,184.73152651515153
97,97.37456186868688
67,67.13454545454545
23,23.0
12,12.0
1,1.0
3,3.0
4,4.0
39,39.04045420040486
136,135.81922581789127
409,410.2715979853481
692,698.58
322,321.3665370879121
161,160.83060010822507
146,145.81390996722575
208,208.00149277111777
214,214.06327110389608
176,175.92435119047622
179,179.1395361999112
325,325.2056204212455
563,562.831367063492
542,542.75375
387,386.71011147186147
263,263.42152380952376
223,223.758245343279
154,154.16543070818074
78,77.9908024712216
29,29.01905257936508
16,16.0
7,7.0
7,7.0
42,42.13
121,121.23232936507938
362,362.4410952380953
679,680.225
299,299.0063290290863
178,177.9284157092908
163,163.04598477365428
236,236.0199351555308
224,223.85658913579545
187,187.3318392857143
220,220.2488763436855
370,368.59794642857145
561,561.6790892857143
537,535.8706666666667
344,343.6539372710623
252,251.8061370851371
208,208.23908684371185
151,150.352998015873
130,130.0754301948052
52,51.990590909090905
19,19.000875
12,12.004705882352942
4,4.0
3,3.0
40,39.97128077121536
106,106.04850655046704
352,351.9759999999999
729,728.5795833333334
330,329.1806452922078
169,169.1297370823621
201,200.85050550674816
268,268.1057594517411
262,262.69900005835666
251,251.1811670241524
296,296.3265653235653
405,404.2037011278195
582,581.6990000000002
509,508.83578825912645
377,376.86673461260966
245,244.78287698412697
183,183.00929165605635
163,162.73355859418362
110,109.92722186147186
108,108.00991666666667
69,68.90843713924964
50,50.07501511968424
15,15.0
5,5.0
13,13.0
27,26.975738095238093
63,63.07639502164502
144,143.91004166666667
193,192.9876730031664
256,255.56487759462766
392,391.80690732959846
446,446.12604166666665
509,502.285
479,479.01916666666665
484,483.5558333333333
443,441.46799999999996
320,319.819123190943
297,297.01840624411824
249,248.56899482608026
198,197.89454340675664
158,157.88916666666665
147,147.30890692640693
126,125.77649728049728
117,116.96202651515152
94,94.0418354978355
74,74.02101135414294
25,24.975
7,7.0
8,8.0
16,16.0
31,30.95066666666667
93,93.03150000000001
172,171.6550515873016
293,293.1404811993562
355,355.1771804029304
520,521.3900833333333
431,431.8179523809524
473,469.9801666666666
417,415.51675
443,443.3229971139972
303,302.81020874958375
203,202.89397240259743
174,174.0002354100503
154,153.84134358900903
99,99.00197023809523
96,95.78660119047618
51,51.02880555555556
21,20.989973214285712
13,12.999705882352941
10,10.0
8,8.0
5,5.0
38,38.1575
138,138.37164484126984
396,395.5378611111111
731,731.58
308,307.4278562271062
136,135.78466575091574
233,232.9463118964369
268,268.42848168192035
321,320.57139081057835
260,259.82354437229435
268,268.173130952381
442,441.8495555555556
708,708.445
692,692.5279166666666
471,470.4233690476191
300,299.48509026784757
221,220.73967388094366
144,143.96203840603837
102,102.10423268398266
55,55.05578824903168
25,25.02424650851266
8,8.0
4,4.0
7,7.0
46,45.871914987789985
153,153.3150930458431
502,503.47431818181815
721,723.442625
336,335.9091904761905
156,155.61044240795047
207,206.82323386335892
312,311.60223856782306
272,271.9367529820184
270,270.34721966811003
300,301.3918621778549
435,434.9703928571429
743,742.069375
731,731.1877083333333
460,459.6439226190476
306,306.1168950988625
280,279.8592836673131
181,180.6881147186147
96,95.85713578251813
37,36.986432800751885
11,11.0
9,9.0
7,7.0
10,10.0
49,49.154512754703156
124,124.10008255633252
398,397.5642777777778
759,761.95
388,387.4801547619048
141,140.98762499999998
172,171.96984706878092
232,232.41074057804937
214,213.80829605263156
218,217.87356249999993
285,284.7554687526526
377,376.41025732600735
605,605.1769444444444
609,608.7775
414,413.84465548340546
293,292.30829166666666
198,197.43743452380954
105,105.03301395255072
74,73.91615015540016
44,44.1600492587123
16,16.0
9,9.0
2,2.0
9,9.0
32,32.01777777777778
124,124.06383333333333
389,389.19974386724397
659,661.255
276,276.1635410422912
145,144.77216666666666
178,178.1834761904762
235,235.01866090159837
245,244.44134397546898
212,211.9375831945832
270,269.8814059489363
331,330.4847976190476
617,616.8675
565,564.7217301587302
373,372.77630082417585
227,226.93030462958097
191,191.06860365941245
133,133.21818181818182
93,93.76716071428572
48,47.89235620915033
28,27.995
11,11.0
5,5.0
10,10.0
26,25.998505952380953
84,84.07819444444445
215,215.5630613553114
441,442.09134559884563
301,300.5531693510737
166,165.80388513799582
203,202.68367063492067
240,239.92395833333333
220,219.85587896825393
215,214.98166170634923
303,302.25829159729165
375,374.5436747835497
568,566.8350555555556
498,498.18557828282826
352,353.0408203521625
241,240.88157433497872
171,171.19970944251824
165,165.15367212551814
122,121.87379924242427
103,103.25787067099567
100,99.85375
70,70.14400813075812
29,29.075050958845083
12,12.0
6,6.0
20,20.0
39,39.02
111,111.04237702401322
170,170.13012175324675
287,286.8510569930071
404,404.03961904761906
486,485.963821969697
547,541.1883333333333
542,541.9591666666666
541,541.895
507,505.4725
345,344.81158477633477
304,304.75662517336735
246,246.07745941558449
182,182.03092818986568
209,209.08569957983195
160,160.21785714285716
162,161.99091666666666
118,118.01424526862029
102,102.1866643772894
78,78.02825324675325
48,47.70379464285714
12,12.0
8,8.0
6,6.0
23,23.005
69,68.95752928577272
103,103.07912854220942
219,218.67150892857143
250,249.91908531746031
315,314.905496031746
285,284.5502757936508
232,231.94873340548344
225,224.68751502949664
253,252.55633585858584
229,228.67623484848488
198,198.02409523809524
122,121.93949206349207
108,108.11386382367635
96,96.0354503968254
78,78.15671533613447
51,50.979858054226476
20,20.0
4,4.0
5,5.0
4,4.0
12,12.0
27,27.0
123,123.09057588245086
294,295.8780515873015
584,586.94
284,284.01217864986745
133,133.21315712555418
134,134.2278933982684
173,173.14895343137255
220,219.9493065476191
210,210.07336102949336
236,235.69076021894776
345,343.9805796703297
616,615.905
564,563.9035714285715
427,426.97733333333343
300,300.4782967068335
245,244.07473710317456
126,125.97182977439226
84,84.11037136401612
31,31.024545454545454
8,8.0
1,1.0
3,3.0
8,8.0
41,40.932541463954
118,118.67132738095238
380,381.15073809523807
724,725.1609583333333
334,333.4703214285715
154,153.77887688904232
173,172.97361736616497
226,226.39568378639333
254,253.6055963203463
204,203.8324642857143
270,269.9650014190649
358,357.4901499582289
601,600.5941666666666
546,544.7185833333334
433,432.5253472222222
257,257.04419495782
207,207.08554389511454
106,106.00337117865791
64,64.0356955821956
34,34.00529411764706
21,20.99286917701863
9,9.044285714285714
10,10.0
4,4.0
37,37.0975
128,128.51
369,370.5055303030303
688,687.78875
285,284.89050555906925
136,135.89584185139572
172,171.75008928571432
232,231.86357473776215
238,237.74389856711906
225,224.98712436868686
228,227.55541369047623
329,329.1277431457431
561,561.143007936508
540,539.208125
402,401.7710222832723
268,268.6136159837334
202,202.2956111111111
122,121.79259036796535
79,79.02963064713066
32,31.964256944444443
23,23.02810714285714
8,8.0
2,2.0
8,8.0
33,33.003894617530804
114,114.07620614035088
385,386.1332900432902
679,679.8454166666667
325,324.7348015873016
167,166.89616456582633
189,188.8107497556791
282,281.6477118090243
271,270.9138487058698
242,241.5158365384616
280,280.4243615967366
406,406.51800000000003
550,548.8469047619047
466,465.69437933961467
348,349.0798641774891
241,241.2022222222222
213,212.924625
148,147.7935412781663
120,119.89593696581196
47,47.02681776556776
26,25.99496428571429
9,9.0
12,12.0
10,10.0
34,34.01029411764706
113,113.33378947368419
308,309.174270021645
636,636.74
343,343.00417624042626
190,189.73821736453206
211,210.76075803526533
273,272.56968620966757
313,311.9361593553689
299,298.7101167998668
309,308.4939332611833
417,416.7065021367522
622,621.2820833333333
455,454.5678760822511
319,319.2007182539682
221,221.37828937999564
172,172.12134826203211
138,138.13111742424246
134,134.29423490720663
94,93.90763293650792
95,94.73894352869353
69,68.92040557359306
23,23.112488095238096
6,6.0
3,3.0
11,11.0
48,48.20321078431373
119,118.93095349503436
220,219.90066910647835
273,273.0393745066551
393,392.46593055555553
453,452.99066071428575
456,455.4588214285714
426,425.2126886446886
447,448.140755952381
413,413.658021978022
309,308.5777505545221
272,272.13590787266617
257,256.89049801587294
201,201.63015349927852
184,183.87045543672014
156,155.735
119,118.94608802308801
110,109.97758585858587
96,96.2529484126984
87,86.97316230297481
38,38.01756628787879
11,11.0
9,9.0
6,6.0
27,27.005
88,88.02875
132,131.76766666666666
257,256.55160714285716
295,295.23198611111115
417,416.1518968253968
356,356.5566923076923
310,310.7735357142857
338,337.64278574203576
400,399.72029960317457
243,241.8577102758353
107,106.927375
109,108.86879761904761
122,122.30429899796141
106,106.36354761904761
89,88.98132792207792
33,33.01
28,27.99125
15,15.0
5,5.0
3,3.0
5,5.0
24,24.0
108,108.27224632166075
319,319.74358333333333
592,594.4066666666668
282,282.1635918061556
135,135.17863761885926
170,169.9922011183261
232,231.62388240599273
210,209.6544114357865
181,180.9189327094474
211,210.61432738095237
302,302.0815242831787
495,495.0243174603175
507,506.4680653154036
340,340.2742532883783
200,199.27261111111113
120,119.94139804639805
54,54.0364267771702
47,47.18103260869565
18,18.0
15,15.0
7,7.0
5,5.0
8,8.0
36,35.93380607947773
118,118.31748773448771
355,356.2413234126984
662,665.76
326,326.73668738206237
184,184.033049650229
269,268.5380515873016
313,312.7869582847707
286,285.9240116633367
247,247.23638095238093
246,245.75947148684637
363,362.66809916472414
572,574.7539761904762
525,525.8362992424243
353,352.95910073260063
268,268.4836927758344
168,167.99778289765788
132,131.832862012987
81,80.78347222222223
41,40.945
15,15.0
3,3.0
5,5.0
7,7.0
31,31.066380507865027
112,111.89665190657293
363,363.79692857142857
678,680.7675
317,317.6398228021977
164,163.91658859522832
200,199.97850550674815
236,235.5854759876561
213,213.33721031746023
218,217.59084850321256
237,237.22691195079435
334,334.0575396825397
562,562.3401507936509
569,567.2666349206349
336,337.4912222222222
241,241.51896053946052
168,167.77092941168306
129,129.2976884920635
88,88.02088095238096
42,41.974916666666665
20,20.0
8,8.0
4,4.0
6,6.0
35,35.22954417471583
118,117.98138529781623
350,351.31803571428566
599,600.9166666666667
317,316.824375
161,161.01414565295815
190,189.9294585137085
212,212.12251587301583
217,216.88519509657007
214,214.13063194444447
249,249.23049808670856
302,301.58549046786544
475,474.9523035714286
381,380.56999956987465
118,118.0886823757383
50,49.906547068428644
26,26.00467836617406
21,21.0
13,13.0
17,17.0
9,9.0
3,3.0
3,3.0
6,6.0
13,13.0
80,80.00496428571428
208,208.21538644688644
472,472.6425
267,269.01124616688776
154,153.8933016131036
162,162.00823739495797
224,223.85340103238264
240,238.82095118770124
219,219.30590277777776
263,263.1131508838384
281,281.04627374667814
321,321.65439321789324
243,242.51459126984125
153,152.95804542679545
112,112.02878055767762
70,69.55414700577201
63,62.91792249417249
40,39.874839649321274
31,30.91458333333333
35,34.99
23,23.01
7,7.0
5,5.035
5,5.0
13,13.0
20,20.079166666666666
29,29.04
90,90.0487626956377
118,117.69533910533912
159,159.0005
146,146.08988095238092
158,158.035625
161,160.97413861832612
153,152.98650883838386
147,146.80320746139824
114,113.56793312243312
82,81.75964996114998
60,59.88673580586081
61,61.018503181974545
53,52.98990656565657
39,39.071982954545454
40,40.0152380952381
27,27.005
20,20.0
18,18.01
9,9.0
4,4.0
6,6.0
9,9.015
19,18.9975
48,48.03199633699633
56,56.00757972348859
93,93.11334294871794
152,152.48964285714285
196,195.85830591630594
186,186.21915367965366
175,175.25725
137,137.31327442002444
190,190.14128282501812
114,113.84908731954316
93,93.32368650793651
58,58.0284692904275
52,52.12967045454545
42,42.0746875
58,58.158461538461545
25,25.001827586206897
12,12.0
11,11.0
5,5.0
3,3.0
9,9.0
17,17.0
30,30.007833333333334
66,65.88497969187675
85,84.87233333333333
103,103.00396590909091
124,124.15801282051281
135,135.00543154761903
70,69.95443201754385
46,45.88885416666666
33,33.01069444444445
33,33.01069444444445
26,25.9554898989899
26,26.080115384615386
18,18.015
23,22.95
22,22.89333333333333
12,11.905
11,11.0
13,12.999705882352941
13,13.0
7,7.0
1,1.0
3,3.02
7,7.0
6,6.0
11,11.0
28,27.809250000000002
32,31.887916666666666
86,86.34
114,113.135
121,116.69
126,126.6
107,107.055
86,84.41
50,49.89183333333333
43,42.615
36,36.08
40,40.009479166666665
34,34.085
19,19.01525
30,30.0095
9,9.0
7,7.0
1,1.0
2,2.0
2,2.0
11,11.0
36,35.90380607947773
26,25.99725595238095
31,30.9853125
23,23.0
8,8.0
10,10.0
10,10.0
15,15.0
20,20.0
13,13.0
13,13.0
53,52.99644426406927
43,43.00023809523809
35,34.99997916666667
32,31.999583333333334
20,20.0
11,11.0
10,10.0
3,3.0
5,5.0
2,2.0
1,1.0
3,3.0
11,11.0
45,45.106212657440594
90,90.33895454545454
208,208.2541543040293
133,132.79725883838384
75,75.22620655325066
103,103.1075
109,108.35046031746032
118,117.89989622607243
119,119.07210683760682
120,119.85828535353535
174,174.04443557422968
257,257.5464563492063
197,196.87427561327564
117,116.94527622498275
91,91.16640537240539
63,63.08563347763348
44,43.9305
26,26.01
25,25.004751461988302
9,9.0
5,5.0
2,2.0
4,4.0
15,15.0
51,50.76507305194806
112,112.1712894736842
239,240.26980555555556
191,191.0175416666667
162,160.197
178,178.0635123604466
222,222.04674007936504
222,222.13661904761898
261,261.78875757575764
225,224.96462499999998
250,250.51194155844158
271,270.84221400609965
213,212.83055555555558
128,127.9650074023199
97,97.00454365079364
92,91.84693181818182
62,61.73954545454546
59,58.951416083916094
26,25.999339285714292
37,37.05214777327935
19,19.01
6,6.0
3,3.0
3,3.0
7,7.0
18,18.0
44,43.89875
49,49.23350000000001
41,40.97288461538461
45,45.09123511904762
48,47.97591002747253
84,83.7910476190476
98,97.9123353174603
129,128.87930050505054
147,147.06789180483258
118,118.11644898581268
110,110.03855790043292
97,96.9419861111111
66,65.93
60,60.02729511278196
54,53.95149175824176
32,32.00527777777778
41,41.037726190476185
28,28.0
19,19.0
15,15.0
7,7.0
2,2.0
8,8.0
13,13.0
33,33.00325
74,73.89009920634922
122,122.1593100926851
136,136.09829166666665
144,143.88160626873128
169,168.96505988455988
160,159.90698214285712
138,138.0566170634921
133,133.04171703296706
123,122.9019365079365
125,125.05155265567765
102,101.93871993284495
72,71.7694365079365
47,47.04695062817618
36,36.003169642857145
49,49.10432353757352
34,33.955
19,18.883333333333336
11,11.0
1,1.0
3,3.0
9,9.0
40,40.11221303258145
85,84.43916666666668
196,195.67220238095237
157,156.79807738095238
120,119.97166666666666
157,156.79513131705252
224,224.55203174603182
203,202.99511437278437
247,246.8852222222222
315,314.07590818903316
214,214.17786904761903
164,163.9936814625863
122,122.00080068542567
119,118.9547205988456
89,88.93836489898987
90,90.00397799422797
61,61.004267676767675
49,48.971267801642796
