MessageId,Actual,Predicted,Probability
0,0,0,0.009432880500305456
1,0,0,0.0085422678531844
2,1,1,0.9998272525137061
3,0,0,0.008673840862285065
4,0,0,0.00851406595735396
5,1,1,0.9730480527395396
6,0,0,0.010054801558363375
7,0,0,0.009120492034298544
8,1,1,0.9998407656311515
9,1,1,0.999807170801947
10,0,0,0.007852097835278434
11,1,1,0.9998313312078444
12,1,1,0.9998612928903892
13,0,0,0.00940832519533618
14,0,0,0.012187380916569986
15,1,1,0.9976563548262984
16,0,0,0.008380614564894378
17,0,0,0.00889496168215004
18,0,0,0.00840470001173438
19,1,1,0.9971839753804471
20,0,0,0.012346488275662504
21,0,0,0.009212305426021496
22,0,0,0.008556557852022521
23,0,0,0.007947258459850668
24,0,0,0.009395801261853704
25,0,0,0.008635140156552297
26,0,0,0.010217707244084709
27,0,0,0.008037308065672186
28,0,0,0.007792651746146033
29,0,0,0.00821566499051583
30,0,0,0.009867062521590636
31,0,0,0.010219834226517515
32,0,0,0.009208040565345355
33,0,0,0.012075914506235462
34,1,1,0.9979637454993039
35,0,0,0.008965079102945826
36,0,0,0.007981546961110862
37,0,0,0.01026586744632325
38,0,0,0.009056852172889698
39,0,0,0.009596407918759835
40,0,0,0.008760506521268013
41,0,0,0.008709436509561252
42,1,1,0.9996982312654228
43,0,0,0.010648537073339254
44,0,0,0.007732002597966123
45,0,0,0.012454490781815231
46,0,0,0.011903682092287461
47,0,0,0.010036241904078346
48,0,0,0.008513970101180495
49,0,0,0.010104665266239266
50,0,0,0.009390845608782386
51,0,0,0.007827941719108838
52,0,0,0.008409988052558565
53,0,0,0.008242662158483243
54,1,1,0.992721328969512
55,0,0,0.008421166193408706
56,1,1,0.9988339853020232
57,0,0,0.00739032531793491
58,0,0,0.009689014444431822
59,0,0,0.013746822284430015
60,0,0,0.008317449516495596
61,0,0,0.010161958221568545
62,0,0,0.010491856418005239
63,0,0,0.008073428649119118
64,0,0,0.007926437167167913
65,1,1,0.9997582744389212
66,0,0,0.010333962557174598
67,1,1,0.9997953356550665
68,1,1,0.8609464875801258
69,0,0,0.012413766840415352
70,0,0,0.010867321881561696
71,0,0,0.00912945541524682
72,0,0,0.009048996405005187
73,0,0,0.01046218339662808
74,0,0,0.023388177221771132
75,0,0,0.016572044106550932
76,0,0,0.0084444364965973
77,0,0,0.010774323710549134
78,0,0,0.007871382320599737
79,0,0,0.011026265995300842
80,0,0,0.007367812221223805
81,0,0,0.008498129357468057
82,0,0,0.0076664567002087645
83,0,0,0.008570986581103984
84,0,0,0.013216648046643345
85,0,0,0.010589881678560814
86,0,0,0.010431535783078634
87,0,0,0.01093417797173694
88,0,0,0.00867562898504488
89,0,0,0.010640581312279938
90,0,0,0.008209216280445988
91,0,0,0.008120723754731312
92,0,0,0.00868442364729223
93,1,1,0.9998825884601227
94,0,0,0.008014411959510175
95,1,1,0.9996203242769303
96,0,0,0.008410200173018098
97,0,0,0.010466113975671617
98,0,0,0.00826264242425634
99,0,0,0.015940123104481747
100,0,0,0.010046330808435115
101,0,0,0.010627368309500973
102,0,0,0.009198141272808096
103,0,0,0.009120492034298544
104,0,0,0.009506092974879482
105,0,0,0.008793306388957556
106,0,0,0.00962050674986675
107,0,0,0.009618135282993507
108,0,0,0.012485440185869948
109,0,0,0.009801184350070302
110,0,0,0.009039441165559704
111,0,0,0.015387802342658718
112,0,0,0.009126820993505425
113,0,0,0.008067702728006138
114,1,1,0.9998904180204711
115,0,0,0.010196062909802992
116,0,0,0.007835144465904501
117,1,1,0.9998597864091585
118,0,0,0.012227499323219405
119,0,0,0.00864646808393692
120,1,1,0.999845779884863
121,1,1,0.9998561379906342
122,0,0,0.016705249418686445
123,1,1,0.9998460943423731
124,0,0,0.01051895276973035
125,0,0,0.008062431647070215
126,0,0,0.008629381086444668
127,0,0,0.009711515182313831
128,0,0,0.009140757527183544
129,0,0,0.00907819002785794
130,0,0,0.015659725785289045
131,0,0,0.0077665823418813515
132,0,0,0.011366376699337677
133,0,0,0.013856223838709762
134,1,1,0.9998014918926045
135,1,1,0.9994148687883229
136,0,0,0.014748431061232676
137,0,0,0.009653191984752835
138,0,0,0.009762852003407997
139,1,1,0.9955136449174703
140,0,0,0.00833124332272311
141,0,0,0.010592977383234784
142,0,0,0.008340216301105968
143,0,0,0.00898127763818783
144,0,0,0.009253520413050264
145,0,0,0.010828102643137166
146,0,0,0.009807174937475805
147,1,1,0.9947900027452323
148,0,0,0.01010597663934088
149,0,0,0.023379710870178178
150,0,0,0.009351239284905492
151,0,0,0.013912359482820711
152,0,0,0.008257089746868696
153,0,0,0.012830023649487378
154,0,0,0.009120492034298544
155,0,0,0.009701019768310377
156,0,0,0.010809163969880558
157,0,0,0.008841137553938916
158,0,0,0.007649680381760758
159,1,1,0.9959700754935681
160,1,1,0.9998714551945289
161,0,0,0.009695324148082418
162,0,0,0.009570071387794131
163,0,0,0.0089631583783825
164,1,1,0.9994502647247088
165,1,1,0.9968779090085439
166,0,0,0.01591581931836351
167,1,1,0.9998844945604246
168,0,0,0.010573643575538489
169,0,0,0.012021902306025496
170,0,0,0.010964101541392718
171,0,0,0.010478842673398894
172,0,0,0.008241252385223535
173,0,0,0.0078634028865575
174,0,0,0.012102079376833422
175,0,0,0.008063677880434005
176,0,0,0.0077687940347904655
177,0,0,0.00998328158067044
178,0,0,0.008053882166576279
179,0,0,0.011770807670881801
180,0,0,0.00948972403916123
181,0,0,0.01157012168422236
182,0,0,0.009133187980272604
183,0,0,0.009027074258198112
184,0,0,0.010813063007356861
185,0,0,0.009110087940489781
186,0,0,0.00930730261324982
187,0,0,0.008807041252363246
188,1,1,0.9998881185881511
189,0,0,0.010956169262528117
190,0,0,0.008872814537917169
191,1,1,0.9974809468467379
192,0,0,0.00885909552994589
193,0,0,0.01027978110045719
194,0,0,0.016342863382810307
195,0,0,0.008622395690332775
196,0,0,0.007769569687373284
197,0,0,0.007886538639971543
198,0,0,0.009043702274135378
199,0,0,0.010300509309763202
200,0,0,0.007783427125427141
201,0,0,0.007576711768384119
202,0,0,0.009369870953270234
203,0,0,0.007859248152362715
204,0,0,0.010813290990064736
205,0,0,0.012260840927187313
206,0,0,0.00801688890451775
207,0,0,0.007835144465904501
208,0,0,0.011205662795150437
209,0,0,0.008101751456793423
210,0,0,0.00942958813872983
211,0,0,0.010020911355670846
212,0,0,0.011857955537748512
213,0,0,0.009480625245949292
214,0,0,0.008634197710349489
215,0,0,0.008480672654212557
216,0,0,0.01923787866232486
217,0,0,0.01056390516397108
218,0,0,0.008974834830685589
219,0,0,0.009942272658322268
220,0,0,0.007926591894479857
221,0,0,0.00827105858707996
222,0,0,0.012641966257486115
223,0,0,0.007367812221223805
224,0,0,0.007791742643027389
225,1,1,0.9998168400297912
226,0,0,0.008499632748425247
227,1,1,0.9822070216781651
228,0,0,0.014978427742740642
229,0,0,0.009169073253252263
230,0,0,0.007772922576097181
231,0,0,0.008378903505382422
232,0,0,0.009267653270924308
233,0,0,0.008828706902486144
234,0,0,0.008476548812610635
235,1,1,0.9967083231697695
236,0,0,0.00773876836100215
237,0,0,0.009806584780866975
238,0,0,0.009870423280571902
239,0,0,0.008741685639395426
240,1,1,0.9996753664905049
241,0,0,0.014652145723147453
242,0,0,0.014239889160635164
243,0,0,0.009641386549567785
244,0,0,0.008013348083903115
245,0,0,0.00971471472033211
246,0,0,0.008589264378521231
247,0,0,0.008999905536837532
248,0,0,0.011039905733090735
249,0,0,0.007604834307701187
250,1,1,0.9998960807003437
251,0,0,0.01158011646958304
252,0,0,0.007828143182756413
253,0,0,0.008095016804571219
254,0,0,0.013554801466595583
255,0,0,0.00876304447747586
256,0,0,0.011155048270529967
257,0,0,0.011508435823038432
258,0,0,0.010774689977864266
259,1,1,0.9998569437262774
260,0,0,0.009139760906086031
261,0,0,0.008353417031782023
262,0,0,0.008036900159554357
263,0,0,0.014642629301361829
264,1,1,0.9944077258579407
265,0,0,0.009091289596385116
266,0,0,0.010613783580440362
267,0,0,0.009354846417094335
268,1,1,0.9997619751600023
269,0,0,0.01371431975716484
270,1,1,0.9995078430027872
271,0,0,0.010164870661573358
272,0,0,0.007795105861395327
273,1,1,0.9997572012975011
274,0,0,0.009625879021317306
275,0,0,0.010892320398450167
276,0,0,0.008884668803876856
277,0,0,0.014590674089204878
278,0,0,0.008212337059927521
279,0,0,0.008416968704735262
280,0,0,0.012763454254867183
281,0,0,0.009959298594953314
282,0,0,0.009527497630340363
283,0,0,0.008812703739362172
284,0,0,0.00898822243476736
285,0,0,0.007984802229081767
286,0,0,0.008210754048837884
287,0,0,0.007572209538762862
288,0,0,0.00878801005982447
289,0,0,0.008055964665094069
290,0,0,0.009297400288935906
291,0,0,0.008660888714161093
292,0,0,0.008545921144356884
293,0,0,0.008806551205523093
294,0,0,0.011451643376337724
295,0,0,0.013587195778967049
296,1,1,0.9994818055482694
297,0,0,0.013664265323723111
298,0,0,0.008120513303552568
299,0,0,0.00800106359893793
300,0,0,0.008495880045014215
301,0,0,0.009089411868606597
302,0,0,0.009292841872589453
303,0,0,0.008608855420021972
304,0,0,0.01617871693516756
305,1,1,0.9975768973796789
306,0,0,0.009698882373460909
307,0,0,0.009444033780151743
308,0,0,0.009457861654515336
309,1,1,0.9990278115244142
310,0,0,0.014478443722806092
311,0,0,0.009324698075189387
312,1,1,0.999630379283207
313,0,0,0.008753658137973418
314,0,0,0.009168066662103375
315,0,0,0.008524002224019204
316,0,0,0.009773642753739145
317,0,0,0.008491920180847573
318,0,0,0.009574081794098223
319,1,1,0.9998660328897925
320,0,0,0.011030338053733822
321,0,0,0.008358596759452695
322,0,0,0.008229673611947624
323,0,0,0.009171997914053168
324,0,0,0.008834767976219748
325,0,0,0.008413166260294199
326,0,0,0.012454490781815231
327,0,0,0.009642430542009119
328,0,0,0.009572859848361714
329,0,0,0.011576212955170672
330,0,0,0.009909440513461628
331,0,0,0.009878431149256031
332,0,0,0.011903817734858303
333,1,1,0.9978351745669944
334,0,0,0.016102319094681787
335,1,1,0.9994601826117931
336,0,0,0.009794731466259232
337,0,0,0.0095274609943405
338,0,0,0.009161210841044433
339,0,0,0.007367812221223805
340,0,0,0.009672284240847269
341,0,0,0.007932504945085461
342,0,0,0.011005187621801747
343,0,0,0.015584572308587601
344,0,0,0.01024276594746331
345,0,0,0.010976517424303845
346,0,0,0.010522237601062573
347,0,0,0.00867264783069659
348,0,0,0.01062958647931426
349,1,1,0.9988099742775869
350,0,0,0.00847222440395619
351,0,0,0.011877745848752784
352,0,0,0.009198964999669495
353,0,0,0.008215699176618711
354,0,0,0.009070378362021774
355,0,0,0.007981107793163059
356,0,0,0.009200158714378598
357,1,1,0.9998960807003437
358,1,1,0.9998816697471888
359,0,0,0.008688109969518304
360,0,0,0.00844161962575821
361,0,0,0.009066563511829837
362,0,0,0.0076891143953358625
363,0,0,0.010512595263102886
364,0,0,0.008805085721150435
365,0,0,0.009071960540209097
366,0,0,0.009649207538439694
367,1,1,0.9998698544361058
368,1,1,0.9996667960507525
369,0,0,0.010596542040408392
370,0,0,0.010208875306383335
371,0,0,0.008555818493297429
372,0,0,0.011561439233387254
373,0,0,0.008106180523533573
374,0,0,0.00834866627301089
375,1,1,0.9992569083543761
376,0,0,0.00860063572548139
377,0,0,0.009363995212059542
378,0,0,0.010514432432599015
379,0,0,0.01590480290653678
380,0,0,0.009306940276003293
381,0,0,0.008130832456411276
382,0,0,0.008838589662205177
383,0,0,0.008407180005987655
384,0,0,0.008665724545760851
385,1,1,0.9997996928932339
386,0,0,0.012578210322992514
387,0,0,0.0125321022580678
388,0,0,0.008974301105482503
389,1,1,0.9998291343064234
390,0,0,0.008210915584142229
391,0,0,0.00861035432022696
392,0,0,0.009357088408173954
393,0,0,0.008049561340818601
394,0,0,0.0084758661801061
395,0,0,0.00858705143327757
396,0,0,0.020596500343001367
397,0,0,0.010453986045050507
398,0,0,0.00862432513473913
399,0,0,0.008773121483422719
400,0,0,0.011035745733437663
401,1,1,0.9996910786413143
402,0,0,0.009034262254968185
403,0,0,0.011514151272482466
404,0,0,0.010375387776102406
405,0,0,0.008485857096809152
406,0,0,0.008856620821512177
407,0,0,0.008417318285831678
408,0,0,0.009337561361510743
409,0,0,0.01564636406306446
410,0,0,0.009603817476922436
411,0,0,0.008787943534430326
412,0,0,0.008677570658520348
413,0,0,0.010656478294540276
414,0,0,0.009488597827145399
415,1,1,0.9986129872023417
416,0,0,0.008448904259351494
417,0,0,0.014269066322783908
418,1,1,0.9998202362923148
419,0,0,0.008886493770095929
420,1,1,0.9973576538642176
421,0,0,0.012825537497804627
422,1,1,0.9994898982602732
423,0,0,0.01151364829402918
424,1,1,0.9998978868299551
425,0,0,0.009335241591464894
426,0,0,0.0078269843486278
427,0,0,0.00922375398045577
428,0,0,0.010179579719084725
429,0,0,0.008392261001139179
430,0,0,0.007859030355334744
431,0,0,0.007789093103799483
432,0,0,0.010001005664843523
433,1,1,0.9997134740905881
434,0,0,0.01148996432506769
435,0,0,0.007698704650561722
436,0,0,0.007482847557263134
437,0,0,0.008089922184273058
438,0,0,0.009285980873973193
439,0,0,0.012147839332344229
440,0,0,0.009889425491992284
441,0,0,0.008442533687813827
442,0,0,0.008500276060463002
443,0,0,0.009469574816881668
444,0,0,0.007367812221223805
445,0,0,0.011383519529151663
446,0,0,0.008460031622789695
447,0,0,0.009568922466905633
448,0,0,0.009358860695844014
449,0,0,0.010106547218577852
450,0,0,0.01257311318516613
451,0,0,0.016842872862357767
452,0,0,0.007862162019154411
453,0,0,0.01161210144467938
454,0,0,0.008802629085467254
455,1,1,0.9997275594999904
456,0,0,0.010190618845837832
457,0,0,0.008484731395325297
458,0,0,0.010689135206789421
459,0,0,0.008494584833943207
460,0,0,0.010806472204152682
461,0,0,0.008766238095067104
462,0,0,0.008724796582787273
463,1,1,0.9996064837377429
464,0,0,0.007443528988989717
465,0,0,0.00823795985005998
466,0,0,0.007918392015961562
467,0,0,0.010075722747091275
468,0,0,0.010773157943651565
469,0,0,0.00873621348602708
470,0,0,0.011001550939612283
471,1,1,0.9997706209123065
472,0,0,0.009471208746484192
473,0,0,0.008581914894515548
474,1,1,0.9994046253344568
475,0,0,0.008698589589894874
476,0,0,0.008028553929186241
477,0,0,0.008200387177055207
478,0,0,0.010601045633891337
479,0,0,0.009328588937589005
480,0,0,0.008991069762445727
481,0,0,0.011904467536200988
482,0,0,0.008777836333715908
483,0,0,0.008042931759998099
484,0,0,0.009125113977335729
485,0,0,0.013184512682951493
486,0,0,0.009702562513641022
487,1,1,0.9996646441727187
488,0,0,0.00945025914719467
489,0,0,0.010785655185806261
490,0,0,0.010125203552351235
491,0,0,0.009606935117973487
492,1,1,0.9988339853020232
493,0,0,0.007462307802496953
494,0,0,0.00778996594113315
495,0,1,0.9702652118727128
496,0,0,0.00933984072898517
497,0,0,0.008402883718639773
498,0,0,0.010585601440280056
499,0,0,0.013237620429940635
500,0,0,0.010269907669539042
501,0,0,0.011316437993774629
502,0,0,0.007713476351079494
503,0,0,0.01242077209563424
504,0,0,0.011024892678955022
505,1,1,0.9998363999391406
506,0,0,0.007724445315886273
507,0,0,0.01025731848484971
508,0,0,0.00846844316346725
509,0,0,0.015959885344481797
510,0,0,0.008998213302813878
511,0,0,0.020818396528238903
512,0,0,0.009343753918089734
513,0,0,0.008306309082230973
514,0,0,0.011038208343057807
515,1,1,0.9998745773583028
516,0,0,0.018751574041021957
517,1,1,0.997247426992184
518,1,1,0.9983391211984692
519,0,0,0.009080342063934394
520,0,0,0.011787579111715943
521,0,0,0.014819381687572053
522,0,0,0.008649858194397706
523,0,0,0.010320270641911341
524,0,0,0.015056061121358164
525,1,1,0.9998787258769404
526,0,0,0.01084283358109397
527,1,1,0.9998774104120682
528,0,0,0.009471678173706758
529,1,1,0.9968536839333857
530,0,0,0.012219250730913633
531,1,1,0.9998650111490797
532,0,0,0.008865793619638379
533,0,0,0.010522237601062573
534,0,0,0.00819263033489969
535,0,0,0.008127536891688391
536,0,0,0.007699741148730961
537,0,0,0.007645520687468842
538,0,0,0.01011774028715171
539,0,0,0.007784501048373593
540,0,0,0.008709845886823152
541,1,1,0.9991460918768713
542,0,0,0.015124308774484146
543,0,0,0.008083822720852932
544,0,0,0.011950503315252462
545,0,0,0.008889852505778485
546,0,0,0.015312861476787752
547,0,0,0.009302162030672684
548,0,0,0.008414902323607762
549,0,0,0.0077364528575669484
550,0,0,0.008972915606741594
551,0,0,0.010446602038207178
552,0,0,0.010423532118202964
553,0,0,0.01439285077659328
554,0,0,0.008327753124173935
555,0,0,0.011963529280769686
556,0,0,0.015800636437490957
557,0,0,0.008282042637261504
558,0,0,0.00926488164708474
559,0,0,0.009490965845413294
560,0,0,0.010009706808764578
561,0,0,0.010619966447867935
562,0,0,0.009621780511570366
563,0,0,0.010186352938748516
564,1,1,0.9998904180204711
565,0,0,0.008534664246847085
566,0,0,0.011682487174793216
567,0,0,0.011267448428104452
568,0,0,0.007749217553392534
569,0,0,0.009547739603882647
570,0,0,0.011709845315126137
571,0,0,0.007661037972017895
572,0,0,0.010390426689118442
573,0,0,0.01028476162572365
574,0,0,0.01968007526436679
575,0,0,0.009808200739576951
576,1,1,0.999829587562542
577,0,0,0.01068016400162813
578,0,0,0.008487175056817292
579,1,1,0.9989525969229458
580,0,0,0.015744765940208034
581,0,0,0.008197391775946904
582,0,0,0.007872960625869297
583,1,1,0.9997476607247773
584,0,0,0.009299997557699998
585,0,0,0.012818559306529238
586,0,0,0.008756534120451335
587,0,0,0.008291254823387592
588,0,0,0.01703230847572795
589,0,0,0.010256444166280123
590,0,0,0.007825123726669485
591,1,1,0.9997984742780428
592,1,1,0.9997685567416894
593,1,1,0.9998485859625692
594,0,0,0.014920683331987102
595,0,0,0.009970571368719313
596,0,0,0.009290477064579793
597,0,0,0.00789858459237535
598,1,1,0.9997255885667411
599,0,0,0.00929949972423253
600,0,0,0.008749938619976378
601,0,0,0.01457694252516625
602,0,0,0.007681509534645907
603,0,0,0.01731396140018237
604,0,0,0.008376161314484154
605,0,0,0.009130919353928195
606,0,0,0.008878096299016043
607,1,1,0.9963313267769969
608,0,0,0.009532856709717527
609,0,0,0.008397988843383553
610,0,0,0.008308947145997019
611,1,1,0.9984587277864994
612,0,0,0.010432111004261209
613,0,0,0.015960748944397484
614,0,0,0.008711740145977918
615,0,0,0.011768768186253801
616,0,0,0.009396678615225274
617,0,0,0.00790545261690049
618,0,0,0.010111219114057953
619,0,0,0.008645755402619209
620,0,0,0.009813745933275511
621,0,0,0.007545174431070101
622,0,0,0.008985083251478317
623,0,0,0.008769450312836007
624,0,0,0.0077525787005251565
625,0,0,0.011956877631665554
626,0,0,0.009143610524298126
627,0,0,0.01436101130002293
628,0,0,0.008084537003807233
629,1,1,0.9989755588037863
630,1,1,0.999771949862385
631,0,0,0.008149275800070929
632,0,0,0.009503926039668213
633,0,0,0.009871268393867724
634,0,0,0.01065298657232905
635,1,1,0.9998925007376346
636,0,0,0.01196351261006293
637,0,0,0.008798342299323511
638,0,0,0.009241853332435676
639,0,0,0.010150579330265471
640,0,0,0.009891694894752018
641,0,0,0.0083350105618362
642,0,0,0.008462907238479799
643,0,0,0.008532181715086726
644,0,0,0.008385001092719785
645,0,0,0.012775568155205554
646,0,0,0.009113964007067727
647,0,0,0.008530176066748852
648,1,1,0.9998656711492566
649,0,0,0.009880743198840079
650,1,1,0.9998296465774139
651,0,0,0.009802379774608544
652,0,0,0.008375500029441102
653,0,0,0.009443924528665765
654,0,0,0.008846448867471504
655,0,0,0.007886538639971543
656,0,0,0.010796787416661485
657,0,0,0.008998891464876558
658,0,0,0.008570986581103984
659,0,0,0.011451760059846211
660,1,1,0.9900026691200363
661,0,0,0.01029258612671678
662,0,0,0.012013868293888688
663,0,0,0.007656863943704326
664,0,0,0.010199055151757062
665,0,0,0.011697243279691075
666,0,0,0.013280459743985083
667,0,0,0.008505907153402386
668,0,0,0.007813298892747218
669,0,0,0.008489103942155858
670,0,0,0.015029255212211316
671,0,0,0.009326194189415639
672,1,1,0.9306202766206824
673,1,1,0.9996397062672194
674,0,0,0.0088192268286568
675,0,0,0.007399945804414683
676,0,0,0.008932003799873191
677,0,0,0.008627636370181548
678,0,0,0.008696963898295027
679,0,0,0.009988718999813514
680,0,0,0.00839960365707659
681,0,0,0.01085645132178696
682,0,0,0.012106592857716633
683,0,0,0.00834107035833882
684,1,1,0.9866143768999787
685,0,0,0.008315470420825847
686,0,0,0.008509432889185204
687,0,0,0.009530612122603447
688,0,0,0.009861557012931444
689,0,0,0.008779544723285548
690,1,1,0.9961887173789428
691,0,0,0.011816273896683847
692,0,0,0.008888476412602491
693,0,0,0.00795409766169884
694,0,0,0.01829486308004813
695,0,0,0.008560579198391647
696,0,0,0.008603254396625726
697,0,0,0.008867972824816137
698,0,0,0.009664699494223324
699,0,0,0.007994125594919582
700,0,0,0.026630714307163787
701,0,0,0.01065727745091144
702,0,0,0.007367812221223805
703,0,0,0.017922549315716407
704,0,0,0.008294430470555753
705,0,0,0.00959270514987374
706,0,0,0.008124406559071703
707,0,0,0.011164243023306703
708,0,0,0.009261832371949644
709,1,1,0.9994088620307113
710,1,1,0.9998460689081243
711,0,0,0.00924786458545313
712,0,0,0.008194647484048119
713,1,1,0.9985344588261196
714,0,0,0.010924823637621334
715,0,0,0.008343704865732738
716,0,0,0.008312938861880958
717,1,1,0.9997707152025835
718,0,0,0.011504662197111378
719,1,1,0.9999012090264798
720,0,0,0.009196926367279354
721,0,0,0.00909707092037738
722,0,0,0.010628667614099292
723,0,0,0.016844350178090668
724,0,0,0.011897587608529136
725,0,0,0.0098340648485064
726,0,0,0.008674728971680515
727,0,0,0.007895231911404364
728,0,0,0.010651672845483622
729,0,0,0.011510998762213521
730,0,0,0.008652505826140503
731,1,1,0.9718170277830155
732,0,0,0.008985204051988122
733,0,0,0.009172252136731193
734,0,0,0.01038190667082433
735,0,0,0.00896690822678995
736,0,0,0.010060118799504518
737,0,0,0.009483071619888492
738,1,1,0.99978040550773
739,0,0,0.009454122467780282
740,0,0,0.00823702892953453
741,0,0,0.010275710384630746
742,0,0,0.008800829392508919
743,0,0,0.008993141626955222
744,0,0,0.010562029568826964
745,0,0,0.012455038380571931
746,0,0,0.009001026073900327
747,0,0,0.009515880176779928
748,1,1,0.9994800238653505
749,0,0,0.009519246153764893
750,0,0,0.012862813531021283
751,1,1,0.8981238088384335
752,1,1,0.9991788105374567
753,0,0,0.012507091363433443
754,0,0,0.009097935291291917
755,0,0,0.00983880720830506
756,0,0,0.010290391553230756
757,0,0,0.008992634379530493
758,0,0,0.008502316754214612
759,0,0,0.01324206511035406
760,0,0,0.013083982025642251
761,1,1,0.9938626052317723
762,0,0,0.008098517422502866
763,1,1,0.999226543216763
764,0,0,0.008229794069814373
765,0,0,0.008132512689848404
766,1,1,0.9997921839430551
767,0,0,0.008156938227767028
768,0,0,0.007367812221223805
769,0,0,0.00800106359893793
770,0,0,0.00927381558298899
771,0,0,0.010110583792060108
772,0,0,0.008129071240834467
773,0,0,0.012700831518163013
774,0,0,0.007658530946911868
775,0,0,0.009161210841044433
776,0,0,0.011862029886536635
777,0,0,0.008552927417558172
778,0,0,0.008522658674251107
779,0,0,0.008298333856336689
780,0,0,0.009982582494698567
781,0,0,0.008998213302813878
782,0,0,0.00876592802570356
783,0,0,0.01596081509649451
784,1,1,0.9997371233064413
785,0,0,0.009464272869921771
786,0,0,0.00983347080580913
787,0,0,0.011846995440652753
788,1,1,0.9825242730666484
789,1,1,0.9992924591925545
790,0,0,0.007769569687373284
791,0,0,0.00930125197342745
792,0,0,0.009780573018947213
793,0,0,0.01202064167586668
794,0,0,0.011624428610303942
795,0,0,0.013167470035281216
796,0,0,0.00956026431133523
797,1,1,0.9997234372605214
798,0,0,0.013085590677737098
799,0,0,0.008627020577907908
800,0,0,0.007730198157090356
801,1,1,0.9998704435658351
802,0,0,0.007988874645351316
803,1,1,0.9998995614637692
804,1,1,0.9998336002558228
805,0,0,0.0076815015594017
806,0,0,0.014555326412282518
807,0,0,0.009204467221385666
808,0,0,0.010877459660377663
809,0,0,0.009890415998019327
810,0,0,0.009427353112224009
811,0,0,0.007740666576478344
812,0,0,0.016245867377699234
813,1,1,0.9998987562238907
814,0,0,0.010342910303665997
815,1,1,0.997662100176268
816,0,0,0.009359125057365886
817,0,0,0.009802540495346072
818,0,0,0.015764723825332522
819,0,0,0.017274435728397933
820,0,0,0.010558157071202444
821,0,0,0.008536593882946829
822,0,0,0.03222833956635371
823,1,1,0.9997323807798286
824,1,1,0.9996835160674022
825,0,0,0.008489103942155858
826,0,0,0.01061728440250697
827,0,0,0.009347158691656025
828,0,0,0.008174667386444288
829,0,0,0.008216002977357207
830,0,0,0.01023254755360899
831,1,1,0.9997278204471907
832,0,0,0.008665589790563004
833,1,1,0.9998925007376346
834,0,0,0.008520656297224014
835,0,0,0.015939005421399068
836,0,0,0.007696098959878926
837,1,1,0.9997475661595823
838,0,0,0.00818916039994874
839,1,1,0.9998515118126874
840,1,1,0.9998916318305456
841,0,0,0.0107002454107401
842,0,0,0.009212708468242686
843,0,0,0.009609326963656075
844,1,1,0.9998882421397702
845,0,0,0.007949360808690565
846,0,0,0.008396468134071376
847,0,0,0.010213001458007792
848,0,0,0.010723610326918556
849,0,0,0.008072769553690465
850,1,1,0.9998774104120682
851,0,0,0.009327329786387612
852,0,0,0.010925727760638097
853,0,0,0.009231048488973099
854,0,0,0.010363323580687527
855,0,0,0.010032210037227892
856,1,1,0.9845754093982109
857,0,0,0.008773516161471236
858,0,0,0.00797301031248437
859,0,0,0.011433055634334324
860,0,0,0.009033712658795176
861,0,0,0.009320520435025242
862,0,0,0.011894596548776946
863,0,0,0.008698020924361853
864,0,0,0.008178387918549294
865,0,0,0.011443826327900551
866,1,1,0.9997213519190635
867,0,0,0.011218465951316326
868,1,1,0.9998483341560948
869,1,1,0.920368376512577
870,1,1,0.9997439088439812
871,0,0,0.010769113793985258
872,0,0,0.00908411082604476
873,0,0,0.00947831341244347
874,0,0,0.00954754483215726
875,0,0,0.00811506654751011
876,1,1,0.9997762813710752
877,0,0,0.010664454022718865
878,1,1,0.9997890394631763
879,1,1,0.9996342741463805
880,1,1,0.9996672396282771
881,1,1,0.9955477957022916
882,0,0,0.00817356794490147
883,0,0,0.010985010789608955
884,0,0,0.010222760038665648
885,0,0,0.01103818017815951
886,0,0,0.01517706017138356
887,0,0,0.007918425208551018
888,0,0,0.008372727423917684
889,0,0,0.015132563882771106
890,0,0,0.008847834274647675
891,0,0,0.008384698436918234
892,0,0,0.00855051236476718
893,0,0,0.022318576195116315
894,0,0,0.008962950059036948
895,0,0,0.007729680844556128
896,0,0,0.009095623777272445
897,0,0,0.00815764290208662
898,0,0,0.009128339368104185
899,0,0,0.00766266046899553
900,1,1,0.9996203242769303
901,0,0,0.008341374319144076
902,0,0,0.010941620294256379
903,0,0,0.008627989256909854
904,0,0,0.011497262904902427
905,0,0,0.01158727532387386
906,0,0,0.009624034824580772
907,1,1,0.9989417396015582
908,0,0,0.010066319699347383
909,0,0,0.01638997992653852
910,1,1,0.9996952193628562
911,0,0,0.007832535090622617
912,0,0,0.008856509891218861
913,0,0,0.009805327279412735
914,0,0,0.0076436928576408885
915,0,0,0.009489334428875387
916,0,0,0.009864121051397766
917,0,0,0.010391673293815872
918,0,0,0.008544621827183766
919,0,0,0.009218437878125605
920,0,0,0.009520311807184777
921,0,0,0.011360907037494752
922,0,0,0.00851754769863851
923,0,0,0.0105201999663441
924,0,0,0.008318607164408246
925,0,0,0.01466713979557612
926,0,0,0.008016606524925484
927,0,0,0.011256702707286749
928,0,0,0.014007293479663927
929,0,0,0.007893875187573918
930,1,1,0.9965463151864961
931,0,0,0.008934338646584956
932,0,0,0.012818606615333314
933,0,0,0.016844603456526167
934,0,0,0.007934695589679353
935,1,1,0.9998003578313259
936,0,0,0.009420969578986539
937,0,0,0.014266562479406388
938,0,0,0.010195923939830098
939,1,1,0.9998772635005944
940,0,0,0.009894253576022605
941,0,0,0.011446525983478848
942,0,0,0.0112739439635105
943,1,1,0.990562171433197
944,0,0,0.011234810647815742
945,0,0,0.014301401493611041
946,0,0,0.011118654966907286
947,1,1,0.9998716798667425
948,0,0,0.008613430913296364
949,0,0,0.016986116740933425
950,0,0,0.007850614843794504
951,0,0,0.008555616425074995
952,0,0,0.007848655708653883
953,0,0,0.008131692069500176
954,0,0,0.009751207784456416
955,1,1,0.9620215081904676
956,0,0,0.008392844837099596
957,0,0,0.008787931620870732
958,0,0,0.014023546461180845
959,0,0,0.01086341269729361
960,0,0,0.023388177221771132
961,0,0,0.008729616120302213
962,1,1,0.9998932401038397
963,0,0,0.009113964007067727
964,0,0,0.010157525672326076
965,0,0,0.011451643376337724
966,0,0,0.0077013346257309365
967,0,0,0.008874287568876977
968,0,0,0.008061662412343499
969,0,0,0.011377374701482425
970,0,0,0.008965721364520405
971,0,0,0.008388693504776633
972,0,0,0.008640693236274526
973,0,0,0.00860063376841971
974,0,0,0.014022797842297947
975,0,0,0.01087113502682665
976,0,0,0.008680474005655053
977,0,0,0.00838887965634593
978,0,0,0.008351337868632947
979,0,0,0.00769846609107508
980,0,0,0.010864141334461794
981,0,0,0.009383292277283913
982,0,0,0.010810393393485692
983,1,1,0.999720232665739
984,0,0,0.008953690401372122
985,0,0,0.009651319022774869
986,0,0,0.007514735328702557
987,0,0,0.007751648874118205
988,0,0,0.008012140004606545
989,0,0,0.014142204439823308
990,0,0,0.01044466930507215
991,0,0,0.022547088067225447
992,0,0,0.00808674633870823
993,0,0,0.008411113020521605
994,0,0,0.010390119146950327
995,0,0,0.009642716085062657
996,0,0,0.011805583966674828
997,0,0,0.008395761906907277
998,0,0,0.010876916514001442
999,0,0,0.00825245509385886
1000,0,0,0.009099985229429775
1001,0,0,0.010575303218120228
1002,1,1,0.9998881185881511
1003,0,0,0.008442533687813827
1004,0,0,0.00769684514944857
1005,0,0,0.00829260280651318
1006,0,0,0.00897380400490154
1007,1,1,0.9995111898840147
1008,0,0,0.008802514844456131
1009,0,0,0.009009410740919774
1010,0,0,0.008591687509163955
1011,0,0,0.009682717464964052
1012,0,0,0.008028525209510381
1013,0,0,0.00961930987768769
1014,0,0,0.010747985500465462
1015,0,0,0.008870783768772593
1016,0,0,0.01052944068656329
1017,1,1,0.9999015240534683
1018,0,0,0.009245909179954588
1019,0,0,0.008031272722813699
1020,0,0,0.008396786395403628
1021,0,0,0.00967261500589637
1022,1,1,0.9981116406775516
1023,0,0,0.008742731479175415
1024,0,0,0.008024077357018307
1025,0,0,0.01761188743062626
1026,0,0,0.01235965382544308
1027,0,0,0.009410870887784943
1028,0,0,0.011674412318368587
1029,0,0,0.00796783096381138
1030,0,0,0.00789710261247309
1031,0,0,0.009864466361414853
1032,0,0,0.008635505345606507
1033,0,0,0.00844731475964407
1034,0,0,0.010012002031565347
1035,0,0,0.013230867365616947
1036,0,0,0.009395618816056751
1037,0,0,0.017194827821934898
1038,0,0,0.009980398477480376
1039,0,0,0.009216982028688125
1040,0,0,0.008924038797161195
1041,0,0,0.008543399359387688
1042,0,0,0.008604288528257216
1043,0,0,0.008974834830685589
1044,0,0,0.008984559683501559
1045,1,1,0.9926628539178101
1046,0,0,0.009122578342275558
1047,0,0,0.008898858268748651
1048,1,1,0.9964918230369277
1049,0,0,0.008880186194188223
1050,1,1,0.999356024073368
1051,0,0,0.014586777206580873
1052,0,0,0.008532840935799453
1053,0,0,0.008329091380605363
1054,0,0,0.010133448867377678
1055,0,0,0.010998726038223994
1056,0,0,0.008271785241148074
1057,0,0,0.008579234369443772
1058,0,0,0.00900685611662869
1059,0,0,0.013955526503012697
1060,1,1,0.9995493188352338
1061,0,0,0.009580380331150327
1062,0,0,0.009807575169924445
1063,0,0,0.007931660759327027
1064,1,1,0.9950898891882393
1065,0,0,0.0081105997648747
1066,0,0,0.01020752158293252
1067,0,0,0.010332307786591624
1068,0,0,0.007930148452119505
1069,1,1,0.9993984259479104
1070,0,0,0.008941758547531766
1071,0,0,0.007705023098341474
1072,1,1,0.9998926002270754
1073,1,1,0.9996007714894456
1074,0,0,0.014797496617825976
1075,0,0,0.008741434487598926
1076,0,0,0.012773692533838968
1077,0,0,0.01623400636960334
1078,0,0,0.011246842022216931
1079,0,0,0.009812089198875353
1080,0,0,0.011441949019813344
1081,0,0,0.0077707566211749355
1082,0,0,0.018645581382375348
1083,0,0,0.015826503449788774
1084,0,0,0.00789616241640925
1085,0,0,0.007797421567768989
1086,0,0,0.011095943167644742
1087,0,0,0.009356164360806043
1088,0,0,0.023388177221771132
1089,1,1,0.9998277393759766
1090,0,0,0.007786702317859071
1091,1,1,0.9999035291327687
1092,0,0,0.008086404953642282
1093,0,0,0.008666642292184014
1094,0,0,0.00873221976620894
1095,0,0,0.008106955762041566
1096,0,0,0.014343463077075557
1097,1,1,0.998578655636195
1098,0,0,0.008191031342085531
1099,0,0,0.015329615676105458
1100,0,0,0.008890335095562396
1101,0,0,0.008348049275411933
1102,0,0,0.011206446652129854
1103,0,0,0.010968945836983532
1104,0,0,0.008184046077705856
1105,1,1,0.9997082719273049
1106,0,0,0.009186142108538495
1107,0,0,0.007936146453232923
1108,0,0,0.010464040023589964
1109,0,0,0.00924866027823126
1110,0,0,0.011701197068402006
1111,0,0,0.008199534099568027
1112,0,0,0.008183779836364608
1113,0,0,0.009885230422901644
1114,0,0,0.008394815449880027
1115,0,0,0.0094340615258741
1116,0,0,0.011589362982500314
1117,0,0,0.010266227494563362
1118,1,1,0.9990626726453363
1119,0,0,0.00787282113740315
1120,1,1,0.9973497069673605
1121,0,0,0.013733911177384742
1122,1,1,0.9997574315156814
1123,0,0,0.008106989809332022
1124,0,0,0.007629771200808947
1125,0,0,0.008096218296639264
1126,1,1,0.9967705165722955
1127,0,0,0.008985593002792077
1128,0,0,0.010207564629110922
1129,1,1,0.9998005873255676
1130,0,0,0.013771039494310898
1131,0,0,0.008428824394822848
1132,0,0,0.007367812221223805
1133,0,0,0.007629771200808947
1134,0,0,0.007835144465904501
1135,0,0,0.009471640495978144
1136,0,0,0.01218741415088033
1137,1,1,0.954338365344537
1138,0,0,0.008785824423883854
1139,0,0,0.013242717395515215
1140,0,0,0.009603817476922436
1141,0,0,0.00965710185702964
1142,1,1,0.9996120705367837
1143,0,0,0.008054207336542918
1144,0,0,0.009500734530707402
1145,0,0,0.007881064207395679
1146,1,1,0.9975535074330767
1147,0,0,0.010460838778984898
1148,0,0,0.008350821741710566
1149,0,0,0.008930495936044612
1150,0,0,0.012839354840216538
1151,0,0,0.010235312348175837
1152,0,0,0.007367812221223805
1153,0,0,0.008413180119284366
1154,1,1,0.9898471323721808
1155,0,0,0.00979516801616672
1156,0,0,0.00796976136762858
1157,0,0,0.009310901290617561
1158,0,0,0.010421683842588023
1159,0,0,0.010633007139095471
1160,0,0,0.0130275744486903
1161,0,0,0.00906341823204851
1162,0,0,0.0098025066835407
1163,1,1,0.9998272525137061
1164,0,0,0.008741685639395426
1165,0,0,0.010300832748952183
1166,0,0,0.00853916479039396
1167,0,0,0.00851945259878576
1168,0,0,0.012679565574476028
1169,0,0,0.007550736522322922
1170,0,0,0.00888212993946371
1171,0,0,0.008929061717439481
1172,1,1,0.9981719460268078
1173,0,0,0.010047145189517995
1174,0,0,0.009057095411910018
1175,0,0,0.009828121002521497
1176,0,0,0.008843973994383239
1177,0,0,0.009139719283938225
1178,0,0,0.009716114376164469
1179,0,0,0.009177812269284127
1180,0,0,0.008958018072713623
1181,0,0,0.012064109031482695
1182,0,0,0.011955386492350022
1183,0,0,0.00834741250948519
1184,0,0,0.010100955852750565
1185,0,0,0.0080937568958465
1186,0,0,0.012200124738673308
1187,0,0,0.007645831214328495
1188,0,0,0.009787889804486385
1189,0,0,0.009260222471341232
1190,0,0,0.009679994685855805
1191,0,0,0.023388177221771132
1192,0,0,0.007836191213188851
1193,0,0,0.010014574991256433
1194,1,1,0.999437987346058
1195,0,0,0.008153767498969696
1196,1,1,0.9904284151876003
1197,0,0,0.009408642688291315
1198,0,0,0.008343704865732738
1199,0,0,0.010123977463743139
1200,0,0,0.007421516568665502
1201,0,0,0.008340964531714302
1202,0,0,0.009645603524995942
1203,0,0,0.008202121379765517
1204,0,0,0.00963714153532132
1205,1,1,0.9998752748721786
1206,0,0,0.00852378441619462
1207,1,1,0.9995338101131801
1208,0,0,0.011007139899843444
1209,0,0,0.012172174540888014
1210,0,0,0.013389889243465028
1211,0,0,0.011191817304590458
1212,0,0,0.007681082436259506
1213,0,0,0.009702385522461993
1214,0,0,0.008488050794461388
1215,0,0,0.009458828353721579
1216,0,0,0.009051957104339104
1217,1,1,0.9946806932397586
1218,0,0,0.008365916866594896
1219,0,0,0.00905716262459815
1220,0,0,0.014242337653468055
1221,1,1,0.9998689997534829
1222,0,0,0.01209395269536557
1223,0,0,0.008551071850296056
1224,0,0,0.01690504999381959
1225,1,1,0.9998714551945289
1226,0,0,0.010644992145710061
1227,1,1,0.9965349779495842
1228,0,0,0.00832397697162091
1229,1,1,0.9997532736167499
1230,0,0,0.008282264810456921
1231,0,0,0.008073485755899307
1232,0,0,0.007949261893628757
1233,0,0,0.008537260039303947
1234,0,0,0.008191154605792663
1235,0,0,0.018134498801182692
1236,0,0,0.008998213302813878
1237,0,0,0.009793212979865821
1238,0,0,0.009461368805477407
1239,0,0,0.010102843569906221
1240,0,0,0.008814815487714699
1241,0,0,0.009697106471310122
1242,0,0,0.009793489286011627
1243,0,0,0.009279057415255304
1244,0,0,0.011010217740120263
1245,0,0,0.008108639853108252
1246,0,0,0.012703210728923843
1247,0,0,0.009562226596119832
1248,0,0,0.008215674742435428
1249,0,0,0.010370275957307974
1250,0,0,0.010589881678560814
1251,0,0,0.007784501048373593
1252,1,1,0.9962220210107262
1253,0,0,0.007959768545681192
1254,0,0,0.009318426952982541
1255,0,0,0.010018450909632421
1256,0,0,0.009152495886236867
1257,0,0,0.008494433896790545
1258,0,0,0.009038256327880231
1259,0,0,0.010471479350063399
1260,0,0,0.01591710383878628
1261,0,0,0.013296693031897096
1262,0,0,0.008561778734099473
1263,1,1,0.9959341104249375
1264,0,0,0.008824048174185315
1265,0,0,0.009398695896013961
1266,0,0,0.013392024623635866
1267,0,0,0.011617113234961719
1268,0,0,0.009164212796954497
1269,1,1,0.9381511827221628
1270,0,0,0.011949827460554339
1271,0,0,0.009153771820527033
1272,0,0,0.008631508294025862
1273,0,0,0.007572209538762862
1274,1,1,0.9990601259806858
1275,0,0,0.008347644482102295
1276,0,0,0.012026687712710732
1277,0,0,0.007798426567779848
1278,0,0,0.008821937597069411
1279,0,0,0.00859396643507384
1280,0,0,0.00880567462696191
1281,0,0,0.008113791553641055
1282,0,0,0.013589237178905873
1283,0,0,0.009455425246621688
1284,0,0,0.009213823427401478
1285,0,0,0.00978161275301157
1286,0,0,0.010172639696120075
1287,0,0,0.00769222056098186
1288,0,0,0.008723785300053452
1289,0,0,0.008625118410951548
1290,0,0,0.022446854936350697
1291,0,0,0.008960158922179622
1292,0,0,0.008394036969043252
1293,0,0,0.009620301877880098
1294,0,0,0.008224319731658054
1295,0,0,0.008786697330154084
1296,0,0,0.008224700882599611
1297,0,0,0.009382016036551373
1298,0,0,0.011298090049758753
1299,0,0,0.01495520192749351
1300,0,0,0.011713308958311762
1301,0,0,0.01053427034316258
1302,0,0,0.008752505832741977
1303,0,0,0.010053016310240337
1304,0,0,0.00800106359893793
1305,0,0,0.008256265206598092
1306,0,0,0.013088026698198122
1307,1,1,0.9983606986519696
1308,1,1,0.999852186432571
1309,0,0,0.01019685523948188
1310,0,0,0.009986060506429112
1311,0,0,0.008166255103811255
1312,0,0,0.010214102832359505
1313,0,0,0.010890594257673619
1314,0,0,0.01131443451457847
1315,0,0,0.008824339771476846
1316,0,0,0.00909828153941421
1317,0,0,0.00852128382334528
1318,1,1,0.9982348264309785
1319,0,0,0.007572209538762862
1320,0,0,0.00949793019688127
1321,0,0,0.008730873320349684
1322,0,0,0.00835278680666244
1323,0,0,0.008615911470574668
1324,0,0,0.01024661777387874
1325,0,0,0.012107782133552203
1326,0,0,0.009799085101716218
1327,0,0,0.01024114846265244
1328,1,1,0.9888409800456884
1329,0,0,0.008541114175606369
1330,0,0,0.007922518204781188
1331,0,0,0.008175265363634823
1332,0,0,0.007658321022146271
1333,0,0,0.00785168941508888
1334,0,0,0.008411732113052467
1335,0,0,0.008781125354130165
1336,0,0,0.010683457463475377
1337,0,0,0.010994426434724138
1338,0,0,0.009296873720138918
1339,0,0,0.008420522536262437
1340,0,0,0.012385284533153965
1341,0,0,0.011970128352708623
1342,0,0,0.010579078830954502
1343,0,0,0.00838591176770962
1344,0,0,0.008174180242613594
1345,0,0,0.015960022317870103
1346,0,0,0.014840094201464416
1347,0,0,0.008828148905145316
1348,0,0,0.009198851723538827
1349,0,0,0.01009374858464858
1350,1,1,0.998628683770469
1351,0,0,0.009255142844020804
1352,0,0,0.009445363776984914
1353,0,0,0.013471604470226746
1354,0,0,0.00821573935919902
1355,0,0,0.012369472866670034
1356,0,0,0.009812089198875353
1357,0,0,0.013114212179860798
1358,0,0,0.007826168264480484
1359,0,0,0.008804054096064681
1360,0,0,0.007624633248821886
1361,0,0,0.008470634816085044
1362,0,0,0.009493692635577885
1363,0,0,0.01254281386968827
1364,0,0,0.010555177449472637
1365,0,0,0.009015548814013256
1366,1,1,0.9998466041407715
1367,0,0,0.012741237078489042
1368,0,0,0.009156227259045547
1369,0,0,0.00797060404352149
1370,0,0,0.009273355474796935
1371,0,0,0.008825652954802548
1372,0,0,0.009755260761484889
1373,0,0,0.008317070011786602
1374,1,1,0.9985799668843928
1375,1,1,0.999825137836259
1376,0,0,0.01029035103203087
1377,0,0,0.01082516369385066
1378,1,1,0.9998222446919689
1379,0,0,0.009184067709363815
1380,1,1,0.9998689997534829
1381,0,0,0.011080535096454697
1382,0,0,0.013147754427517321
1383,0,0,0.009310583836520388
1384,0,0,0.012326381675863673
1385,0,0,0.008813476151673163
1386,0,0,0.008743409612456812
1387,0,0,0.009195073033185328
1388,0,0,0.008425155608782911
1389,0,0,0.009811437284535308
1390,0,0,0.008408377489948679
1391,0,0,0.008635469747518979
1392,0,0,0.010265344991509969
1393,0,0,0.009127991762214698
1394,0,0,0.007660527737602444
1395,0,0,0.008273501988549556
1396,0,0,0.0084444364965973
1397,0,0,0.00972438407301971
1398,0,0,0.007830291605425185
1399,0,0,0.00966245407487277
1400,0,0,0.011130945254563294
1401,0,0,0.009738125738454763
1402,0,0,0.009454714230364243
1403,0,0,0.011130945254563294
1404,0,0,0.010816163351890088
1405,0,0,0.008218134202035154
1406,0,0,0.011264571647254888
1407,1,1,0.9997743216018524
1408,0,0,0.010823953142521858
1409,0,0,0.009072447150759083
1410,0,0,0.011800913050807884
1411,0,0,0.012809434950219556
1412,0,0,0.008189928550331729
1413,0,0,0.007828143182756413
1414,1,1,0.9998833636627561
1415,0,0,0.00999108963310025
1416,0,0,0.013309896870169343
1417,0,0,0.009286430121046843
1418,0,0,0.008494595588873286
1419,0,0,0.01211562207624007
1420,0,0,0.008622976077116993
1421,0,0,0.023383421826010307
1422,0,0,0.010534270907834667
1423,1,1,0.9999000588926275
1424,0,0,0.008402775254827721
1425,0,0,0.01025476933578771
1426,0,0,0.007527185320790721
1427,0,0,0.007572209538762862
1428,0,0,0.008895811025385874
1429,0,0,0.008976978355308566
1430,1,1,0.9722306456602976
1431,0,0,0.008788409349541951
1432,0,0,0.00968816639864021
1433,0,0,0.01054220651774251
1434,0,0,0.009617917670906318
1435,0,0,0.008382770508140415
1436,0,0,0.008579637645206856
1437,0,0,0.008679468881526847
1438,0,0,0.007933487292982997
1439,0,0,0.01061904221241026
1440,0,0,0.009083049801495272
1441,0,0,0.009030063184157206
1442,0,0,0.009164974974778072
1443,0,0,0.008398401629185563
1444,1,1,0.999876710264698
1445,0,0,0.016843398045936916
1446,0,0,0.014867068653733412
1447,0,0,0.008424190087551589
1448,0,0,0.008724091009472012
1449,1,1,0.9990583510514297
1450,0,0,0.010943961847242285
1451,0,0,0.015323647246829534
1452,0,0,0.010663011139641085
1453,0,0,0.008757935920270245
1454,0,0,0.009452018609791507
1455,0,0,0.007968255405683168
1456,1,1,0.9993008580460581
1457,0,0,0.008185758489860154
1458,1,1,0.947108772893478
1459,0,0,0.011316437993774629
1460,1,1,0.99372453595547
1461,0,0,0.022330073294023683
1462,0,0,0.010896240167662741
1463,1,1,0.9998634036576128
1464,0,0,0.007724088667612101
1465,0,0,0.0077877446370592344
1466,1,1,0.999812600404749
1467,0,0,0.007859248152362715
1468,0,0,0.010786029619147494
1469,1,1,0.9619396411192436
1470,0,0,0.008917836874051092
1471,0,0,0.013450411976128515
1472,0,0,0.010281791773258782
1473,0,0,0.008882170924137517
1474,0,0,0.008737394470939632
1475,0,0,0.009006353367911226
1476,0,0,0.008108153153758018
1477,0,0,0.008296925564841805
1478,0,0,0.0100556099226428
1479,0,0,0.009724770951504223
1480,0,0,0.009086434804465878
1481,0,0,0.011111075687624162
1482,0,0,0.01319161493407491
1483,0,0,0.007572209538762862
1484,0,0,0.00855250185724742
1485,0,0,0.007367812221223805
1486,0,0,0.0080071327640476
1487,0,0,0.008528397980727432
1488,0,0,0.010161870594423738
1489,0,0,0.009918365581546486
1490,0,0,0.010808718150624574
1491,0,0,0.007570841085478055
1492,1,1,0.9997600437388533
1493,0,0,0.009487459652076192
1494,0,0,0.009628332368278817
1495,0,0,0.011780187433503248
1496,0,0,0.008622971994057465
1497,0,0,0.011458610521293894
1498,0,0,0.007801834882952618
1499,0,0,0.008393781977006645
1500,1,1,0.9928234116788102
1501,0,0,0.02003222259382044
1502,1,1,0.999875031594824
1503,0,0,0.007977888780555824
1504,0,0,0.007439839484397959
1505,0,0,0.007990515627949502
1506,0,0,0.016635402136686257
1507,1,1,0.9849921677792328
1508,0,0,0.007828143182756413
1509,0,0,0.010682442531588955
1510,0,0,0.008259314908570433
1511,0,0,0.012473997569915105
1512,0,0,0.00809084530318395
1513,0,0,0.008618165486339351
1514,0,0,0.011437870222692112
1515,0,0,0.013919321876059477
1516,0,0,0.009476093636080735
1517,0,0,0.007890099161421079
1518,1,1,0.9989244314690678
1519,0,0,0.008365059923024665
1520,0,0,0.013784260127908773
1521,1,1,0.9998871420794638
1522,0,0,0.008790183969167017
1523,0,0,0.007938154741153955
1524,0,0,0.007623431477708442
1525,0,0,0.013639383640235396
1526,0,0,0.010399780861870688
1527,0,0,0.008259506463928264
1528,0,0,0.011871239587108924
1529,0,0,0.008531177273609358
1530,0,0,0.015154770461295246
1531,0,0,0.009521257805262863
1532,0,0,0.00858225162043417
1533,0,0,0.007821620879987275
1534,0,0,0.011490693380943865
1535,0,0,0.009146724427800124
1536,1,1,0.9998761071451446
1537,0,0,0.009925841390757181
1538,0,0,0.008706932577289923
1539,0,0,0.014868688395865252
1540,0,0,0.008442886080419511
1541,0,0,0.010298786024245712
1542,0,0,0.010439151500900723
1543,0,0,0.0107699148687919
1544,1,1,0.9992927001566979
1545,0,0,0.014208944559879201
1546,0,0,0.008129324205866437
1547,0,0,0.012711265477963305
1548,0,0,0.008237446528249375
1549,0,0,0.007813081936586438
1550,0,0,0.010060124863699808
1551,0,0,0.009078257968486802
1552,0,0,0.01079991902586459
1553,0,0,0.023388177221771132
1554,0,0,0.008461012742464202
1555,0,0,0.010681957386996475
1556,0,0,0.01303445831093537
1557,0,0,0.009762896142013951
1558,0,0,0.0076931366834416945
1559,0,0,0.013894343711152463
1560,0,0,0.00876432045967148
1561,0,0,0.00926842677492615
1562,0,0,0.010938779967834104
1563,0,0,0.009804320835504702
1564,0,0,0.01130578099494079
1565,0,0,0.01188285391896351
1566,0,0,0.0075798398027708104
1567,0,0,0.008595058799992424
1568,0,0,0.010144147784815856
1569,0,0,0.009324698075189387
1570,0,0,0.01003656516072768
1571,0,0,0.008285640557341585
1572,0,0,0.01138903726906622
1573,1,1,0.9998861862305757
1574,1,1,0.9998450935898165
1575,0,0,0.007944433550336165
1576,0,0,0.009108495366281959
1577,0,0,0.015261012855982711
1578,0,0,0.009138236516415148
1579,0,0,0.0073733708246338315
1580,0,0,0.011260512539015846
1581,0,0,0.010497270746312395
1582,0,0,0.013170445710520047
1583,0,0,0.008615873346503197
1584,0,0,0.00747317278951054
1585,0,0,0.007367812221223805
1586,0,0,0.007887103449070069
1587,0,0,0.015096540785697927
1588,0,0,0.008105862025333505
1589,0,0,0.011690296435252292
1590,0,0,0.012779272657232315
1591,0,0,0.008947911195379266
1592,0,0,0.01684354615821902
1593,0,0,0.010206805579147918
1594,1,1,0.9998628120194596
1595,0,0,0.008152357574219978
1596,0,0,0.011941115814708168
1597,1,1,0.999377123758217
1598,1,1,0.9999018210647038
1599,0,0,0.008739571319409238
1600,0,0,0.00875031522818399
1601,0,0,0.015312861476787752
1602,0,0,0.007902860780360323
1603,0,0,0.008122634899246159
1604,0,0,0.009993969196113395
1605,0,0,0.012457064132300709
1606,0,0,0.009759001264564467
1607,0,0,0.007559629229091122
1608,0,0,0.008417490171561931
1609,0,0,0.007834421381685306
1610,0,0,0.008907247909300461
1611,0,0,0.00815751225614853
1612,0,0,0.015960470349526117
1613,1,1,0.999438274945269
1614,0,0,0.01147826080287431
1615,0,0,0.015712113550702535
1616,0,0,0.008538376113126836
1617,0,0,0.00842570929212204
1618,0,0,0.012774496394596874
1619,0,0,0.008412148312925097
1620,0,0,0.012259601765421884
1621,0,0,0.008528455936593725
1622,0,0,0.010225251942620275
1623,1,1,0.9996620190247044
1624,0,0,0.009463214590399761
1625,1,1,0.9888587032828419
1626,0,0,0.008117152191532409
1627,0,0,0.00836119726881433
1628,1,1,0.9990753406963908
1629,0,0,0.007978245713511557
1630,0,0,0.009622070517346142
1631,0,0,0.008426993233133024
1632,0,0,0.00942141472648178
1633,0,0,0.009293948390379524
1634,0,0,0.007962885184551297
1635,1,1,0.999839677698208
1636,0,0,0.009185190828218292
1637,0,0,0.008360642636841354
1638,1,1,0.982965713297659
1639,0,0,0.011245549588079643
1640,1,1,0.9904069141729099
1641,0,0,0.01059607213196613
1642,0,0,0.008713794993595054
1643,0,0,0.00978887897095942
1644,0,0,0.017067536596054818
1645,0,0,0.012096093227704052
1646,0,0,0.00931627591629839
1647,0,0,0.009507422342842756
1648,0,0,0.008854978177980801
1649,0,0,0.008244720413011766
1650,0,0,0.010183881739885003
1651,0,0,0.007864177368069034
1652,0,0,0.00797836126332425
1653,1,1,0.9998057709633343
1654,0,0,0.00819995450796442
1655,0,0,0.008132512689848404
1656,0,0,0.008625076383836706
1657,0,0,0.010071729911487186
1658,0,0,0.009630431715995258
1659,1,1,0.9997096218899307
1660,0,0,0.008570286672913333
1661,0,0,0.011499553797345352
1662,0,0,0.007796734944503492
1663,1,1,0.9795266881206408
1664,0,0,0.008373926498834354
1665,0,0,0.012577907361434711
1666,0,0,0.008335972755424737
1667,0,0,0.012482332181151922
1668,0,0,0.008795027061295481
1669,0,0,0.008853085267142893
1670,0,0,0.012394396992987207
1671,0,0,0.00927310565214501
1672,0,0,0.017832883026180017
1673,1,1,0.9998961305953336
1674,1,1,0.9905561198890481
1675,0,0,0.01405576936497715
1676,0,0,0.009248868436059347
1677,0,0,0.00794775015458963
1678,0,0,0.008706552123968458
1679,0,0,0.009642952199055825
1680,0,0,0.010333962557174598
1681,0,0,0.008630343743536124
1682,0,0,0.009614029409663525
1683,0,0,0.008191360407021786
1684,0,0,0.011899552369601604
1685,0,0,0.01027971302452132
1686,0,0,0.008714393305918859
1687,1,1,0.9996784408407755
1688,1,1,0.9996976777198054
1689,0,0,0.015478468561730211
1690,0,0,0.01038099683128682
1691,1,1,0.9998014918926045
1692,0,0,0.010851790949117033
1693,0,0,0.009533963551808479
1694,0,0,0.008971487307120449
1695,0,0,0.007986053277484877
1696,0,0,0.009303121762836243
1697,0,0,0.00860610173936902
1698,0,0,0.008939589788412406
1699,1,1,0.99754693328683
1700,0,0,0.007572209538762862
1701,0,0,0.009864913577737344
1702,0,0,0.007996886559255553
1703,0,0,0.014226185301019838
1704,0,0,0.013603188366749383
1705,0,0,0.010607650465838355
1706,0,0,0.012697435194726067
1707,0,0,0.00918385695105467
1708,0,0,0.008679164890513666
1709,0,0,0.009147353055837177
1710,0,0,0.008181634937708186
1711,0,0,0.010710514220678926
1712,0,0,0.009065304377516063
1713,0,0,0.01293184398640435
1714,1,1,0.9989462423828123
1715,0,0,0.008198344498390395
1716,0,0,0.010832314396010876
1717,0,0,0.00845605376076589
1718,1,1,0.99865536498345
1719,0,0,0.012429479745853893
1720,0,0,0.008300016897306464
1721,0,0,0.011316437993774629
1722,0,0,0.010693215685512632
1723,0,0,0.009069987203863135
1724,0,0,0.012037414203467477
1725,0,0,0.00758582299921607
1726,0,0,0.007654521719661041
1727,0,0,0.008317916321993711
1728,0,0,0.009159137376510198
1729,0,0,0.009273529256596092
1730,0,0,0.008660090196575917
1731,0,0,0.008427538047555076
1732,0,0,0.011187312667051223
1733,0,0,0.008924773141536745
1734,1,1,0.9995857021589835
1735,0,0,0.008460789635492958
1736,0,0,0.011591558627469726
1737,0,0,0.008259857314665444
1738,0,0,0.00800106359893793
1739,0,0,0.009513956812311342
1740,0,0,0.011604623139082521
1741,1,1,0.9997256041960396
1742,0,0,0.009887613277346843
1743,0,0,0.01252857667628347
1744,0,0,0.01075729168781579
1745,1,1,0.9992104537952822
1746,0,0,0.011019746664829615
1747,0,0,0.00895145543240594
1748,0,0,0.009406052214053537
1749,0,0,0.00796511548597351
1750,0,0,0.008650270446011852
1751,0,0,0.010103957523170334
1752,0,0,0.014317265770459406
1753,0,0,0.010524128924854324
1754,0,0,0.008273234653760782
1755,0,0,0.012765017500618205
1756,0,0,0.00981638931773856
1757,0,0,0.008751641886380298
1758,0,0,0.00800500218164783
1759,0,0,0.012193417144795809
1760,0,0,0.009732022875045678
1761,0,0,0.009824575820245414
1762,0,0,0.008270390948021365
1763,0,0,0.010047484280082418
1764,0,0,0.009657052032554963
1765,1,1,0.9997126185355182
1766,0,0,0.01591750363147699
1767,1,1,0.9998750942266897
1768,0,0,0.00782527598087229
1769,0,0,0.009805789511486395
1770,0,0,0.007888104212640806
1771,0,0,0.010430350461529769
1772,0,0,0.008487492548561633
1773,0,0,0.007866761174067581
1774,0,0,0.009078441559508656
1775,0,0,0.009372730579687785
1776,0,0,0.009434931113327492
1777,1,1,0.9984663460106734
1778,1,1,0.9995516440874289
1779,0,0,0.008917836874051092
1780,1,1,0.9997275594999904
1781,1,1,0.9997173160777043
1782,0,0,0.008001350705748297
1783,0,0,0.008531226756726046
1784,0,0,0.01032037705371664
1785,0,0,0.008105862025333505
1786,0,0,0.008454078796434526
1787,0,0,0.008255381041644336
1788,0,0,0.009523538514790316
1789,0,0,0.011956741616490782
1790,0,0,0.008030973769058576
1791,0,0,0.011203239381572536
1792,0,0,0.011374586329464073
1793,1,1,0.9996787596209898
1794,0,0,0.009179342612486792
1795,0,0,0.009327112314816678
1796,0,0,0.008352953730576158
1797,0,0,0.008661641994842532
1798,0,0,0.012153717341183446
1799,0,0,0.009493586116343948
1800,0,0,0.014207936813238923
1801,0,0,0.009266182291456227
1802,0,0,0.009873556688984762
1803,0,0,0.007620628201788041
1804,0,0,0.01015879763972871
1805,0,0,0.007660577598543173
1806,0,0,0.008618760538084632
1807,1,1,0.9997902648237829
1808,0,0,0.00849208247580305
1809,0,0,0.00879759324014064
1810,0,0,0.007930578690936767
1811,0,0,0.0101050173669022
1812,0,0,0.00810938423024955
1813,0,0,0.009829778572568651
1814,0,0,0.0140102777656197
1815,0,0,0.008382645081703222
1816,0,0,0.008308994297955515
1817,0,0,0.01049694771365108
1818,0,0,0.01161622670171538
1819,0,0,0.0167294257567322
1820,0,0,0.007605373030836141
1821,0,0,0.007626175876735225
1822,0,0,0.008027350730562127
1823,0,0,0.01164164872239701
1824,0,0,0.007717649184627701
1825,0,0,0.009097852400794273
1826,0,0,0.00789616241640925
1827,0,0,0.00805220009931359
1828,0,0,0.010633435484565823
1829,0,0,0.008024077357018307
1830,1,1,0.9968981124690468
1831,0,0,0.008502041422180424
1832,0,0,0.008365074675126228
1833,0,0,0.010728467631175227
1834,0,0,0.007713476351079494
1835,0,0,0.012241057522512238
1836,0,0,0.015960278644163838
1837,0,0,0.010779103254544372
1838,0,0,0.014445632653944667
1839,1,1,0.999060387748024
1840,0,0,0.008257269718758741
1841,0,0,0.00882476823883099
1842,0,0,0.009620870208947618
1843,0,0,0.009953307371435323
1844,0,0,0.010475410139460153
1845,0,0,0.009005869269307519
1846,0,0,0.008623124033312994
1847,0,0,0.013366813090740469
1848,1,1,0.9995722730887843
1849,0,0,0.00809121332636141
1850,0,0,0.008482197210570907
1851,0,0,0.008844187243808999
1852,0,0,0.009151923962742151
1853,1,1,0.9998773006294888
1854,0,0,0.00904243859018348
1855,0,0,0.00895075074254009
1856,0,0,0.011119533991589188
1857,0,0,0.007642040502834357
1858,0,0,0.009641587166466025
1859,0,0,0.008762134893301795
1860,0,0,0.00782688114928221
1861,0,0,0.008454970418396029
1862,0,0,0.008996796155492363
1863,0,0,0.007774795232271901
1864,0,0,0.007924187627750122
1865,0,0,0.007812714622852627
1866,0,0,0.010883272481207351
1867,0,0,0.008260286908795683
1868,0,0,0.00990235951997037
1869,0,0,0.01040738869069714
1870,0,0,0.009289231682410554
1871,0,0,0.00840138720698749
1872,0,0,0.01005322280230345
1873,0,0,0.008082971222659942
1874,1,1,0.9999057130587645
1875,1,1,0.9829925229260567
1876,1,1,0.9997572012975011
1877,0,0,0.008487492548561633
1878,0,0,0.00981869845650672
1879,0,0,0.01138060247308955
1880,1,1,0.9996158941992702
1881,0,0,0.008813557659532947
1882,0,0,0.00893232724138825
1883,0,0,0.009136072749032165
1884,0,0,0.009452255941709122
1885,0,0,0.010362847752740954
1886,0,0,0.009299945212250166
1887,1,1,0.99987332343093
1888,1,1,0.9998723506122627
1889,0,0,0.008641717586835192
1890,0,0,0.00896137934800219
1891,0,0,0.00776720285103333
1892,0,0,0.008922846177005084
1893,1,1,0.9686037486693511
1894,0,0,0.007658321022146271
1895,1,1,0.9805612582938378
1896,0,0,0.010952494981565941
1897,0,0,0.00832784946677469
1898,0,0,0.0078008071090079015
1899,0,0,0.0089979161890906
1900,0,0,0.008205546110761675
1901,0,0,0.013130569339167019
1902,0,0,0.007367812221223805
1903,0,0,0.00928165366387374
1904,1,1,0.9998790754805729
1905,0,0,0.009137579773783802
1906,0,0,0.011248238119137811
1907,0,0,0.013585329393045464
1908,0,0,0.009612365391847184
1909,0,0,0.00946267635769345
1910,0,0,0.009547616039340703
1911,0,0,0.010101762650382788
1912,0,0,0.009071599237761584
1913,0,0,0.011433098217685815
1914,0,0,0.009606749219339572
1915,1,1,0.9993020535888539
1916,0,0,0.010363582871491075
1917,0,0,0.013077866924033153
1918,0,0,0.007685278375019759
1919,0,0,0.0121432377890203
1920,0,0,0.008795140280488807
1921,0,0,0.008093473283813723
1922,0,0,0.011704698618291534
1923,0,0,0.007910143584169138
1924,0,0,0.008883451565071704
1925,0,0,0.007572209538762862
1926,0,0,0.0075160266708390235
1927,0,0,0.008490741613166056
1928,0,0,0.010467201518921564
1929,1,1,0.9995711234145827
1930,1,1,0.9998730544535828
1931,0,0,0.013684874132838686
1932,0,0,0.008628413767798458
1933,0,0,0.01060838346912437
1934,0,0,0.01596004923857888
1935,0,0,0.007681522226648558
1936,0,0,0.00881454029465426
1937,0,0,0.010995744768920549
1938,0,0,0.01137843592398198
1939,0,0,0.010525284492231984
1940,1,1,0.9708548531181111
1941,0,0,0.010412600209469169
1942,1,1,0.9998663798204425
1943,0,0,0.00808224210719374
1944,0,0,0.008975197281478596
1945,0,0,0.007622127159315568
1946,0,0,0.01024226102042797
1947,0,0,0.010239505590366951
1948,0,0,0.013186271246952125
1949,0,0,0.00800106359893793
1950,0,0,0.01136441635540256
1951,0,0,0.010214242419612078
1952,0,0,0.00845810433537202
1953,0,0,0.009563812819941151
1954,0,0,0.009623101635679171
1955,0,0,0.00761813271697124
1956,0,0,0.008973723542031364
1957,0,0,0.00808224210719374
1958,0,0,0.011182131895616454
1959,0,0,0.008545503845908428
1960,0,0,0.008972868547244396
1961,1,1,0.9981116406776929
1962,0,0,0.009611796335632425
1963,1,1,0.9993818952367982
1964,0,0,0.010964101541392718
1965,0,0,0.008088021261811846
1966,0,0,0.008712273516082662
1967,0,0,0.009989039417802551
1968,0,0,0.010853609679561125
1969,0,0,0.009013859316248268
1970,1,1,0.9998430182994902
1971,0,0,0.009131764678836866
1972,0,0,0.00837624036713804
1973,0,0,0.008383808923790525
1974,0,0,0.009891694894752018
1975,0,0,0.00890227920346423
1976,0,0,0.011328053456959242
1977,0,0,0.008338361161983388
1978,1,1,0.9994041944210251
1979,0,0,0.010662607481244014
1980,0,0,0.011172487776913619
1981,0,0,0.007367812221223805
1982,0,0,0.00745182207618517
1983,0,0,0.008676813808344213
1984,0,0,0.007859030355334744
1985,1,1,0.9998670338654477
1986,0,0,0.00841923115816572
1987,0,0,0.01636500466825038
1988,0,0,0.012454490781815231
1989,0,0,0.007367812221223805
1990,0,0,0.011413681639894022
1991,0,0,0.007964747953023316
1992,0,0,0.009078237523027968
1993,1,1,0.9995276929491227
1994,0,0,0.009214270876771902
1995,0,0,0.01684369273820888
1996,0,0,0.008649858194397706
1997,0,0,0.00988336152749919
1998,0,0,0.01364083528565034
1999,0,0,0.007920195664411414
2000,0,0,0.010780130621431554
2001,0,0,0.007920196523891771
2002,0,0,0.012142957479424303
2003,1,1,0.9363352874503303
2004,0,0,0.013025387185634564
2005,0,0,0.007786702317859071
2006,0,0,0.017912848532530157
2007,0,0,0.0087660180263168
2008,0,0,0.011015105827683003
2009,0,0,0.015540892945657539
2010,0,0,0.007975519955148393
2011,0,0,0.008151138636892742
2012,0,0,0.008382120728081185
2013,0,0,0.008488516304053008
2014,1,1,0.9998056789421522
2015,0,0,0.017303235342126886
2016,0,0,0.008996182095020535
2017,0,0,0.012550793541559609
2018,0,0,0.009096493345100057
2019,0,0,0.009252914824325886
2020,0,0,0.009694175929605052
2021,0,0,0.008593683519719496
2022,0,0,0.008427622657118543
2023,1,1,0.9998671381404851
2024,0,0,0.009867125524969447
2025,0,0,0.00864429569420927
2026,0,0,0.009999946201065915
2027,0,0,0.009217847089063345
2028,0,0,0.009651617277692896
2029,0,0,0.011821154853563293
2030,0,0,0.009042199004985912
2031,0,0,0.009988279798288079
2032,0,0,0.008789952565926941
2033,0,0,0.014191071672241514
2034,0,0,0.008589481218027786
2035,0,0,0.012915083509030948
2036,0,0,0.010259323321371248
2037,0,0,0.008694372092072074
2038,0,0,0.008109204491437177
2039,0,0,0.008773278843635346
2040,0,0,0.0110933823112955
2041,0,0,0.010486929153977299
2042,0,0,0.008442930333692035
2043,0,0,0.010607098384863229
2044,1,1,0.9998291343064234
2045,0,0,0.011848032555601245
2046,0,0,0.010215877384474567
2047,0,0,0.007597167255241992
2048,0,0,0.008563898004273873
2049,0,0,0.009694939713565085
2050,0,0,0.013747603510519249
2051,0,0,0.00919584226141434
2052,0,0,0.008465313434598947
2053,1,1,0.998910195887643
2054,0,0,0.008997530125470778
2055,0,0,0.008051575846166682
2056,0,0,0.008340216301105968
2057,0,0,0.018165956942837496
2058,0,0,0.010697453660955912
2059,0,0,0.011043413649243994
2060,0,0,0.01027775167558868
2061,0,0,0.009776929999755985
2062,0,0,0.008712553877450608
2063,0,0,0.00982010986742355
2064,1,1,0.9998775881562707
2065,0,0,0.011185370345324354
2066,0,0,0.008392712410802533
2067,0,0,0.012094606209743834
2068,0,0,0.009906930643634371
2069,0,0,0.008526744825500697
2070,1,1,0.999839677698208
2071,1,1,0.9936903539156356
2072,0,0,0.007951255790197214
2073,0,0,0.014521225089913116
2074,1,1,0.9994433008641938
2075,0,0,0.007736135880774613
2076,0,0,0.008068694026451488
2077,0,0,0.010465500027589725
2078,0,0,0.008589504224575467
2079,1,1,0.9975080171622904
2080,0,0,0.009507565469484704
2081,0,0,0.014547375665692017
2082,0,0,0.008670721256062733
2083,0,0,0.010060889538741154
2084,0,0,0.008589207886848431
2085,0,0,0.00860318321177352
2086,0,0,0.009848386775714865
2087,0,0,0.010478485034731269
2088,0,0,0.0197016559661198
2089,1,1,0.9998663246692668
2090,0,0,0.007642374654590332
2091,0,0,0.011093518260330596
2092,0,0,0.012429236690681808
2093,0,0,0.0081413680426158
2094,1,1,0.999873816707315
2095,1,1,0.999845779884863
2096,0,0,0.008641887470490939
2097,0,0,0.023388177221771132
2098,0,0,0.011500178353277655
2099,0,0,0.00818464772259959
2100,1,1,0.9997939470538868
2101,0,0,0.009827481521731605
2102,0,0,0.007982023546745346
2103,0,0,0.016298727138215983
2104,0,0,0.011753771184566606
2105,0,0,0.010372997728885378
2106,0,0,0.012739561863982472
2107,0,0,0.008945214921882943
2108,0,0,0.008072642760854643
2109,1,1,0.998628683770469
2110,0,0,0.008062988845656193
2111,0,0,0.014133630074714087
2112,0,0,0.008211316189699011
2113,1,1,0.9998857171835632
2114,0,0,0.00811941371326814
2115,1,1,0.9996784604042017
2116,0,0,0.010927197532548245
2117,0,0,0.011235000116356423
2118,0,0,0.008297816079608
2119,1,1,0.999856879982492
2120,0,0,0.009405835623009394
2121,0,0,0.011279948457256248
2122,0,0,0.011196332900542331
2123,0,0,0.01081616480781112
2124,1,1,0.9998363999391406
2125,0,0,0.008131692069500176
2126,0,0,0.008309002152043237
2127,0,0,0.011491297754827304
2128,0,0,0.00819929616502699
2129,0,0,0.009820372791955164
2130,0,0,0.010763705131701065
2131,0,0,0.010300457791740542
2132,0,0,0.015159891425957953
2133,1,1,0.9994652330320485
2134,0,0,0.00829393974720755
2135,0,0,0.009383292277283913
2136,0,0,0.009656549809011778
2137,0,0,0.009766916627437047
2138,0,0,0.009759001264564467
2139,0,0,0.010490679091714819
2140,0,0,0.009770597380013936
2141,0,0,0.009551797740879046
2142,0,0,0.009220228725062084
2143,0,0,0.015960464411723135
2144,0,0,0.013080072860608966
2145,1,1,0.9907741775133005
2146,1,1,0.9996784604042017
2147,0,0,0.013910972227238489
2148,0,0,0.008661932450304756
2149,0,0,0.0077665823418813515
2150,0,0,0.010305385010968124
2151,0,0,0.014219892523127983
2152,0,0,0.008466885220892444
2153,0,0,0.015903261870368182
2154,0,0,0.008604840205416468
2155,0,0,0.008962966104709426
2156,0,0,0.011891015727139888
2157,0,0,0.009634824071211582
2158,0,0,0.0075009305460563905
2159,0,0,0.009194393702321394
2160,1,1,0.9998830511222044
2161,0,0,0.010955747687642903
2162,0,0,0.015332217351616287
2163,0,0,0.008317070011786602
2164,0,0,0.009020638479805023
2165,0,0,0.00890540172806264
2166,0,0,0.007758254057562792
2167,0,0,0.009187089382383364
2168,0,0,0.00985820571219132
2169,0,0,0.015000783238349023
2170,1,1,0.9997762813710752
2171,0,0,0.019074182907818617
2172,0,0,0.00869169013057242
2173,0,0,0.030116334444759446
2174,0,0,0.009099707969769359
2175,0,0,0.00897315974842987
2176,0,0,0.008271785241148074
2177,0,0,0.010337940385123623
2178,0,0,0.007889767396610592
2179,0,0,0.007731271100919302
2180,0,0,0.0086522824642723
2181,0,0,0.008225995132733761
2182,0,0,0.007572209538762862
2183,0,0,0.012298958053828187
2184,0,0,0.013064112043981248
2185,0,0,0.008904420711848847
2186,0,0,0.008501190584903543
2187,0,0,0.010109001171419307
2188,0,0,0.00928072334569089
2189,1,1,0.9995497128633365
2190,0,0,0.009290101124665003
2191,0,0,0.012597874257562706
2192,0,0,0.011377729618618144
2193,0,0,0.009215228642221851
2194,0,0,0.007794724525849566
2195,0,0,0.009882232594641669
2196,0,0,0.014705711083179642
2197,0,0,0.01229884723262145
2198,0,0,0.008749753395147884
2199,0,0,0.008848012560201204
2200,0,0,0.010204575376485066
2201,0,0,0.008572903593157793
2202,0,0,0.008363579807812752
2203,0,0,0.008932052885140871
2204,0,0,0.008929523919593377
2205,0,0,0.008038491492189995
2206,0,0,0.009193979343972331
2207,1,1,0.9998804150864361
2208,0,0,0.009049409276103383
2209,1,1,0.9998767177363488
2210,0,0,0.008907784869195587
2211,0,0,0.009721576679925938
2212,0,0,0.009845900991244353
2213,0,0,0.011243075957441867
2214,0,0,0.008599707278518954
2215,0,0,0.007537367099979894
2216,0,0,0.009343753918089734
2217,0,0,0.008484381057409894
2218,0,0,0.01927917203760778
2219,0,0,0.009169749411298082
2220,1,1,0.9999044528174514
2221,0,0,0.00799363233037503
2222,0,0,0.010970551215139672
2223,0,0,0.008013609954540776
2224,1,1,0.9998012497165742
2225,0,0,0.010016496875843805
2226,0,0,0.010649752784814217
2227,0,0,0.008135154202504795
2228,0,0,0.008118931298876718
2229,0,0,0.014899881895632655
2230,0,0,0.008269860158889794
2231,0,0,0.008255632585486512
2232,0,0,0.008285865817844722
2233,0,0,0.009714411042228501
2234,0,0,0.007658321022146271
2235,0,0,0.008700263691223741
2236,0,0,0.02165862072284223
2237,0,0,0.008938084822670335
2238,0,0,0.009191013176951158
2239,0,0,0.009962699408459173
2240,0,0,0.007633214206405686
2241,0,0,0.009180751551109893
2242,0,0,0.011654957244700486
2243,0,0,0.007868380896958694
2244,0,0,0.010337425630459886
2245,0,0,0.015454827910243487
2246,0,0,0.009078175078853454
2247,1,1,0.955814669096644
2248,1,1,0.9741560318115333
2249,0,0,0.010952804637994872
2250,1,1,0.9998012497165742
2251,0,0,0.016938073838486844
2252,0,0,0.00876323972359024
2253,0,0,0.01031221834216061
2254,0,0,0.01022068073013714
2255,0,0,0.008116080751746057
2256,0,0,0.009167489150878085
2257,0,0,0.01027919745686712
2258,0,0,0.009455849773445301
2259,0,0,0.007581701549446099
2260,0,0,0.009383683331154689
2261,1,1,0.99887604875974
2262,0,0,0.008378654932468607
2263,0,0,0.007714205688636616
2264,1,1,0.9985002234318395
2265,0,0,0.007550736522322922
2266,0,0,0.00800106359893793
2267,1,1,0.9997219134412253
2268,0,0,0.008837804593085705
2269,1,1,0.9755987525587287
2270,0,0,0.008136914267242846
2271,0,0,0.012534738969576867
2272,0,0,0.009517437727663718
2273,0,0,0.008405282776490153
2274,0,0,0.009354910741501082
2275,0,0,0.009765416348104058
2276,0,0,0.01707531743319718
2277,0,0,0.008200387177055207
2278,0,0,0.009567919950011597
2279,0,0,0.01316428760411126
2280,0,0,0.00739032531793491
2281,0,0,0.009319881030834028
2282,0,0,0.012106369780395787
2283,0,0,0.012726132451729794
2284,0,0,0.008485210393821028
2285,0,0,0.010423094369183782
2286,0,0,0.012212438599232581
2287,0,0,0.009703589127812004
2288,0,0,0.008406985106073983
2289,0,0,0.0149217889405093
2290,1,1,0.9997798112186844
2291,0,0,0.008836531217445844
2292,0,0,0.010274461386238724
2293,0,0,0.016204709305959995
2294,0,0,0.00883956238674494
2295,1,1,0.9779981573423989
2296,0,0,0.0077520553120977685
2297,1,1,0.9971776125723559
2298,0,0,0.011764965235408752
2299,0,0,0.009860531852245395
2300,1,1,0.9988339853020232
2301,0,0,0.009570348541131642
2302,0,0,0.007886021488224747
2303,0,0,0.00921376706420723
2304,0,0,0.007535776754373837
2305,0,0,0.00862152766909392
2306,0,0,0.008990753650745855
2307,0,0,0.00773334086281583
2308,1,1,0.9998752748721786
2309,1,1,0.9997275248356248
2310,0,0,0.01170783380122847
2311,1,1,0.9998761071451446
2312,1,1,0.9998117160594596
2313,1,1,0.9954506771460168
2314,0,0,0.010524238241448283
2315,0,0,0.010249248108455709
2316,0,0,0.009835759418806362
2317,0,0,0.013188595791725106
2318,0,0,0.030430851076867327
2319,0,0,0.007890703076894993
2320,0,0,0.008451074648110422
2321,0,0,0.008842186157035477
2322,0,0,0.007572209538762862
2323,0,0,0.01596034632817549
2324,0,0,0.008045973666619495
2325,0,0,0.007441053379496977
2326,0,0,0.011861735865026585
2327,0,0,0.010390119146950327
2328,1,1,0.9998576942054397
2329,0,0,0.011487416147910719
2330,0,0,0.010350676954233879
2331,0,0,0.008575397354903256
2332,0,0,0.008024477727992077
2333,0,0,0.009132055245346472
2334,0,0,0.009462139828750965
2335,0,0,0.009184529439230135
2336,0,0,0.010472716430758512
2337,0,0,0.018496243725287586
2338,0,0,0.007952501906686003
2339,0,0,0.008889257132992498
2340,0,0,0.016164124563766296
2341,0,0,0.010604279461673074
2342,0,0,0.008894339837289943
2343,1,1,0.9997910039642893
2344,0,0,0.008317070011786602
2345,0,0,0.00898822243476736
2346,0,0,0.009963806865333479
2347,0,0,0.009474598194272519
2348,0,0,0.010164534280446077
2349,0,0,0.015133946415911427
2350,0,0,0.00891300162226888
2351,0,0,0.008570986581103984
2352,1,1,0.9864053905022172
2353,0,0,0.00817449702925452
2354,1,1,0.9962220210111723
2355,0,0,0.007469152147103875
2356,0,0,0.008216359515100817
2357,0,0,0.01158903245867595
2358,0,0,0.010386142462867684
2359,0,0,0.007820474901647962
2360,1,1,0.9997056281140507
2361,0,0,0.008570393359894402
2362,0,0,0.008584232070692149
2363,0,0,0.008622395690332775
2364,1,1,0.9977455475804633
2365,0,0,0.007478248927647925
2366,0,0,0.010311541531644451
2367,1,1,0.9997298899649911
2368,0,0,0.014162821555794925
2369,0,0,0.008705505698255308
2370,0,0,0.009863714856229867
2371,0,0,0.008854410086172297
2372,0,0,0.013833999841122551
2373,0,0,0.008211541835344779
2374,1,1,0.9998861216024078
2375,0,0,0.00831957710160856
2376,0,0,0.011165488952073302
2377,0,0,0.007857144794747375
2378,1,1,0.9993680648951344
2379,0,0,0.011965892147050494
2380,0,0,0.007711571172999245
2381,0,0,0.009600279696257144
2382,0,0,0.00914907508740472
2383,0,0,0.00904214515920315
2384,0,0,0.013234537880539419
2385,0,0,0.007367812221223805
2386,1,1,0.9996155097550525
2387,0,0,0.010827888621608233
2388,0,0,0.014559527569217906
2389,0,0,0.013388008405556309
2390,0,0,0.009038590058964204
2391,0,0,0.008711383599149249
2392,0,0,0.011860366769409823
2393,0,0,0.007899575313465926
2394,0,0,0.008636682325502838
2395,0,0,0.008677046278330054
2396,0,0,0.008641394996824307
2397,0,0,0.010191841324021785
2398,0,0,0.012810897303605299
2399,0,0,0.012226916806661168
2400,0,0,0.008618991305862696
2401,0,0,0.01219329128801254
2402,1,1,0.9114460155546772
2403,0,0,0.008552894266957104
2404,0,0,0.01137677459075173
2405,0,0,0.008389650865014475
2406,0,0,0.009461933438340224
2407,0,0,0.008636758651269222
2408,0,0,0.007897301492507955
2409,0,0,0.009839011589065786
2410,0,0,0.008953059975244579
2411,0,0,0.007982442845165845
2412,0,0,0.008830425462575878
2413,1,1,0.9996120705367837
2414,0,0,0.009920764071985905
2415,0,0,0.0159603014653762
2416,0,0,0.009301220272165964
2417,0,0,0.010703822406704066
2418,0,0,0.008538999482188564
2419,0,0,0.01830527693153497
2420,1,1,0.9997554537945827
2421,0,0,0.011268559094467704
2422,0,0,0.010411827763995306
2423,0,0,0.01198196000164038
2424,0,0,0.01131403327638797
2425,0,0,0.00905176766144326
2426,0,0,0.00768606117821955
2427,1,1,0.9994601826117931
2428,0,0,0.007701028990752407
2429,0,0,0.012183130109784472
2430,1,1,0.959508886045801
2431,0,0,0.016609247053050554
2432,0,0,0.008459718282253163
2433,0,0,0.00822056370190192
2434,0,0,0.007967334237374312
2435,0,0,0.008751817548908872
2436,0,0,0.007949851581167258
2437,0,0,0.009766253750653714
2438,1,1,0.9998117856144171
2439,0,0,0.008204108082976724
2440,0,0,0.011786151834228153
2441,0,0,0.010625933560322423
2442,0,0,0.009574664049964083
2443,0,0,0.015133186284339328
2444,0,0,0.009729828130785925
2445,0,0,0.008145820285161436
2446,0,0,0.0087647002939636
2447,0,0,0.007367812221223805
2448,0,0,0.008089285434241452
2449,0,0,0.0075941711217250695
2450,0,0,0.008468054180602301
2451,0,0,0.010862388559497014
2452,0,0,0.019124559000962497
2453,0,0,0.008730887546710203
2454,0,0,0.01684366427053663
2455,0,0,0.01039473486872279
2456,0,0,0.015285983663532163
2457,0,0,0.011692028230832078
2458,0,0,0.01101435769371586
2459,0,0,0.00794009537136006
2460,0,0,0.009431275201198366
2461,0,0,0.009941217731326092
2462,0,0,0.009093052918877112
2463,0,0,0.010751968798651763
2464,0,0,0.007952357756119492
2465,0,0,0.008370274267487866
2466,0,0,0.010936091997335239
2467,0,0,0.012093970256923714
2468,0,0,0.008398318817862805
2469,0,0,0.009167867924243915
2470,0,0,0.00805044672178271
2471,0,0,0.008828940147330822
2472,0,0,0.010714912493727248
2473,1,1,0.999873816707315
2474,0,0,0.007422321535019284
2475,0,0,0.007477264305450698
2476,0,0,0.009127011356725456
2477,0,0,0.011080535096454697
2478,0,0,0.0094337415772262
2479,0,0,0.008887145860296946
2480,1,1,0.9997804656136916
2481,1,1,0.999879286569445
2482,0,0,0.011537517934626497
2483,0,0,0.012199167770434215
2484,0,0,0.008915989028736018
2485,0,0,0.007786760665985276
2486,0,0,0.00917232091980335
2487,0,0,0.009000638253520927
2488,0,0,0.007865477096759305
2489,0,0,0.008477417697033874
2490,0,0,0.011193354842876516
2491,0,0,0.00920541150248249
2492,0,0,0.015273775532820196
2493,0,0,0.010268204618757298
2494,0,0,0.01306524195714118
2495,0,0,0.008999678686475818
2496,1,1,0.9995813469661369
2497,0,0,0.008776929160021294
2498,0,0,0.009719491331119033
2499,0,0,0.007402749103020158
2500,0,0,0.008492331620098782
2501,0,0,0.008764046581084374
2502,0,0,0.008329286616242344
2503,0,0,0.00955580248974724
2504,0,0,0.010358763835485476
2505,0,0,0.0075718484883703415
2506,0,0,0.012416919010847795
2507,0,0,0.010060118799504518
2508,0,0,0.008353417031782023
2509,0,0,0.007572209538762862
2510,0,0,0.007648536175199267
2511,0,0,0.01113411978302799
2512,0,0,0.010386924005515476
2513,0,0,0.010997496497665385
2514,1,1,0.9997642431024909
2515,0,0,0.007513236980543324
2516,0,0,0.011323776067692796
2517,0,0,0.008184072298768417
2518,0,0,0.007367812221223805
2519,0,0,0.009657052032554963
2520,0,0,0.008322490081930192
2521,0,0,0.009839194291147333
2522,0,0,0.007367812221223805
2523,0,0,0.008033805715232578
2524,0,0,0.007367812221223805
2525,1,1,0.9998312140089806
2526,0,0,0.007642040502834357
2527,0,0,0.012392214639154313
2528,0,0,0.007895634452821557
2529,0,0,0.007490189063175979
2530,0,0,0.00898280231266012
2531,0,0,0.010597586722093946
2532,0,0,0.013614075652891815
2533,0,0,0.0077442003320804115
2534,0,0,0.008503879104817372
2535,0,0,0.008279386515298028
2536,0,0,0.008897774330833219
2537,0,0,0.008373926498834354
2538,0,0,0.009381731120410325
2539,0,0,0.011943344626321326
2540,0,0,0.01371195162631184
2541,0,0,0.010102630166180683
2542,0,0,0.010626008812566878
2543,0,0,0.009017520452461198
2544,0,0,0.01629765742322105
2545,0,0,0.009432565445197997
2546,0,0,0.009679861978343956
2547,0,0,0.00842045757700175
2548,1,1,0.9990769867301343
2549,0,0,0.011019628899987038
2550,0,0,0.008499368425543004
2551,0,0,0.009418043185538039
2552,0,0,0.023388177221771132
2553,0,0,0.007828233323852065
2554,0,0,0.009736533247160954
2555,0,0,0.009347851233759086
2556,1,1,0.999678122321403
2557,0,0,0.008332308121901746
2558,1,1,0.9703796619153571
2559,0,0,0.009247850795355624
2560,0,0,0.007779721032733924
2561,0,0,0.01193126651350571
2562,0,0,0.012203125419858445
2563,0,0,0.00803643494164572
2564,0,0,0.00905716262459815
2565,0,0,0.01029258612671678
2566,0,0,0.009188167751918979
2567,0,0,0.008781091360928646
2568,0,0,0.008370393510061918
2569,0,0,0.008229245231785108
2570,0,0,0.021156191739305864
2571,0,0,0.009566958443771553
2572,0,0,0.008025302761858413
2573,0,0,0.015060997917116166
2574,1,1,0.9998485593342868
2575,1,1,0.9879408059285764
2576,0,0,0.010053087502397888
2577,0,0,0.008834884527919478
2578,0,0,0.008328565016030428
2579,0,0,0.014596557688427679
2580,0,0,0.010703610305091244
2581,1,1,0.9994526144892093
2582,0,0,0.013643112409771193
2583,1,1,0.9925549559859348
2584,0,0,0.008661206846744582
2585,0,0,0.008680772734742503
2586,0,0,0.00947708839656163
2587,0,0,0.010290317447829633
2588,0,0,0.00861664512732245
2589,0,0,0.009443587004854665
2590,1,1,0.9994839719006989
2591,0,0,0.01117842742204927
2592,0,0,0.008197966071376697
2593,0,0,0.008075247587162925
2594,0,0,0.007985858349048759
2595,0,0,0.01024790888294488
2596,1,1,0.9997890394631763
2597,0,0,0.008298028520803385
2598,0,0,0.009406228638680769
2599,0,0,0.00846749388787465
2600,0,0,0.0096788335524154
2601,0,0,0.0077635961688173345
2602,0,0,0.00898822243476736
2603,0,0,0.013834211943309591
2604,0,0,0.011764783317903116
2605,0,0,0.008137851629793955
2606,0,0,0.009517771974364396
2607,0,0,0.011562321023277474
2608,0,0,0.008666030747059914
2609,0,0,0.011558782137636118
2610,0,0,0.013984784555953337
2611,0,0,0.0077635961688173345
2612,1,1,0.9997871556759559
2613,0,0,0.01220019285397831
2614,0,0,0.012669186324617299
2615,0,0,0.008621806798143627
2616,0,0,0.008077968000195314
2617,0,0,0.011197066986515868
2618,0,0,0.00800106359893793
2619,0,0,0.013091907299624611
2620,1,1,0.9979310338873407
2621,0,0,0.007713476351079494
2622,0,0,0.00808410909535158
2623,0,0,0.007441053379496977
2624,0,0,0.007758254057562792
2625,0,0,0.007566414363980232
2626,1,1,0.9989991185001791
2627,0,0,0.01070214567006729
2628,0,0,0.01345422012750708
2629,0,0,0.009337079756640266
2630,0,0,0.010336083080809442
2631,0,0,0.00812639580887869
2632,1,1,0.9998733880580587
2633,0,0,0.008907499309546473
2634,0,0,0.010365010393315645
2635,0,0,0.008649927873633431
2636,0,0,0.01805059097962111
2637,0,0,0.00859514206922071
2638,0,0,0.010846057773805639
2639,0,0,0.012749141163474932
2640,0,0,0.009971724885431623
2641,0,0,0.009944942732180868
2642,1,1,0.9998745773583028
2643,0,0,0.010871124516505664
2644,0,0,0.00948972403916123
2645,0,0,0.01024699935672638
2646,0,0,0.007367812221223805
2647,0,0,0.011678812385631846
2648,0,0,0.014401474011749162
2649,0,0,0.008026560659535763
2650,0,0,0.009251810379798575
2651,0,0,0.012722591881653741
2652,0,0,0.012620649225500831
2653,0,0,0.010038241215700024
2654,0,0,0.00807120467773838
2655,0,0,0.013310977432934662
2656,0,0,0.009658421406150162
2657,0,0,0.008944386847803317
2658,0,0,0.008575895742709326
2659,0,0,0.008287385769098769
2660,0,0,0.007572209538762862
2661,0,0,0.008714308041474574
2662,0,0,0.009235334295666052
2663,1,1,0.7834459072912926
2664,1,1,0.9999000536845751
2665,0,0,0.011909424225815203
2666,0,0,0.008011452564476405
2667,0,0,0.007898613191892292
2668,0,0,0.010114469311957891
2669,1,1,0.9996338130342352
2670,1,1,0.9996290833275321
2671,0,0,0.008319706629151376
2672,0,0,0.007387967950182461
2673,0,0,0.011567437665771937
2674,0,0,0.008084878977809134
2675,0,0,0.012539309748572154
2676,0,0,0.011883488690845068
2677,0,0,0.013080461563004237
2678,0,0,0.010840960381494331
2679,0,0,0.010184664664009822
2680,1,1,0.9949055288886524
2681,0,0,0.007897301492507955
2682,0,0,0.007645842554867685
2683,0,0,0.00967921423530257
2684,0,0,0.009417001616110742
2685,0,0,0.010854158417800635
2686,1,1,0.9998980663945098
2687,0,0,0.009613936436379136
2688,0,0,0.00898822243476736
2689,0,0,0.01237690173853645
2690,0,0,0.008482451703711251
2691,1,1,0.9997698985753325
2692,0,0,0.00892778958760284
2693,1,1,0.9984753672290998
2694,0,0,0.011045227796284201
2695,0,0,0.009365918188194277
2696,0,0,0.012098485199236632
2697,0,0,0.007851012183663379
2698,0,0,0.010708343924484677
2699,1,1,0.9599405840503977
2700,0,0,0.008581866628506697
2701,0,0,0.008273780706257021
2702,0,0,0.008762915318508308
2703,0,0,0.01064803674622999
2704,0,0,0.01007144179717552
2705,1,1,0.9997286221997275
2706,0,0,0.009095813836983263
2707,0,0,0.010311416076345758
2708,1,1,0.9998373010562529
2709,0,0,0.014200668480347248
2710,0,0,0.008912010302441369
2711,1,1,0.9991245529171556
2712,0,0,0.007828143182756413
2713,0,0,0.009335077385905853
2714,0,0,0.009068939767047498
2715,0,0,0.008158971687001752
2716,0,0,0.007588626707500174
2717,0,0,0.00793527410603965
2718,0,0,0.00846749388787465
2719,1,1,0.999356024073368
2720,0,0,0.008789264658662015
2721,0,0,0.007441053379496977
2722,0,0,0.009292618925275218
2723,0,0,0.014195206379984778
2724,0,0,0.008359743309557332
2725,0,0,0.009995124821621409
2726,0,0,0.010469991923743316
2727,0,0,0.008722128799290171
2728,0,0,0.008448904259351494
2729,1,1,0.9998541831471355
2730,1,1,0.999864304235415
2731,0,0,0.009336506767808703
2732,0,0,0.009180520919208908
2733,0,0,0.008704299012196253
2734,0,0,0.00979852976862403
2735,0,0,0.010861962895206547
2736,0,0,0.009594001496471747
2737,0,0,0.012029563897907252
2738,0,0,0.015419976398321586
2739,0,0,0.007869235865994738
2740,0,0,0.011451643376337724
2741,0,0,0.023388177221771132
2742,1,1,0.9996120705367837
2743,0,0,0.010623918499688953
2744,0,0,0.007927343254650129
2745,0,0,0.012165563436070575
2746,0,0,0.008185447697595436
2747,0,0,0.009279962384838107
2748,0,0,0.010785429336988872
2749,0,0,0.008611065454248978
2750,0,0,0.007847678626729675
2751,0,0,0.00849188428987904
2752,0,0,0.011493391489987325
2753,0,0,0.008526186387164498
2754,0,0,0.010470944642727357
2755,0,0,0.008820445093925851
2756,0,0,0.01034491945503574
2757,0,0,0.009411659568191368
2758,0,0,0.009356335257350175
2759,0,0,0.009422539463746478
2760,0,0,0.008831172758126102
2761,0,0,0.009000638253520927
2762,0,0,0.008874287568876977
2763,0,0,0.010539236315103614
2764,0,0,0.007642040502834357
2765,0,0,0.011518866056955726
2766,0,0,0.016305929656986067
2767,1,1,0.999090174179875
2768,0,0,0.014518699598228763
2769,0,0,0.008041299903578394
2770,1,1,0.9861469609968456
2771,0,0,0.008191069976525404
2772,0,0,0.011607708696560077
2773,0,0,0.0125321022580678
2774,1,1,0.6881901607471606
2775,0,0,0.008923830500391385
2776,0,0,0.011428491278246721
2777,0,0,0.013381261228680328
2778,0,0,0.010400344201537763
2779,1,1,0.9998057709633343
2780,0,0,0.007713476351079494
2781,0,0,0.00871703422303238
2782,0,0,0.009800242216078895
2783,0,0,0.008876817021885221
2784,0,0,0.010526279407393174
2785,0,0,0.009868601360850706
2786,0,0,0.011537992446207596
2787,0,0,0.010534037567973366
2788,0,0,0.009413890754173225
2789,0,0,0.007735472618510651
2790,0,0,0.009471081124690963
2791,1,1,0.999288074312385
2792,0,0,0.01092527426685484
2793,0,0,0.008410008722341485
2794,0,0,0.010942592236047854
2795,0,0,0.007657073090886035
2796,0,0,0.014627323991146168
2797,0,0,0.007952501906686003
2798,0,0,0.014515760522984178
2799,0,0,0.00855250185724742
2800,0,0,0.009976230260552651
2801,0,0,0.00800360513880403
2802,0,0,0.008485064054011268
2803,0,0,0.008556340267773107
2804,1,1,0.9964145398647869
2805,0,0,0.01038829089252587
2806,0,0,0.008545798296152736
2807,0,0,0.023388177221771132
2808,1,1,0.9998660328897925
2809,0,0,0.00879820273777383
2810,0,0,0.008275087986950603
2811,0,0,0.011429062883614088
2812,0,0,0.009413769006786234
2813,0,0,0.007642040502834357
2814,0,0,0.015718358279831104
2815,0,0,0.007895638015022051
2816,0,0,0.015052612883098232
2817,0,0,0.00909738748330877
2818,1,1,0.9994452102290342
2819,0,0,0.009105020164008843
2820,0,0,0.009864585365052489
2821,1,1,0.949608902703049
2822,0,0,0.009894722629956039
2823,1,1,0.9760804002358876
2824,0,0,0.008130486858655212
2825,0,0,0.009072095836184485
2826,1,1,0.9998117160594596
2827,0,0,0.007441053379496977
2828,0,0,0.007771294945683629
2829,0,0,0.008847834274647675
2830,1,1,0.9973576538642176
2831,0,0,0.008972868547244396
2832,0,0,0.008700379037559814
2833,0,0,0.01720649542035089
2834,1,1,0.9995196675487695
2835,0,0,0.011538096667441957
2836,0,0,0.00994353356254224
2837,0,0,0.008411668096558222
2838,0,0,0.008299605444642304
2839,0,0,0.00943956830175428
2840,0,0,0.010126057015540216
2841,0,0,0.008872308229259766
2842,0,0,0.007798085026448216
2843,0,0,0.00922375398045577
2844,0,0,0.008482186993700822
2845,0,0,0.010272434288410702
2846,0,0,0.00882649739873684
2847,0,0,0.008010556441855077
2848,1,1,0.9969504968508408
2849,0,0,0.0075009305460563905
2850,1,1,0.9998636594676514
2851,0,0,0.007803068596524857
2852,0,0,0.00981011587883339
2853,0,0,0.010823057907558784
2854,0,0,0.009808192638353662
2855,0,0,0.009479202050214158
2856,0,0,0.009642777971289462
2857,0,0,0.009555072828481205
2858,0,0,0.011809875072108917
2859,0,0,0.011349621586390446
2860,0,0,0.008255381041644336
2861,0,0,0.008743069593416445
2862,0,0,0.008347782394991421
2863,1,1,0.9985506131760176
2864,0,0,0.008692685708009386
2865,0,0,0.00860243721628808
2866,0,0,0.009078257968486802
2867,0,0,0.01111842323818565
2868,0,0,0.008199596969359617
2869,0,0,0.007535873365255867
2870,0,0,0.00793527410603965
2871,1,1,0.9998636594676514
2872,0,0,0.007976168991892667
2873,0,0,0.023388177221771132
2874,0,0,0.010594464772255324
2875,0,0,0.010112978027638832
2876,0,0,0.011399979506610279
2877,0,0,0.009549115283885258
2878,0,0,0.010901324977557659
2879,1,1,0.9956589008382788
2880,0,0,0.015783440698946806
2881,1,1,0.9998704435658351
2882,0,0,0.011326662833041621
2883,0,0,0.014093874893773716
2884,0,0,0.008250620093720264
2885,0,0,0.009875932060118126
2886,0,0,0.011016935274319014
2887,0,0,0.014385451215861158
2888,0,0,0.008442283292383833
2889,0,0,0.012080454358171186
2890,0,0,0.011204144828390605
2891,0,0,0.011517454977755217
2892,0,0,0.007907927224829348
2893,0,0,0.009389662365304405
2894,0,0,0.008380291160623502
2895,0,0,0.011120145922365222
2896,0,0,0.011838477020616247
2897,1,1,0.9998592522407488
2898,0,0,0.009660359641483101
2899,0,0,0.008705505698255308
2900,0,0,0.010659790146949507
2901,0,0,0.007723908713328735
2902,1,1,0.9998731573068872
2903,0,0,0.016008845217069193
2904,0,0,0.008683191648448566
2905,0,0,0.008468319742479248
2906,0,0,0.008596461123848584
2907,0,0,0.008384003649549842
2908,0,0,0.012339039182870123
2909,0,0,0.011755254788157669
2910,1,1,0.9998978868299551
2911,0,0,0.010499317908658318
2912,0,0,0.007462307802496953
2913,0,0,0.009742989959712909
2914,0,0,0.008096889552106228
2915,1,1,0.9939078154419615
2916,0,0,0.007794953478161306
2917,0,0,0.009176445774639766
2918,0,0,0.008496402019324263
2919,0,0,0.008922415519252647
2920,0,0,0.010166382560744782
2921,0,0,0.00978755213822818
2922,0,0,0.008044328104402535
2923,0,0,0.009284757031989081
2924,0,0,0.010351489451345971
2925,0,0,0.012489080057931918
2926,0,0,0.008537625344382016
2927,0,0,0.01039827050380448
2928,0,0,0.01129002526558779
2929,0,0,0.023388177221771132
2930,0,0,0.010233981606756502
2931,0,0,0.008111314925744913
2932,0,0,0.007763989331789079
2933,0,0,0.007632729148906025
2934,0,0,0.007809147424317419
2935,0,0,0.009157950651369253
2936,0,0,0.008973167842232574
2937,0,0,0.013735639059757127
2938,0,0,0.008748456931343478
2939,0,0,0.008476558820121214
2940,0,0,0.008545349609662918
2941,1,1,0.9779981573401209
2942,0,0,0.008111793563105093
2943,0,0,0.009443507231909414
2944,0,0,0.010827888621608233
2945,1,1,0.992711815251047
2946,0,0,0.007608817613341303
2947,0,0,0.013352861472501051
2948,0,0,0.011271770551622007
2949,0,0,0.007634682507953743
2950,0,0,0.012893000078739447
2951,0,0,0.009311705405136022
2952,0,0,0.013219910509150041
2953,0,0,0.009755917563668526
2954,1,1,0.9998785062019293
2955,0,0,0.008597011213467124
2956,0,0,0.01095645630283883
2957,0,0,0.012151044246812315
2958,0,0,0.00911557944339588
2959,1,1,0.9997278204471907
2960,0,0,0.010648954779830296
2961,0,0,0.009166423291056245
2962,0,0,0.01203539940938235
2963,0,0,0.0178770706641349
2964,0,0,0.009427739133374958
2965,1,1,0.7999657178423074
2966,0,0,0.013406456286135366
2967,0,0,0.009196390244222061
2968,0,0,0.007421516568665502
2969,0,0,0.016311021895550552
2970,0,0,0.00879958946553029
2971,0,0,0.01064917778097716
2972,0,0,0.00924786458545313
2973,0,0,0.010722176676507673
2974,0,0,0.008241951948826287
2975,0,0,0.008478623370329357
2976,0,0,0.010123976761804083
2977,0,0,0.009446064583027998
2978,0,0,0.009586091070005817
2979,0,0,0.009957135880340147
2980,1,1,0.9998721180361202
2981,0,0,0.007896162900179735
2982,0,0,0.008917836874051092
2983,0,0,0.008478571204623845
2984,0,0,0.01044544897028039
2985,0,0,0.009899140705986605
2986,0,0,0.008463788460478
2987,1,1,0.9995268397387019
2988,0,0,0.010738131549797613
2989,0,0,0.015960194215489665
2990,1,1,0.9998563551505197
2991,0,0,0.008787931620870732
2992,1,1,0.999875031594824
2993,0,0,0.008054760775866658
2994,0,0,0.010351195245305367
2995,0,0,0.008074074358244919
2996,0,0,0.010120840325342882
2997,0,0,0.012264139591681954
2998,0,0,0.00907686871699125
2999,0,0,0.013601169186695088
3000,0,0,0.011426980682294925
3001,0,0,0.013192595315487823
3002,1,1,0.9998211453252088
3003,0,0,0.009700781344245957
3004,0,0,0.009398695896013961
3005,1,1,0.9995196675487695
3006,0,0,0.01595916728388128
3007,0,0,0.011114691584199149
3008,0,0,0.008295167801784784
3009,1,1,0.9997275594999904
3010,1,1,0.999638068186026
3011,0,0,0.00918213728109677
3012,0,0,0.008720556451990696
3013,0,0,0.009117392930056145
3014,1,1,0.999455110921032
3015,0,0,0.010887479605834848
3016,0,0,0.008942313229589015
3017,0,0,0.007787987539198966
3018,0,0,0.016101733397800893
3019,0,0,0.01039780309794837
3020,0,0,0.0076123221658286055
3021,0,0,0.010123451571535923
3022,0,0,0.00878363951869388
3023,0,0,0.010827622237113758
3024,0,0,0.010024514752403246
3025,0,0,0.008627069257144473
3026,0,0,0.009762970239328391
3027,0,0,0.008729700997670722
3028,0,0,0.01660627010487968
3029,0,0,0.012195431171191994
3030,0,0,0.01066590918588048
3031,0,0,0.008463676130130628
3032,0,0,0.00827297611994126
3033,0,0,0.00931680484239144
3034,0,0,0.008352250146596001
3035,0,0,0.007765702946593563
3036,0,0,0.008038491492189995
3037,0,0,0.008421838323121943
3038,0,0,0.008517354493273366
3039,0,0,0.011155100399893366
3040,0,0,0.008132512689848404
3041,0,0,0.012939690935413476
3042,0,0,0.007779918338860859
3043,0,0,0.009033768084128698
3044,0,0,0.011491848242119216
3045,0,0,0.009792686373538561
3046,0,0,0.0076047181759857346
3047,0,0,0.012252651920424774
3048,0,0,0.008131088661607961
3049,0,0,0.013333017673139798
3050,0,0,0.008785971317630072
3051,0,0,0.007572209538762862
3052,0,0,0.009171013184737701
3053,0,0,0.009173003475535145
3054,0,0,0.008567447550030206
3055,0,0,0.010550469894695703
3056,1,1,0.9995493188352338
3057,0,0,0.013543046816825898
3058,0,0,0.007940950153529159
3059,1,1,0.9971329707002684
3060,0,0,0.008254344367179525
3061,0,0,0.009384757806187994
3062,0,0,0.008573564073846107
3063,0,0,0.008608852496010826
3064,1,1,0.9876605876494382
3065,0,0,0.008330957671813766
3066,0,0,0.00936956592524751
3067,1,1,0.9953489424051569
3068,0,0,0.008716454251401988
3069,0,0,0.009250923750812637
3070,0,0,0.010413586670275109
3071,0,0,0.008293832340749877
3072,0,0,0.010107696173000965
3073,0,0,0.007596146467848306
3074,0,0,0.01330106415648325
3075,0,0,0.009169691890491063
3076,0,0,0.013610690415660669
3077,0,0,0.008186536611647786
3078,0,0,0.012953730651716224
3079,0,0,0.009942179917529693
3080,0,0,0.00926505710742634
3081,0,0,0.010935647047521748
3082,0,0,0.009123419620821194
3083,0,0,0.014500236585330813
3084,0,0,0.011170667677554605
3085,0,0,0.008211475995338995
3086,0,0,0.008152406395174042
3087,0,0,0.00923530462055774
3088,0,0,0.01083582636192101
3089,0,0,0.016317772646312213
3090,0,0,0.008865793619638379
3091,0,0,0.009196812375861039
3092,1,1,0.9984316699405816
3093,0,0,0.00786642707476742
3094,0,0,0.017984506420983086
3095,0,0,0.00966774288914329
3096,0,0,0.011599070412506452
3097,0,0,0.008718615071602386
3098,0,0,0.010689080259448763
3099,0,0,0.013165719836235936
3100,0,0,0.00990514278596965
3101,0,0,0.00819929616502699
3102,0,0,0.013292562689696637
3103,0,0,0.013666838240522977
3104,0,0,0.0093753698279456
3105,0,0,0.007872226882298489
3106,0,0,0.012947281108989779
3107,0,0,0.008147294553867547
3108,0,0,0.007957689413309143
3109,0,0,0.008495461302907658
3110,0,0,0.008233275350476346
3111,1,1,0.9961125014645843
3112,0,0,0.008050598582193745
3113,0,0,0.00989382429907828
3114,0,0,0.007797779502992731
3115,0,0,0.011258746496245734
3116,0,0,0.008135894320277453
3117,0,0,0.008992200269484628
3118,0,0,0.013274441261559591
3119,0,0,0.010776759668286194
3120,0,0,0.022272667468598253
3121,0,0,0.008833871351022166
3122,0,0,0.01268687322019296
3123,1,1,0.9998790754805729
3124,0,0,0.008593432988503936
3125,0,0,0.008531226756726046
3126,1,1,0.9998307928784049
3127,0,0,0.008587340089214345
3128,0,0,0.009470771661128866
3129,0,0,0.011001807536027843
3130,0,0,0.008143037346979106
3131,0,0,0.008169500582482406
3132,1,1,0.9844885550083746
3133,0,0,0.012161197528575864
3134,0,0,0.011416263530372919
3135,0,0,0.0076787900024910235
3136,0,0,0.00789616241640925
3137,0,0,0.00935742309398971
3138,0,0,0.00844480896891787
3139,0,0,0.0076931366834416945
3140,0,0,0.013691291432188788
3141,1,1,0.9942667782882209
3142,0,0,0.0125321022580678
3143,0,0,0.008822352092887554
3144,0,0,0.015060709052473788
3145,0,0,0.012148189047826337
3146,0,0,0.008856405540491497
3147,0,0,0.010176216319187565
3148,0,0,0.007589360044943756
3149,0,0,0.019173963843905104
3150,0,0,0.007462307802496953
3151,0,0,0.011034041063886994
3152,0,0,0.009609114285528275
3153,1,1,0.9989462423828123
3154,0,0,0.012200267797061013
3155,1,1,0.9985002234318395
3156,0,0,0.007572209538762862
3157,0,0,0.008201966760899557
3158,0,0,0.009206177834719527
3159,0,0,0.008390804006382712
3160,0,0,0.012162767144673221
3161,0,0,0.014776417330740326
3162,0,0,0.012198994893115158
3163,0,0,0.010382447866053886
3164,1,1,0.9997533716842403
3165,0,0,0.008215699176618711
3166,0,0,0.009797094439532182
3167,1,1,0.9998466041407715
3168,0,0,0.008544621827183766
3169,0,0,0.013004785001124737
3170,0,0,0.00852874276504187
3171,0,0,0.008301985454992888
3172,0,0,0.01236116612197419
3173,0,0,0.01640764889774447
3174,1,1,0.9998661164969319
3175,0,0,0.01221203635198324
3176,1,1,0.9997256041960396
3177,0,0,0.008674394052107171
3178,0,0,0.007942005542403232
3179,0,0,0.012189243129294779
3180,0,0,0.01086965911421307
3181,0,0,0.015353479213625969
3182,0,0,0.009178485259161925
3183,0,0,0.009562773313976126
3184,0,0,0.008161268768118391
3185,0,0,0.00795882872042952
3186,0,0,0.009259639422382395
3187,0,0,0.0083975116293137
3188,0,0,0.008972868547244396
3189,1,1,0.9998809217796338
3190,0,0,0.007707706104407866
3191,0,0,0.00843242540619068
3192,1,1,0.9997921839430551
3193,0,0,0.009720792088015684
3194,0,0,0.0107521574466676
3195,0,0,0.01034511214509196
3196,0,0,0.011460071924795992
3197,0,0,0.011392106685006276
3198,0,0,0.010440138285719247
3199,0,0,0.0077793834296790735
3200,0,0,0.010188968569901926
3201,0,0,0.011962066874535684
3202,0,0,0.008411668096558222
3203,0,0,0.008410955805694032
3204,0,0,0.00932000300927477
3205,0,0,0.008731955268288445
3206,0,0,0.008344804487486004
3207,0,0,0.0077665823418813515
3208,0,0,0.013239028620770614
3209,0,0,0.008455410505176715
3210,0,0,0.008042977611679365
3211,0,0,0.008383677473497443
3212,0,0,0.008784255714061025
3213,0,0,0.009663504632689947
3214,0,0,0.014727394103354215
3215,0,0,0.007922070678893585
3216,0,0,0.01113021489993216
3217,1,1,0.9998958481268061
3218,0,0,0.008121004527943572
3219,0,0,0.008613765220290987
3220,0,0,0.00871982411370658
3221,0,0,0.011427120703624625
3222,1,1,0.9997933446891393
3223,0,0,0.008047991893392569
3224,0,0,0.010265826726196109
3225,0,0,0.00833846778630615
3226,0,0,0.009362407985706232
3227,0,0,0.009072253450775353
3228,0,0,0.008847834274647675
3229,1,1,0.9998313312078444
3230,1,1,0.9998647550798707
3231,0,0,0.009385735803528675
3232,0,0,0.008227012341882304
3233,0,0,0.00897930989054651
3234,0,0,0.008406267496615192
3235,0,0,0.008942655814837237
3236,0,0,0.009392074298334052
3237,0,0,0.008598318529250549
3238,0,0,0.008542311034859666
3239,0,0,0.012019788386728372
3240,0,0,0.009101924196206979
3241,0,0,0.012667466546820508
3242,0,0,0.008234942686267788
3243,0,0,0.007696098959878926
3244,0,0,0.009405962186976383
3245,0,0,0.012575497267525727
3246,0,0,0.00910390137613474
3247,0,0,0.01622931420670243
3248,0,0,0.009246746055599832
3249,0,0,0.01420663901571742
3250,0,0,0.009136072749032165
3251,0,0,0.009713783808330715
3252,0,0,0.007747400221096858
3253,0,0,0.009423031040462803
3254,0,0,0.008319137517580703
3255,0,0,0.013307165882106852
3256,0,0,0.011434964252744489
3257,0,0,0.00895049897369123
3258,0,0,0.008310132133854306
3259,0,0,0.010429675610631078
3260,1,1,0.999811716059472
3261,0,0,0.013948626160210337
3262,0,0,0.008447054676340581
3263,0,0,0.011254031392765686
3264,0,0,0.0097992875514886
3265,0,0,0.007668984986008081
3266,1,1,0.9998416394266251
3267,0,0,0.010264514841568227
3268,0,0,0.007892320405564713
3269,0,0,0.00949060299081452
3270,0,0,0.0172854745115456
3271,0,0,0.008877965547222274
3272,1,1,0.9946806932397586
3273,0,0,0.009340368627752962
3274,0,0,0.009502601190665141
3275,0,0,0.008367291528722742
3276,0,0,0.009438352459320475
3277,0,0,0.01017474365687493
3278,0,0,0.008453503287651888
3279,0,0,0.011134762195972508
3280,0,0,0.007897301492507955
3281,0,0,0.010459996772934006
3282,0,0,0.008644443260336098
3283,0,0,0.008630954078432061
3284,0,0,0.008661460856913314
3285,0,0,0.01430481899372426
3286,0,0,0.007848522228678548
3287,0,0,0.00802466543052439
3288,0,0,0.009361132954489667
3289,1,1,0.9995339444628035
3290,1,1,0.999815367037413
3291,0,0,0.01368195071381433
3292,0,0,0.011158644895941454
3293,0,0,0.008059193733616426
3294,0,0,0.008489296345986861
3295,0,0,0.00901149889837364
3296,0,0,0.00850782870767445
3297,0,0,0.009805567293387345
3298,1,1,0.9998400873577639
3299,1,1,0.9998211453252088
3300,0,0,0.008088021261811846
3301,0,0,0.011786480408698298
3302,1,1,0.9869573398255327
3303,0,0,0.012164008343093656
3304,0,0,0.008619587051985286
3305,0,0,0.016188773402907045
3306,0,0,0.013321078003191152
3307,0,0,0.00915216564089512
3308,0,0,0.008416727312748142
3309,0,0,0.009056969027263865
3310,0,0,0.008716896904385681
3311,0,0,0.008113791553641055
3312,0,0,0.007678083460046627
3313,0,0,0.009141520297023305
3314,0,0,0.009573947047446645
3315,0,0,0.010251191090049306
3316,1,1,0.9996646441727187
3317,0,0,0.008116973987555075
3318,0,0,0.01095269902618472
3319,0,0,0.014595333991468186
3320,0,0,0.014269196294687966
3321,0,0,0.008253464711368296
3322,0,0,0.008450237649205121
3323,0,0,0.008792811685330295
3324,0,0,0.008383677473497443
3325,0,0,0.008714371050998952
3326,0,0,0.008696117656533947
3327,0,0,0.008764516484739953
3328,0,0,0.01997159074945602
3329,0,0,0.011608501508760655
3330,0,0,0.011900194299819528
3331,0,0,0.011263805026427105
3332,0,0,0.01919690325063964
3333,0,0,0.00947252372390199
3334,1,1,0.999596799965678
3335,0,0,0.010247236288863345
3336,0,0,0.007875986919633931
3337,0,0,0.009023297283333554
3338,0,0,0.011492302598401099
3339,0,0,0.007966509364459518
3340,0,0,0.009473913528663573
3341,0,0,0.008917283951651141
3342,0,0,0.008787386357507757
3343,0,0,0.009739827869900904
3344,0,0,0.008727849461197416
3345,0,0,0.008210891820994593
3346,0,0,0.012714692945748193
3347,0,0,0.016944860674069275
3348,0,0,0.008653579011901951
3349,0,0,0.007367812221223805
3350,0,0,0.011248650163725376
3351,0,0,0.007735269235100894
3352,0,0,0.008343009921386218
3353,0,0,0.007688198947417888
3354,0,0,0.011860500607474275
3355,0,0,0.00832647491001208
3356,0,0,0.011696156971989793
3357,0,0,0.008502808123291641
3358,0,0,0.01490647012753592
3359,0,0,0.008677046278330054
3360,1,0,0.13376876162733542
3361,0,0,0.013143694053994065
3362,0,0,0.011414675165807686
3363,0,0,0.01294706845577831
3364,0,1,0.9702652118727128
3365,0,0,0.01075965804080439
3366,0,0,0.007367812221223805
3367,0,0,0.010106079254411957
3368,0,0,0.009500960602506643
3369,0,0,0.008579493235283026
3370,0,0,0.00773637693215148
3371,0,0,0.010453217636401328
3372,0,0,0.007725816469873366
3373,0,0,0.011480072112046533
3374,0,0,0.008496014877842295
3375,0,0,0.012829939481305631
3376,0,0,0.023388177221771132
3377,0,0,0.007972204915005736
3378,0,0,0.008537155901237813
3379,0,0,0.010681020013017127
3380,0,0,0.009648065476544114
3381,0,0,0.00927966561839351
3382,1,1,0.9994425756758856
3383,0,0,0.01133000814669164
3384,0,0,0.009527958198286396
3385,1,1,0.9976001886363254
3386,0,0,0.007572209538762862
3387,0,0,0.008890465570894408
3388,0,0,0.014594578050173751
3389,0,0,0.013512108504943868
3390,0,0,0.010591076742868534
3391,1,1,0.9962220210111723
3392,0,0,0.007825123726669485
3393,0,0,0.010597161438274503
3394,0,0,0.007798085026448216
3395,0,0,0.011050447164696432
3396,0,0,0.009415986949605491
3397,1,1,0.9998819049646496
3398,0,0,0.011530557981154188
3399,0,0,0.012371211221714615
3400,0,0,0.008846963178191308
3401,1,1,0.9997582744389212
3402,0,0,0.008609613860350095
3403,0,0,0.00996486756420748
3404,0,0,0.007951255790197214
3405,0,0,0.008074448135445021
3406,0,0,0.011531264964741644
3407,0,0,0.013235700706709833
3408,0,0,0.008488516304053008
3409,1,1,0.9998507631638908
3410,0,0,0.007955919953763957
3411,0,0,0.008355829119499817
3412,0,0,0.011400994816217244
3413,0,0,0.008139170611224064
3414,0,0,0.00843353205668142
3415,0,0,0.015664012625885005
3416,0,0,0.011909424225815203
3417,0,0,0.010317888115755498
3418,0,0,0.009449062613018564
3419,1,1,0.916776177591925
3420,1,1,0.9995343124684611
3421,1,1,0.9997435914738734
3422,1,1,0.989936089088052
3423,1,1,0.998908641251481
3424,1,1,0.9997453775099938
3425,1,1,0.98704312739297
3426,0,0,0.011889850420960942
3427,0,0,0.00797410329763543
3428,0,0,0.00870445582821874
3429,0,0,0.010837079896982094
3430,0,0,0.009427101549902558
3431,0,0,0.012430962407706877
3432,0,0,0.007961406886633056
3433,1,1,0.999815367037413
3434,0,0,0.015497504264458613
3435,0,0,0.010620562573226466
3436,0,0,0.016472188612182036
3437,0,0,0.013843012536927476
3438,0,0,0.009095850728222575
3439,0,0,0.008770118385261936
3440,0,0,0.009148231794433385
3441,0,0,0.009275811201163617
3442,1,1,0.9991674451205881
3443,1,1,0.9982062357673496
3444,0,0,0.010966406386018233
3445,0,0,0.008497480470624024
3446,0,0,0.013388008405556309
3447,0,0,0.007971219204374819
3448,0,0,0.008033282643359816
3449,0,0,0.007702980921460717
3450,0,0,0.008470297808535605
3451,0,0,0.008986961238880032
3452,0,0,0.008427680459443252
3453,0,0,0.008418570005242673
3454,0,0,0.018364176989219626
3455,0,0,0.007864177368069034
3456,0,0,0.00836151652493036
3457,0,0,0.007577940895771707
3458,0,0,0.00862152766909392
3459,0,0,0.00864606697205225
3460,1,1,0.8330714202107007
3461,0,0,0.009136698402515585
3462,0,0,0.010244701581503212
3463,1,1,0.9976778381866912
3464,0,0,0.013576510736779419
3465,0,0,0.014721038116695862
3466,0,0,0.011554270792641989
3467,0,0,0.00934403072759444
3468,1,1,0.9998932401038397
3469,0,0,0.010254101317267499
3470,0,0,0.009095386083764881
3471,0,0,0.00922375398045577
3472,0,0,0.007740277601455753
3473,0,0,0.009634220066558766
3474,0,0,0.008469989550844555
3475,0,0,0.010208971289814506
3476,0,0,0.00769222056098186
3477,0,0,0.007553837614060931
3478,0,0,0.007958877560390706
3479,0,0,0.011056994374669223
3480,0,0,0.009081022557930814
3481,0,0,0.014545186086854702
3482,0,0,0.012662318377780105
3483,1,1,0.9996285701614216
3484,0,0,0.007773897359865996
3485,0,0,0.008030665190985985
3486,0,0,0.008285640557341585
3487,0,0,0.008195100211824466
3488,0,0,0.012063672859004934
3489,0,0,0.008787386357507757
3490,0,0,0.0093531658936138
3491,0,0,0.008242698958654832
3492,0,0,0.007572209538762862
3493,0,0,0.008489111970950943
3494,0,0,0.010291744324472373
3495,1,1,0.9995967999657295
3496,1,1,0.9989770035225051
3497,0,0,0.008634768788718468
3498,0,0,0.00851917890413733
3499,0,0,0.008066812355115707
3500,0,0,0.008655100908509815
3501,1,1,0.9957766262696841
3502,0,0,0.007538013769294003
3503,0,0,0.008003746251977492
3504,0,0,0.011263987483955065
3505,0,0,0.009368390230406217
3506,0,0,0.016469937692764374
3507,0,0,0.009882324752933292
3508,0,0,0.008706730107269679
3509,0,0,0.010115917672118223
3510,0,0,0.008355891791869264
3511,0,0,0.010052542904283967
3512,0,0,0.011559927593806975
3513,0,0,0.009766918325141982
3514,0,0,0.011590613548628038
3515,0,0,0.01151827725416724
3516,0,0,0.01070071223744142
3517,0,0,0.009202958785390408
3518,0,0,0.00811765546630176
3519,0,0,0.010353966932840561
3520,0,0,0.0099507916369294
3521,0,0,0.008401172741563899
3522,0,0,0.008599562648171558
3523,0,0,0.0098304001125764
3524,0,0,0.009883174465135886
3525,0,0,0.009637843684830632
3526,0,0,0.009627228383176086
3527,0,0,0.008702174224189372
3528,0,0,0.013299254844292204
3529,1,1,0.999825945553138
3530,1,1,0.9110382245547584
3531,0,0,0.008196993183289265
3532,0,0,0.011341376648265435
3533,0,0,0.008310078770849732
3534,0,0,0.007367812221223805
3535,0,0,0.00831968361767283
3536,0,0,0.0077665823418813515
3537,0,0,0.00769157867956754
3538,0,0,0.008361120599857942
3539,0,0,0.015900231427408033
3540,0,0,0.009689228271499572
3541,0,0,0.007960859866002841
3542,0,0,0.01596016754192504
3543,0,0,0.009148489042651736
3544,0,0,0.011470214392647947
3545,0,0,0.00819749190361745
3546,0,0,0.009201889593692853
3547,0,0,0.011545310860049623
3548,1,1,0.9962190368162127
3549,0,0,0.00876432045967148
3550,0,0,0.00739340334476502
3551,0,0,0.008386538803554399
3552,0,0,0.008546561264756149
3553,0,0,0.009271010332858398
3554,0,0,0.010183199450196342
3555,0,0,0.011530906608913203
3556,1,1,0.9990636037878287
3557,0,0,0.007709663817668694
3558,0,0,0.013842916482165209
3559,0,0,0.008644470031242578
3560,1,1,0.9998901804003509
3561,0,0,0.008513179315440171
3562,1,1,0.9989001502498269
3563,0,0,0.009822223393357686
3564,1,1,0.9931350003203011
3565,0,0,0.01222775043402315
3566,0,0,0.01154103142138382
3567,0,0,0.008142445651640044
3568,1,1,0.9992105438318923
3569,0,0,0.01371339516936002
3570,0,0,0.010899844436574142
3571,1,1,0.9998093834192048
3572,0,0,0.010882884966410124
3573,0,0,0.008214424189533744
3574,1,1,0.9958853344708822
3575,0,0,0.008169610146184206
3576,0,0,0.012494162741988347
3577,0,0,0.0083424529467436
3578,0,0,0.009897998326003854
3579,0,0,0.008249849348882997
3580,0,0,0.01530126060367065
3581,0,0,0.008323707641161512
3582,0,0,0.008349590057784937
3583,0,0,0.009882343907898637
3584,0,0,0.008977582065285166
3585,1,1,0.9997126185355182
3586,0,0,0.007740277601455753
3587,1,1,0.9988883459919629
3588,0,0,0.012195984595447537
3589,0,0,0.022434303835601424
3590,0,0,0.008813523790710778
3591,0,0,0.008882791509489943
3592,0,0,0.02241359909330192
3593,0,0,0.007798426567779848
3594,0,0,0.007367812221223805
3595,1,1,0.9998454620464741
3596,0,0,0.009231336100691264
3597,0,0,0.007699487888843075
3598,1,1,0.9996504064211087
3599,0,0,0.007774782080688619
3600,0,0,0.007865200943959406
3601,0,0,0.009908389689582714
3602,0,0,0.00918173871695162
3603,0,0,0.018925668268095844
3604,0,0,0.009493158610838433
3605,0,0,0.007693941868252974
3606,0,0,0.011482827462708487
3607,0,0,0.00896842252481542
3608,0,0,0.011673316022485766
3609,0,0,0.009434808133612763
3610,0,0,0.008355829119499817
3611,0,0,0.011720767147115327
3612,0,0,0.00857702567757744
3613,0,0,0.008478092311148752
3614,0,0,0.008351706304759171
3615,0,0,0.007572209538762862
3616,0,0,0.012956452978624711
3617,0,0,0.00891543511319856
3618,0,0,0.00917811298191212
3619,0,0,0.008524792489199105
3620,1,1,0.9997114681523018
3621,0,0,0.008084611021826347
3622,0,0,0.009384758112644352
3623,0,0,0.009991737182106485
3624,0,0,0.012205930803733316
3625,0,0,0.010827888621608233
3626,0,0,0.009453586318430268
3627,0,0,0.00840397944294613
3628,0,0,0.009822223393357686
3629,0,0,0.007930148452119505
3630,0,0,0.011632913020361612
3631,1,1,0.9998550634288699
3632,0,0,0.010013738449131853
3633,0,0,0.010472027755968444
3634,0,0,0.011293781373423004
3635,0,0,0.007475862457510726
3636,0,0,0.008859024176248379
3637,0,0,0.011345987229986225
3638,0,0,0.00881726752031314
3639,1,1,0.9990454997251429
3640,0,0,0.009483566118047662
3641,0,0,0.01132229273478348
3642,1,1,0.9997233141824908
3643,0,0,0.009171084134778861
3644,0,0,0.010369073304856697
3645,0,0,0.008736969169817204
3646,1,1,0.999534831348043
3647,0,0,0.007928659265876112
3648,0,0,0.010412784060997502
3649,0,0,0.009273529256596092
3650,0,0,0.008357389881553464
3651,0,0,0.009778296798937033
3652,0,0,0.010459979704829021
3653,0,0,0.008265794294515775
3654,0,0,0.009564965388057862
3655,0,0,0.008650109102027305
3656,0,0,0.013100156261579518
3657,0,0,0.008445124639469899
3658,0,0,0.010622328165747728
3659,0,0,0.012474845833720933
3660,0,0,0.007564933506897768
3661,0,0,0.007546207884432982
3662,0,0,0.00986622843163454
3663,0,0,0.00841566668813534
3664,0,0,0.012825146815735551
3665,0,0,0.011521047810926395
3666,0,0,0.009188229192150213
3667,0,0,0.010326442906026046
3668,0,0,0.010247482540640073
3669,0,0,0.010216437008118908
3670,0,0,0.00835885460405587
3671,0,0,0.00792133120627796
3672,0,0,0.008243852344710501
3673,0,0,0.009019320838913474
3674,0,0,0.011828491079830398
3675,1,1,0.9998761071451446
3676,0,0,0.01044088024289908
3677,0,0,0.008893203191467004
3678,0,0,0.012061720709032055
3679,1,1,0.9997669940671675
3680,0,0,0.009452018609791507
3681,0,0,0.00800106359893793
3682,0,0,0.01239801746550703
3683,0,0,0.008686598668641646
3684,0,0,0.009227456553007817
3685,0,0,0.00997472255483295
3686,0,0,0.0075369899736853095
3687,0,0,0.0077059529938914685
3688,0,0,0.009015517152769176
3689,0,0,0.009314616097561134
3690,0,0,0.008655351723760195
3691,0,0,0.008674643480505836
3692,0,0,0.011034337300097454
3693,0,0,0.008722128799290171
3694,0,0,0.009453726307227867
3695,0,0,0.008132751314551288
3696,0,0,0.007977467476798077
3697,0,0,0.009077659735223325
3698,1,1,0.9998857171835632
3699,0,0,0.01685772846297881
3700,0,0,0.009421377886713912
3701,0,0,0.008888102686489542
3702,0,0,0.01098892618212554
3703,0,0,0.008546685765152223
3704,0,0,0.007944357720798332
3705,0,0,0.009613013190472712
3706,0,0,0.008144301505920064
3707,0,0,0.01452764982256313
3708,0,0,0.008678757284319326
3709,1,1,0.9996976777198054
3710,0,0,0.008106989809332022
3711,0,0,0.012785231271774788
3712,0,0,0.008325293333447517
3713,0,0,0.0076931366834416945
3714,0,0,0.007487823600582142
3715,0,0,0.012744483435622444
3716,0,0,0.008162340751184754
3717,0,0,0.012384307145305615
3718,0,0,0.012147904573422208
3719,0,0,0.009943118983326837
3720,1,1,0.9998092825609517
3721,0,0,0.009681636480532135
3722,0,0,0.010902708308700588
3723,0,0,0.010850574052462566
3724,0,0,0.010226704847420467
3725,1,1,0.9997937400836895
3726,0,0,0.009504458845895373
3727,0,0,0.010429620068200833
3728,0,0,0.014367645042055448
3729,0,0,0.010487455149720052
3730,0,0,0.0077665823418813515
3731,0,0,0.008905223782410907
3732,0,0,0.008794040335660976
3733,0,0,0.007769569687373284
3734,0,0,0.011312620612499134
3735,0,0,0.012426187238578168
3736,0,0,0.007572209538762862
3737,0,0,0.01047995016808895
3738,0,0,0.009032036005950737
3739,0,0,0.011294947595060566
3740,0,0,0.011810120870537006
3741,0,0,0.008644470031242578
3742,1,1,0.9509864467780847
3743,0,0,0.007885974316187698
3744,0,0,0.011040257166104496
3745,0,0,0.011859205345929179
3746,0,0,0.007920714173407561
3747,0,0,0.01665257472462543
3748,0,0,0.007883477656198006
3749,0,0,0.00868951728275498
3750,1,1,0.9921481048930303
3751,0,0,0.007632439563918268
3752,0,0,0.010192524359080444
3753,0,0,0.009299325561804819
3754,0,0,0.010882265058268219
3755,1,1,0.9976778381866912
3756,0,0,0.010358163078434306
3757,0,0,0.008476548812610635
3758,1,1,0.9993680648951344
3759,0,0,0.00943922725816188
3760,0,0,0.009612704875112043
3761,0,0,0.0076711318120270475
3762,0,0,0.009350937890110768
3763,1,1,0.9999015240534683
3764,0,0,0.007973276424355257
3765,0,0,0.009783458276029644
3766,1,1,0.9994122654008967
3767,0,0,0.011223529233190777
3768,0,0,0.011445415036423871
3769,0,0,0.023388177221771132
3770,0,0,0.008971487307120449
3771,0,0,0.009503141097333577
3772,0,0,0.009510173793558216
3773,0,0,0.012225128758143904
3774,0,0,0.008085570982337333
3775,0,0,0.009011157865460232
3776,0,0,0.00948972403916123
3777,0,0,0.008413816543866035
3778,1,1,0.999521157739524
3779,0,0,0.009020868047578389
3780,1,1,0.9977207610331226
3781,0,0,0.015720502626751513
3782,0,0,0.007908682061559806
3783,0,0,0.009586380796014761
3784,0,0,0.010916772145850887
3785,0,0,0.010608354810553963
3786,0,0,0.008831384782902513
3787,0,0,0.0076931366834416945
3788,0,0,0.015131555163929323
3789,1,1,0.9998446424572697
3790,0,0,0.00849017157556244
3791,0,0,0.008191437929544259
3792,1,1,0.998007216554437
3793,0,0,0.009883141926643864
3794,0,0,0.012207759131168772
3795,0,0,0.008134540036573918
3796,0,0,0.008870196313176962
3797,0,0,0.019058308122720042
3798,0,0,0.00766369160444885
3799,0,0,0.008273780706257021
3800,0,0,0.008199671820153093
3801,1,1,0.9998569437262774
3802,0,0,0.009059700478715231
3803,0,0,0.008597871708594485
3804,0,0,0.00921055752166887
3805,0,0,0.007759083301937128
3806,0,0,0.011415375319007543
3807,1,1,0.9998727008721254
3808,0,0,0.010177103831440696
3809,0,0,0.008197186803131461
3810,0,0,0.00935248543052589
3811,0,0,0.010715490350958631
3812,0,0,0.009143072398543898
3813,0,0,0.01094002605835491
3814,0,0,0.009390608382976978
3815,0,0,0.008399944473762163
3816,0,0,0.008285830581183463
3817,0,0,0.008880369866842252
3818,0,0,0.0130919397726277
3819,1,1,0.9998810917482248
3820,0,0,0.009167260865547828
3821,0,0,0.008013983903961564
3822,0,0,0.009082304641174361
3823,0,0,0.012043880575255987
3824,0,0,0.011902498149668738
3825,0,0,0.009572877618898808
3826,0,0,0.011385051186408143
3827,0,0,0.0108334112909607
3828,1,1,0.999729255797838
3829,0,0,0.008598112221441183
3830,0,0,0.007633691895876808
3831,0,0,0.01219728710501739
3832,0,0,0.007961780891630453
3833,0,0,0.007572209538762862
3834,0,0,0.009891694894752018
3835,0,0,0.007767876502124566
3836,0,0,0.009339033858918839
3837,0,0,0.008607784694624209
3838,0,0,0.012228316966914364
3839,0,0,0.010476276978906946
3840,0,0,0.008788695606296021
3841,0,0,0.009884099914410695
3842,0,0,0.008761597173851481
3843,0,0,0.008044032619199733
3844,0,0,0.010010854647567268
3845,0,0,0.007877489337245826
3846,0,0,0.011157990810919569
3847,0,0,0.007572514869856973
3848,1,1,0.9977455475804633
3849,0,0,0.009659942427610611
3850,0,0,0.0102684438195625
3851,0,0,0.01647514165754257
3852,0,0,0.016844838810482637
3853,0,0,0.007700788964940671
3854,0,0,0.008948097916561348
3855,0,0,0.0082788906531558
3856,1,1,0.9942487066197743
3857,0,0,0.008354383241662716
3858,0,0,0.010275671487957237
3859,0,0,0.009159776059535878
3860,1,1,0.9982348264309785
3861,0,0,0.010739986003031148
3862,1,1,0.9991869068177998
3863,0,0,0.009438961503202153
3864,1,1,0.9580437237511295
3865,0,0,0.008703888233015938
3866,0,0,0.008609893085644603
3867,0,0,0.008561653352327971
3868,0,0,0.010514738825362385
3869,0,0,0.009133678751235356
3870,0,0,0.009821176192587081
3871,0,0,0.007778085646701048
3872,0,0,0.008723625255703266
3873,0,0,0.009241087496586193
3874,0,0,0.007883737851362139
3875,0,0,0.010246178454954163
3876,0,0,0.008258327608504472
3877,0,0,0.010258348895398344
3878,0,0,0.008757351610250767
3879,0,0,0.00902256269810616
3880,0,0,0.008590759290983447
3881,0,0,0.00860660020476494
3882,0,0,0.009659942427610611
3883,0,0,0.008134540036573918
3884,0,0,0.008115048701623188
3885,1,1,0.9928913630435908
3886,0,0,0.012622496295097024
3887,0,0,0.01306536908664737
3888,0,0,0.010389719896874981
3889,0,0,0.008411536882816035
3890,0,0,0.01836161497602567
3891,1,1,0.9998641127694037
3892,0,0,0.00953866176575296
3893,1,1,0.9998146805354908
3894,0,0,0.014721422857065793
3895,1,1,0.9997747201624078
3896,0,0,0.01102896932971577
3897,1,1,0.999574345286684
3898,0,0,0.009299632900081057
3899,0,0,0.008340964531714302
3900,0,0,0.008491622654621358
3901,0,0,0.00898822243476736
3902,0,0,0.0108701022727688
3903,0,0,0.008880171447150717
3904,0,0,0.007941986260880735
3905,1,1,0.9997489699620093
3906,1,1,0.9998671165698398
3907,0,0,0.008941469981428628
3908,0,0,0.009553119187082341
3909,0,0,0.009409524334569836
3910,0,0,0.01269469763362817
3911,0,0,0.008461665554361885
3912,0,0,0.00805217374769901
3913,1,1,0.9997255885667411
3914,0,0,0.008118646589694661
3915,0,0,0.009324698075189387
3916,0,0,0.008377216410084794
3917,0,0,0.007572209538762862
3918,0,0,0.008004299576676265
3919,0,0,0.010901816592709232
3920,0,0,0.00794459242032198
3921,1,1,0.9995907160458476
3922,0,0,0.008898858268748651
3923,0,0,0.00837428209321245
3924,0,0,0.00824341240999582
3925,0,0,0.011295664259375856
3926,0,0,0.009292281168578168
3927,0,0,0.00919810609849967
3928,0,0,0.008166634201986144
3929,0,0,0.010597877661189806
3930,0,0,0.011443485459418633
3931,0,0,0.007926005387742942
3932,0,0,0.011568313823645064
3933,0,0,0.01151175919777858
3934,0,0,0.015586877353813446
3935,0,0,0.008917260334199711
3936,0,0,0.00843353205668142
3937,0,0,0.015241193882583551
3938,0,0,0.008631435390914469
3939,0,0,0.018113788889642705
3940,0,0,0.009922497202533404
3941,0,0,0.010157117442117414
3942,1,1,0.9903102265601602
3943,0,0,0.010626414387098661
3944,0,0,0.00967921423530257
3945,0,0,0.008728244752898724
3946,0,0,0.009191412423285384
3947,0,0,0.008651943192401746
3948,0,0,0.008357124653716594
3949,0,0,0.008441038020681023
3950,0,0,0.010415062809465121
3951,0,0,0.008699844427039286
3952,0,0,0.009119999654068397
3953,0,0,0.007823247548546625
3954,1,1,0.9972828004266442
3955,0,0,0.008500718694133035
3956,0,0,0.008964099799172422
3957,0,0,0.008845697206714851
3958,0,0,0.009886101754266852
3959,0,0,0.008854468787448264
3960,0,0,0.008082053568370386
3961,0,0,0.014390304323587969
3962,0,0,0.01216159236618144
3963,1,1,0.9997274483047367
3964,0,0,0.00932535628447582
3965,0,0,0.009153371506758823
3966,0,0,0.008200387177055207
3967,0,0,0.009515027665055983
3968,1,1,0.9995556940362222
3969,0,0,0.008765778179404306
3970,0,0,0.00853712101093021
3971,0,0,0.010184098193002197
3972,1,1,0.9998490702059787
3973,0,0,0.010092081582940091
3974,0,0,0.0086432602613663
3975,0,0,0.009792646364266031
3976,0,0,0.010442672720714462
3977,0,0,0.008968491761513504
3978,1,1,0.9998373010562529
3979,0,0,0.012473938290050043
3980,0,0,0.012299144853841409
3981,1,1,0.9737055761892305
3982,0,0,0.009384886336454932
3983,0,0,0.008150314606804397
3984,0,0,0.010976222797786194
3985,0,0,0.0100841625302984
3986,0,0,0.012389992478474398
3987,0,0,0.009006353367911226
3988,1,1,0.9989393466828995
3989,0,0,0.008444203833980098
3990,0,0,0.007767768562495139
3991,1,1,0.9915039917334407
3992,0,0,0.008041299903578394
3993,0,0,0.00837234994264526
3994,0,0,0.010698066316922257
3995,0,0,0.009395095587569804
3996,0,0,0.01596133920681456
3997,0,0,0.007567247463080208
3998,1,1,0.9995374021909775
3999,1,1,0.9998379849178826
4000,0,0,0.010302587199136456
4001,1,1,0.999850351943877
4002,0,0,0.009929267640534803
4003,0,0,0.009586721657830791
4004,0,0,0.008189928550331729
4005,0,0,0.008882993322072439
4006,0,0,0.01305180875020555
4007,0,0,0.008839581067118608
4008,0,0,0.010033483548525454
4009,0,0,0.00997041175221841
4010,0,0,0.011001014095405813
4011,1,1,0.9989770035225051
4012,1,1,0.9998881185881511
4013,0,0,0.011146394794198275
4014,0,0,0.007572209538762862
4015,0,0,0.01007931836120735
4016,1,1,0.9907871143484714
4017,0,0,0.011931592534076873
4018,0,0,0.009879405138016517
4019,0,0,0.015567070224037933
4020,1,1,0.9995469412071519
4021,0,0,0.014976797038736693
4022,0,0,0.01212471604829971
4023,0,0,0.007763073909630741
4024,0,0,0.011374766443244661
4025,0,0,0.007865144847182868
4026,0,0,0.008082541871569923
4027,0,0,0.007876366608587858
4028,0,0,0.008423259331421268
4029,0,0,0.00782190224746626
4030,0,0,0.011028198025269187
4031,0,0,0.00871253248384337
4032,0,0,0.00979272726388156
4033,0,0,0.009688306554169884
4034,0,0,0.009993584483423584
4035,0,0,0.011968297659168303
4036,1,1,0.9998004598408873
4037,0,0,0.012078042767815144
4038,0,0,0.010611259066860348
4039,0,0,0.01024929544735211
4040,0,0,0.00800106359893793
4041,0,0,0.008398053018929203
4042,1,1,0.9998881185881511
4043,0,0,0.008698272646762534
4044,0,0,0.007660115011304557
4045,0,0,0.013419116217638557
4046,0,0,0.010297505720020078
4047,1,1,0.9997779732125873
4048,1,1,0.9998149749476125
4049,0,0,0.010151802361020005
4050,0,0,0.00933745773288878
4051,0,0,0.007820988457068495
4052,0,0,0.010467088511851031
4053,0,0,0.008026293785990658
4054,0,0,0.010030051988772526
4055,0,0,0.008451409974710245
4056,0,0,0.009039446981496285
4057,0,0,0.008319072540954204
4058,0,0,0.020158719582115125
4059,0,0,0.009798861549784857
4060,1,1,0.9997289597636041
4061,1,1,0.9993238666366016
4062,0,0,0.008997048450699083
4063,0,0,0.00859807311542719
4064,0,0,0.014842707131323284
4065,0,0,0.013032105116077901
4066,0,0,0.012892468590383219
4067,0,0,0.007979864193561753
4068,1,1,0.9994745477068533
4069,1,1,0.9756758341793209
4070,0,0,0.0082133714561126
4071,0,0,0.009287105714357214
4072,0,0,0.008006692959355416
4073,1,1,0.992569298460393
4074,0,0,0.014355411856681405
4075,0,0,0.008053204830649658
4076,0,0,0.012457064132300709
4077,1,1,0.9985267303146635
4078,0,0,0.009381308608218753
4079,0,0,0.012914786004696449
4080,0,0,0.008955640884758915
4081,0,0,0.007472158769574501
4082,0,0,0.009821125615553388
4083,0,0,0.009762852003407997
4084,0,0,0.009010066038121448
4085,0,0,0.007882668975619676
4086,1,1,0.9980602500145755
4087,0,0,0.008857358543480355
4088,1,1,0.9998559923956409
4089,0,0,0.009976708418209747
4090,0,0,0.008467455351838179
4091,1,1,0.9998437249314339
4092,0,0,0.00846973139060714
4093,0,0,0.01291976855753836
4094,0,0,0.008902885092045754
4095,0,0,0.009674221726313152
4096,0,0,0.010602385789344124
4097,0,0,0.013263200514570611
4098,0,0,0.00936827838974961
4099,0,0,0.00897628560640431
4100,0,0,0.00898638330909516
4101,0,0,0.008426084734469628
4102,1,1,0.9990076178918486
4103,0,0,0.007681082436259506
4104,1,1,0.9996620190247044
4105,0,0,0.012023082240419668
4106,0,0,0.007551268035042151
4107,0,0,0.009490775443531755
4108,1,1,0.9998635025606222
4109,0,0,0.008249372406501917
4110,0,0,0.010888718344299438
4111,0,0,0.008975613192576158
4112,1,1,0.9998903165676883
4113,0,0,0.008669583315183773
4114,0,0,0.007909942499620582
4115,0,0,0.008926995005835416
4116,0,0,0.011580217545349523
4117,0,0,0.008095016804571219
4118,0,0,0.008988168626418793
4119,0,0,0.008153429684504545
4120,0,0,0.010129724308905188
4121,0,0,0.007926962077956571
4122,0,0,0.009859468005365853
4123,0,0,0.008956098096105806
4124,0,0,0.008827730767869066
4125,0,0,0.008449237021410629
4126,0,0,0.01909436151675422
4127,1,1,0.9997203868510803
4128,0,0,0.007367812221223805
4129,0,0,0.009000638253520927
4130,0,0,0.009595617943118435
4131,0,0,0.010000703914327624
4132,0,0,0.009199141681576872
4133,0,0,0.008656523493370136
4134,1,1,0.9904816249755332
4135,0,0,0.013223860957700092
4136,0,0,0.009124472970564517
4137,0,0,0.014199273033787195
4138,0,0,0.007406039628113865
4139,0,0,0.00865434870469759
4140,0,0,0.009455425246621688
4141,0,0,0.008709503420417047
4142,0,0,0.00896750998618741
4143,0,0,0.008910017388216658
4144,1,1,0.7991286271858763
4145,0,0,0.010276784663736311
4146,0,0,0.009793802182972771
4147,0,0,0.008021191341173736
4148,0,0,0.008843054488632878
4149,1,1,0.996745744017487
4150,0,0,0.008695812973235394
4151,0,0,0.00933307082983875
4152,0,0,0.009917817134934222
4153,0,0,0.01316763891269169
4154,1,1,0.9998767177363488
4155,0,0,0.007784348725371168
4156,1,1,0.9998611979041864
4157,0,0,0.009950794196532971
4158,0,0,0.011303151871741725
4159,0,0,0.01153320400622557
4160,0,0,0.008292802777706438
4161,0,0,0.012878888122932494
4162,1,1,0.999807170801947
4163,0,0,0.010608464135573127
4164,0,0,0.008944498118902154
4165,0,0,0.0091572074333921
4166,1,1,0.9998591606275415
4167,0,0,0.009702487698380695
4168,0,0,0.00843969551419736
4169,1,1,0.9997134740905881
4170,0,0,0.013468416546929395
4171,0,0,0.008671537338992017
4172,0,0,0.007962841216321707
4173,0,0,0.007367812221223805
4174,0,0,0.008286820001103142
4175,0,0,0.00923225937361478
4176,0,0,0.010113406684504948
4177,0,0,0.01057329597329495
4178,0,0,0.0078268222234575
4179,0,0,0.012887815376439234
4180,0,0,0.009676885822230457
4181,0,0,0.008832853362389256
4182,0,0,0.008116140457773835
4183,1,1,0.9998589194087649
4184,0,0,0.00739032531793491
4185,0,0,0.008745009410398493
4186,0,0,0.01213415114703913
4187,0,0,0.007875272540136553
4188,0,0,0.008797123391320041
4189,0,0,0.008307607869479594
4190,0,0,0.008087816736303757
4191,0,0,0.007367812221223805
4192,0,0,0.00838564990830073
4193,0,0,0.008122660021571377
4194,0,0,0.00767568756466034
4195,0,0,0.011341549761911665
4196,1,1,0.9997996928932339
4197,0,0,0.008431460879297973
4198,1,1,0.9999015240534683
4199,1,1,0.9998446424572697
4200,1,1,0.9911291318112524
4201,0,0,0.008259857314665444
4202,0,0,0.011093357411877572
4203,0,0,0.007832494867881816
4204,0,0,0.008727153101690765
4205,0,0,0.010288253784666215
4206,1,1,0.99957060408456
4207,0,0,0.01192357798777515
4208,0,0,0.010082444271016736
4209,0,0,0.007818768982450874
4210,0,0,0.011615161305640812
4211,0,0,0.008795690943591842
4212,0,0,0.010391695430165585
4213,1,1,0.9021970297154674
4214,0,0,0.01596006316333583
4215,0,0,0.007756716577357295
4216,0,0,0.00944447931206047
4217,0,0,0.011351159967239143
4218,0,0,0.009546557837102149
4219,0,0,0.011812269325723294
4220,0,0,0.00829430789988104
4221,0,0,0.008989478190857606
4222,0,0,0.009032036005950737
4223,0,0,0.008095319779946422
4224,0,0,0.011369421656198475
4225,0,0,0.017881429630815442
4226,0,0,0.008626430800608874
4227,0,0,0.009713731558445881
4228,0,0,0.008611453394830076
4229,0,0,0.012784514280869868
4230,0,0,0.010465559661497032
4231,0,0,0.008754170149743279
4232,0,0,0.008124112913954847
4233,0,0,0.0077665823418813515
4234,0,0,0.009414560096110948
4235,0,0,0.008106955762041566
4236,1,1,0.9996383793150231
4237,1,1,0.999856879982492
4238,0,0,0.012626539253713676
4239,0,0,0.009566344004987102
4240,0,0,0.008583251056614758
4241,0,0,0.00856905255643699
4242,0,0,0.010379036909445381
4243,1,1,0.9990315120495558
4244,0,0,0.00898822243476736
4245,0,0,0.009034476269076993
4246,0,0,0.014286580796181595
4247,0,0,0.011256251409715517
4248,1,1,0.9971957609687357
4249,1,1,0.9665831772371237
4250,0,0,0.010288759280528156
4251,0,0,0.0150689864625131
4252,0,0,0.009880424041860075
4253,0,0,0.012873951238170908
4254,0,0,0.008750084234584161
4255,0,0,0.01628560382775163
4256,1,1,0.9795923608148369
4257,0,0,0.01119913535444878
4258,1,1,0.9997439003640833
4259,0,0,0.008595058799992424
4260,0,0,0.007581701549446099
4261,0,0,0.010104714773084908
4262,0,0,0.008977322033085022
4263,0,0,0.008729451081939739
4264,0,0,0.008294840988008461
4265,0,0,0.010662938978841486
4266,0,0,0.007870793361988619
4267,0,0,0.010942183069626556
4268,0,0,0.008931038338096279
4269,0,0,0.008360657297362217
4270,0,0,0.012308119924618914
4271,0,0,0.008567010299034054
4272,1,1,0.999696630822248
4273,0,0,0.023388177221771132
4274,0,0,0.009375444830609371
4275,0,0,0.012318355334075048
4276,0,0,0.014130073338495388
4277,0,0,0.012542489835646632
4278,0,0,0.012606181897554133
4279,0,0,0.008150695557220452
4280,1,1,0.9997631372255789
4281,1,1,0.9998407656311515
4282,0,0,0.011865225699216572
4283,0,0,0.023388177221771132
4284,0,0,0.010106416652760634
4285,0,0,0.01106734505293551
4286,0,0,0.015960036860654406
4287,0,0,0.009604022363648781
4288,0,0,0.008014173571459343
4289,0,0,0.010163944965907725
4290,0,0,0.0081762511151183
4291,0,0,0.00815395738452613
4292,0,0,0.023388177221771132
4293,0,0,0.023388177221771132
4294,0,0,0.009580919330562385
4295,1,1,0.9988817618843209
4296,1,1,0.9997572012975011
4297,1,1,0.9962220210105434
4298,1,1,0.9687772071623896
4299,1,1,0.9998663798204425
4300,0,0,0.008120513303552568
4301,0,0,0.018782136273290076
4302,0,0,0.008002277652766026
4303,0,0,0.01003423218887597
4304,0,0,0.012380397815411863
4305,0,0,0.010170894313756042
4306,0,0,0.008374050592011125
4307,0,0,0.008426823773271115
4308,0,0,0.014155741794960871
4309,0,0,0.01087614024400379
4310,0,0,0.009190616316239929
4311,1,1,0.9993984259479104
4312,0,0,0.007834331274098386
4313,0,0,0.009591451825327932
4314,0,0,0.009809736982570925
4315,0,0,0.009396963563590474
4316,0,0,0.010627675767068905
4317,0,0,0.011812034900435453
4318,0,0,0.01011585208579778
4319,0,0,0.011511522974090384
4320,0,0,0.012494074422932279
4321,0,0,0.009204115062143203
4322,0,0,0.0075636583740247175
4323,0,0,0.00824286611101134
4324,0,0,0.010628890974091764
4325,0,0,0.00851945259878576
4326,0,0,0.01324862771029944
4327,0,0,0.01513296940801209
4328,0,0,0.01091769605303321
4329,1,1,0.9998264919904759
4330,0,0,0.012780509647686285
4331,0,0,0.009184063630977615
4332,0,0,0.007733799719640878
4333,0,0,0.007784971901125082
4334,0,0,0.009566166036218297
4335,0,0,0.00965589871770413
4336,0,0,0.00882922852960455
4337,0,0,0.007956186699512546
4338,0,0,0.010732413115345238
4339,0,0,0.011434021526972342
4340,0,0,0.008106356592884618
4341,0,0,0.007604502886548994
4342,0,0,0.009297698280792138
4343,0,0,0.008576640954127902
4344,0,0,0.010079386516264095
4345,0,0,0.009451590793011399
4346,0,0,0.010409430415387328
4347,0,0,0.010740655851962232
4348,1,1,0.9996753664905049
4349,0,0,0.007629540957056505
4350,0,0,0.009418566293196479
4351,0,0,0.009966997148949637
4352,0,0,0.00769222056098186
4353,0,0,0.009112796815321811
4354,0,0,0.010773981633326988
4355,1,1,0.9997198278934837
4356,0,0,0.009136072749032165
4357,0,0,0.010906876063252366
4358,0,0,0.010531046765980923
4359,1,1,0.9994083795385063
4360,0,0,0.013715358745693736
4361,0,0,0.009343943187752819
4362,0,0,0.007812923661875006
4363,0,0,0.008990975232031373
4364,0,0,0.008821475253648308
4365,0,0,0.009096441041342279
4366,0,0,0.016535379739644276
4367,0,0,0.010031064147142808
4368,0,0,0.011654405244874221
4369,0,0,0.009060222052544382
4370,0,0,0.010463810079194006
4371,1,1,0.9997194338457986
4372,0,0,0.008501190584903543
4373,1,1,0.9704465753498728
4374,0,0,0.00907828996213824
4375,0,0,0.010012576466170597
4376,1,1,0.9992250456098989
4377,1,1,0.9996361666905558
4378,0,0,0.012907701905067319
4379,0,0,0.008049686223944546
4380,0,0,0.009384352273685816
4381,0,0,0.009019581313312559
4382,0,0,0.018940636727648962
4383,0,0,0.007767500092651905
4384,0,0,0.008606583938503392
4385,0,0,0.00818707758215463
4386,1,1,0.9998064586008334
4387,0,0,0.010586747841582384
4388,0,0,0.012014014359756537
4389,0,0,0.015960098810589695
4390,0,0,0.007467847356513543
4391,0,0,0.008255381041644336
4392,0,0,0.010942183069626556
4393,0,0,0.012154406270919677
4394,1,1,0.9956611134039132
4395,0,0,0.009271867190206456
4396,0,0,0.009757284116836778
4397,0,0,0.009373730266934109
4398,0,0,0.008513504749596468
4399,0,0,0.011675720655626045
4400,0,0,0.00868174719214263
4401,0,0,0.010683895074354893
4402,0,0,0.010055889414421086
4403,0,0,0.008101157445619105
4404,0,0,0.00846224073376141
4405,0,0,0.007370637805564018
4406,0,0,0.009213235695125343
4407,1,1,0.9994962866111935
4408,0,0,0.007618077092092656
4409,0,0,0.008862176482096877
4410,1,1,0.9986966708048508
4411,0,0,0.008864418305283112
4412,0,0,0.01289540116991674
4413,0,0,0.008373085610419044
4414,0,0,0.007581701549446099
4415,0,0,0.008829363248554318
4416,0,0,0.008217135650020942
4417,0,0,0.012007717358468777
4418,0,0,0.008340139761687862
4419,0,1,0.9702652118727128
4420,0,0,0.008894362397278222
4421,0,0,0.008627020577907908
4422,0,0,0.009601893294671439
4423,0,0,0.009725733164981036
4424,0,0,0.009034848203317423
4425,0,0,0.01510112485549467
4426,0,0,0.00899029791321587
4427,0,0,0.012318243548957155
4428,0,0,0.008677543149952114
4429,0,0,0.008584677444469219
4430,0,0,0.007668109406360314
4431,0,0,0.008744821156278379
4432,0,0,0.00997297363180426
4433,0,0,0.008276227089542763
4434,0,0,0.008002016668899166
4435,0,0,0.007632899936250541
4436,1,1,0.9989457488345139
4437,0,0,0.00793527410603965
4438,0,0,0.007970617595996021
4439,0,0,0.009538934279590683
4440,0,0,0.011306816208482982
4441,0,0,0.008733947064336773
4442,0,0,0.009424637101034106
4443,0,0,0.010697963651106342
4444,0,0,0.008516114472665762
4445,0,0,0.010193283857814171
4446,0,0,0.01081207243643088
4447,0,0,0.011041426196902529
4448,0,0,0.010041348422908235
4449,0,0,0.008728268781888034
4450,1,1,0.9997953356550665
4451,0,0,0.010609899242746546
4452,0,0,0.008086056483268664
4453,0,0,0.009392492060152127
4454,0,0,0.008026953290397442
4455,0,0,0.007833145533768623
4456,0,0,0.008813476151673163
4457,0,0,0.010469591217203218
4458,0,0,0.007718389640485707
4459,0,0,0.012423713543857148
4460,1,1,0.9991926069204585
4461,0,0,0.00970743802634214
4462,0,0,0.008730144225834827
4463,0,0,0.00854744060647139
4464,0,0,0.008017081559938652
4465,0,0,0.01158011646958304
4466,0,0,0.01369756866390151
4467,0,0,0.009065508918844313
4468,0,0,0.008383677473497443
4469,0,0,0.008771427983657926
4470,0,0,0.007618354254943358
4471,0,0,0.008946399204482154
4472,0,0,0.011531873547092942
4473,1,1,0.9928809632695842
4474,0,0,0.008908229462106678
4475,1,1,0.9939502081294701
4476,0,0,0.008685822671231127
4477,0,0,0.00814157154879704
4478,0,0,0.009588712683392238
4479,0,0,0.007798426567779848
4480,0,0,0.016843818822650056
4481,0,0,0.0134398904444553
4482,0,0,0.01483287192408135
4483,0,0,0.011200154627436251
4484,0,0,0.01206777154322212
4485,0,0,0.010142093648976084
4486,0,0,0.013818720051083451
4487,0,0,0.009592515698016894
4488,0,0,0.012357503272524982
4489,0,0,0.010115945126541744
4490,0,0,0.011969530437926534
4491,0,0,0.008830879817400524
4492,0,0,0.011310014817115785
4493,0,0,0.010759165162813519
4494,0,0,0.00868707212223213
4495,0,0,0.008254104966073391
4496,0,0,0.009791102337137042
4497,0,0,0.009571360203455547
4498,0,0,0.007572209538762862
4499,1,1,0.9997738865506145
4500,1,1,0.9998075347809253
4501,0,0,0.01029663023883246
4502,0,0,0.008522838266022507
4503,0,0,0.011229871881886871
4504,0,0,0.009452018609791507
4505,0,0,0.009210305494090739
4506,1,1,0.9966206326134207
4507,0,0,0.009695202023117591
4508,0,0,0.007708485904745685
4509,0,0,0.009586869407190076
4510,0,0,0.013301712973616407
4511,0,0,0.010436886546947414
4512,0,0,0.008210776507396277
4513,0,0,0.008409050402627422
4514,1,1,0.923649623054033
4515,0,0,0.008172958402777148
4516,0,0,0.011517456776411533
4517,1,1,0.9998264919904759
4518,0,0,0.01126123845027369
4519,0,0,0.00948169073859226
4520,0,0,0.008156529811769281
4521,0,0,0.0076764972836147515
4522,0,0,0.01017935081436317
4523,0,0,0.011219024869813903
4524,0,0,0.008943205389629894
4525,0,0,0.008736357353690272
4526,0,0,0.007948510338599675
4527,1,1,0.994826390633493
4528,0,0,0.00980685356265564
4529,0,0,0.009255537871396184
4530,0,0,0.008192316409766856
4531,0,0,0.008701729236419157
4532,0,0,0.009096718527417358
4533,0,0,0.008910931229150359
4534,1,1,0.9988772090213457
4535,0,0,0.010927214839537184
4536,0,0,0.008870066741172956
4537,0,0,0.008152357574219978
4538,0,0,0.011544996627824803
4539,0,0,0.010016940119783525
4540,0,0,0.008591980524906718
4541,0,0,0.022086706939673174
4542,0,0,0.008903115781733984
4543,1,1,0.9806472957138564
4544,0,0,0.010574562058518458
4545,0,0,0.01020692597322124
4546,0,0,0.008015404883871709
4547,0,0,0.009513184669151891
4548,0,0,0.009666289403469053
4549,0,0,0.00815764290208662
4550,0,0,0.010264230732457573
4551,0,0,0.010360795866484645
4552,0,0,0.010422503293925297
4553,0,0,0.011650701930935285
4554,0,0,0.008660000899894249
4555,0,0,0.010035822950830525
4556,0,0,0.008917836874051092
4557,0,0,0.01899456730775329
4558,0,0,0.008114616099216468
4559,0,0,0.011501125760082165
4560,0,0,0.008305067232258696
4561,0,0,0.009135880133272703
4562,0,0,0.008112940338781703
4563,0,0,0.014051522486001257
4564,0,0,0.007791778195108633
4565,0,0,0.010004714129790161
4566,0,0,0.008088021261811846
4567,0,0,0.007700802069695573
4568,0,0,0.0110557381982284
4569,0,0,0.008507698338196633
4570,0,0,0.007756815619780503
4571,1,1,0.9989505741287944
4572,0,0,0.016778030895921774
4573,0,0,0.009065096008964267
4574,1,1,0.9995895193541138
4575,0,0,0.023388177221771132
4576,0,0,0.011730493922808803
4577,1,1,0.9998895572801212
4578,1,1,0.9997800699802167
4579,1,1,0.9998882421397702
4580,0,0,0.008851813311807682
4581,0,0,0.008867367816344219
4582,0,0,0.010256094597586274
4583,0,0,0.01014088792302485
4584,1,1,0.9997984742780428
4585,0,0,0.009861661626015655
4586,1,1,0.9996550490716787
4587,1,1,0.999521157739524
4588,0,0,0.008116601486419048
4589,0,0,0.007741447918865609
4590,0,0,0.008509432889185204
4591,0,0,0.007725816469873366
4592,1,1,0.9998663246692668
4593,0,0,0.010379335209999957
4594,0,0,0.007975506995088253
4595,0,0,0.008046144741389764
4596,0,0,0.008813923882206198
4597,0,0,0.008120028066159184
4598,0,0,0.011271422937983491
4599,0,0,0.008230521797089631
4600,0,0,0.021721023249614457
4601,0,0,0.009436256015517595
4602,1,1,0.9986674665032836
4603,0,0,0.011593244565391719
4604,0,0,0.00907512651319216
4605,0,0,0.009625484420155605
4606,0,0,0.008731527308245736
4607,0,0,0.008333553241667185
4608,0,0,0.015623394579842652
4609,0,0,0.008189144071730022
4610,0,0,0.009593213073936995
4611,0,0,0.009856104500795212
4612,0,0,0.00770664561252435
4613,0,0,0.008615990150353522
4614,0,0,0.010018922048857504
4615,0,0,0.009257856383800557
4616,1,1,0.9988157444410906
4617,0,0,0.009123605536704457
4618,0,0,0.00921277868446914
4619,0,0,0.009285449641218115
4620,0,0,0.00739032531793491
4621,0,0,0.011729703148108919
4622,0,0,0.01743135024643075
4623,0,0,0.011309842846040063
4624,0,0,0.013298429353408511
4625,0,0,0.008433883715503061
4626,0,0,0.008760226358651107
4627,0,0,0.010605571512339576
4628,1,1,0.9998825884601227
4629,1,1,0.9998434036082099
4630,0,0,0.01150887562903851
4631,0,0,0.010057342048005914
4632,0,0,0.008672346144419531
4633,0,0,0.007825123726669485
4634,0,0,0.013006556387284119
4635,0,0,0.02281734942615441
4636,0,0,0.00841078728245967
4637,0,0,0.008721792277003104
4638,0,0,0.008113791553641055
4639,0,0,0.011798583647499167
4640,0,0,0.00831408774248617
4641,0,0,0.015506012742550236
4642,0,0,0.009564164823435537
4643,1,1,0.9993555233956893
4644,0,0,0.01100689278150852
4645,0,0,0.007886538639971543
4646,0,0,0.008825322159394263
4647,1,1,0.9998814049508632
4648,0,0,0.00958984261184251
4649,0,0,0.007761129075142295
4650,0,0,0.011902498149668738
4651,0,0,0.010853427946603923
4652,1,1,0.9989077464847073
4653,0,0,0.008615628289070986
4654,0,0,0.009338794707777863
4655,0,0,0.007681522226648558
4656,0,0,0.009886435984448608
4657,0,0,0.007816872025766095
4658,1,1,0.9998570745684525
4659,0,0,0.012876745850307274
4660,0,0,0.00800106359893793
4661,0,0,0.011499001962840105
4662,0,0,0.008023154371657189
4663,0,0,0.014086439269654232
4664,0,0,0.011621890062530204
4665,0,0,0.009859556559751586
4666,0,0,0.008084532147802515
4667,0,0,0.011788897575067021
4668,0,0,0.011116454238059627
4669,0,0,0.014452922480804719
4670,0,0,0.008903011728754585
4671,0,0,0.011258979201930282
4672,0,0,0.011176992854266727
4673,1,1,0.9990454997251429
4674,0,0,0.008442080946989854
4675,0,0,0.008841137553938916
4676,1,1,0.9814608499449591
4677,0,0,0.010111458586586037
4678,0,0,0.02004027170099647
4679,0,0,0.009753554226499074
4680,0,0,0.008727304209862907
4681,0,0,0.007845188184734491
4682,0,0,0.010354499937927496
4683,0,0,0.009464117297936014
4684,0,0,0.009916612619843949
4685,0,0,0.008055964665094069
4686,0,0,0.0074904049617476424
4687,0,0,0.009059383208522962
4688,0,0,0.009798877651159464
4689,0,0,0.009872930719791196
4690,0,0,0.008933361815357225
4691,0,0,0.008023154371657189
4692,0,0,0.011127297479555131
4693,0,0,0.009748099241075215
4694,0,0,0.00819929616502699
4695,0,0,0.009611227639536464
4696,1,1,0.9998727095795223
4697,0,0,0.011446382195530543
4698,0,0,0.009040300509085577
4699,0,0,0.007977888780555824
4700,0,0,0.00864551887602947
4701,1,1,0.9996787596209898
4702,0,0,0.3757502523163291
4703,0,0,0.02806539304608769
4704,0,0,0.0112950572435847
4705,0,0,0.00948373540496123
4706,0,0,0.008381591413830995
4707,0,0,0.008459550298143747
4708,0,0,0.01178336699020181
4709,0,0,0.008588141113370182
4710,0,0,0.008103660094913853
4711,0,0,0.009452940063365344
4712,0,0,0.008389624057906438
4713,0,0,0.009576068456764382
4714,0,0,0.01068084936284292
4715,0,0,0.008510847208394049
4716,0,0,0.011500663416188935
4717,0,0,0.008643420259144712
4718,0,0,0.007949728845507069
4719,0,0,0.008531226756726046
4720,0,0,0.007909356694334346
4721,0,0,0.009364113712518312
4722,0,0,0.0075695209172321355
4723,0,0,0.008146562669597164
4724,0,0,0.013542192049142733
4725,1,1,0.9974105892567864
4726,0,0,0.008367022130139031
4727,0,0,0.008025662293632411
4728,1,1,0.9996502618967062
4729,0,0,0.014077961875345152
4730,0,0,0.00919785558774
4731,0,0,0.007839576444586493
4732,0,0,0.020917284803991198
4733,0,0,0.008139089042910965
4734,0,0,0.007857169189432703
4735,1,1,0.9995516440874289
4736,0,0,0.00928991587260761
4737,0,0,0.01388544603216541
4738,0,0,0.010103397696630911
4739,0,0,0.008536671474497161
4740,0,0,0.010452334444698412
4741,0,0,0.01009933613318877
4742,0,0,0.007899558866064322
4743,0,0,0.008385001092719785
4744,0,0,0.008114616099216468
4745,0,0,0.009661084577856882
4746,1,1,0.999815367037413
4747,0,0,0.008883451306761268
4748,0,0,0.011855389741395522
4749,0,0,0.009666796550489203
4750,0,0,0.008464766617120902
4751,0,0,0.009193747257991046
4752,1,1,0.9943306294566695
4753,0,0,0.010231279026248898
4754,1,1,0.9893645640406231
4755,0,0,0.007665278559959048
4756,0,0,0.008574052090454424
4757,0,0,0.00863092581446291
4758,0,0,0.010108190097734567
4759,1,1,0.9999018210647038
4760,1,1,0.997648700201786
4761,0,0,0.008537532798299394
4762,0,0,0.01438264564021446
4763,0,0,0.010143464738315778
4764,0,0,0.014039947178338338
4765,0,0,0.013136219153712906
4766,0,0,0.010769151025246823
4767,0,0,0.015607875919620656
4768,1,1,0.9988033036932942
4769,0,0,0.009452615813779945
4770,0,0,0.01137545307349111
4771,0,0,0.009631828160078069
4772,0,0,0.00795887463333341
4773,0,0,0.011965892147050494
4774,0,0,0.007460769028839292
4775,0,0,0.01069761188685477
4776,0,0,0.009642952199055825
4777,0,0,0.00833767622993056
4778,0,0,0.01006536049277158
4779,0,0,0.008713636491635939
4780,0,0,0.012573094413772202
4781,0,0,0.009415467321833933
4782,0,0,0.00907015151131064
4783,0,0,0.013119170176085968
4784,0,0,0.010792610300912296
4785,0,0,0.00805044672178271
4786,1,1,0.9998894316732756
4787,0,0,0.011500795962262913
4788,0,0,0.008249662966645461
4789,0,0,0.00785861736356281
4790,0,0,0.014071764900058494
4791,0,0,0.008898151813724992
4792,0,0,0.012974805316249774
4793,0,0,0.012017605773438767
4794,0,0,0.007684576613043277
4795,0,0,0.008454824512640844
4796,0,0,0.01050690721463376
4797,1,1,0.9998214929071135
4798,1,1,0.9927420964716573
4799,0,0,0.007865522741301607
4800,0,0,0.008853249882048834
4801,0,0,0.008265374664139367
4802,0,0,0.009338253381549052
4803,0,0,0.012714692945748193
4804,0,0,0.011002606832519662
4805,0,0,0.009444741419369965
4806,0,0,0.009598425188400265
4807,0,0,0.007881969338797036
4808,1,1,0.9998318509738792
4809,0,0,0.008341688636541085
4810,0,0,0.008798508870319778
4811,0,0,0.010989506444380256
4812,0,0,0.010368761971896191
4813,0,0,0.00955664906129882
4814,0,0,0.007595243079168896
4815,0,0,0.007784501048373593
4816,0,0,0.008420780666106369
4817,0,0,0.01213114872845286
4818,0,0,0.008927438240771766
4819,0,0,0.011021991203610061
4820,0,0,0.01042864579520517
4821,1,1,0.9737961229532532
4822,0,0,0.008717392765925529
4823,1,1,0.9998705608317459
4824,0,0,0.023388177221771132
4825,0,0,0.009214246137090477
4826,0,0,0.008632707183463817
4827,0,0,0.009233808458539156
4828,0,0,0.008264031712781129
4829,0,0,0.008829432313958642
4830,0,0,0.011355711754526071
4831,0,0,0.011543370484456554
4832,0,0,0.01071137212607356
4833,0,0,0.010251324591669804
4834,1,1,0.9997949542969057
4835,0,0,0.01186327651538005
4836,0,0,0.00942223306750508
4837,0,0,0.009678806327998585
4838,0,0,0.013576020046596643
4839,0,0,0.009004195329261106
4840,0,0,0.011467653752951779
4841,1,1,0.9998494349327052
4842,0,0,0.011054749000689777
4843,0,0,0.00782592495936055
4844,0,0,0.008860508457123203
4845,1,1,0.9995556940362222
4846,0,0,0.011249339088465175
4847,0,0,0.009190889425546672
4848,0,0,0.008882791509489943
4849,0,0,0.01910594649482525
4850,0,0,0.007845522380164728
4851,0,0,0.010710798771710208
4852,0,0,0.011035328979203382
4853,0,0,0.010783524285562725
4854,0,0,0.008291381994362697
4855,0,0,0.012466425809636342
4856,0,0,0.023388177221771132
4857,0,0,0.009231313151914626
4858,0,0,0.010639663536730187
4859,0,0,0.007572209538762862
4860,0,0,0.009029156810082054
4861,0,0,0.009830942265947641
4862,0,0,0.039133466198839555
4863,1,1,0.9996817843325553
4864,1,1,0.9995374021909775
4865,0,0,0.00825931666682635
4866,0,0,0.008834085651806375
4867,0,0,0.008708523306436722
4868,0,0,0.010377527335824015
4869,0,0,0.009113964007067727
4870,0,0,0.009508623808135611
4871,0,0,0.008844804993457772
4872,0,0,0.009931146769437472
4873,0,0,0.008709867158009537
4874,0,0,0.008741058404591693
4875,0,0,0.009503546149110776
4876,0,0,0.010440267940801787
4877,1,1,0.9995569203248789
4878,0,0,0.012011310295296533
4879,1,1,0.9998563551505197
4880,0,0,0.011702615653718782
4881,0,0,0.009221128546013816
4882,0,0,0.008533391432113136
4883,0,0,0.01047884544790405
4884,0,0,0.008741685639395426
4885,0,0,0.015934162822003963
4886,0,0,0.009892298688076989
4887,0,0,0.01351413639888228
4888,1,1,0.999771949862385
4889,0,0,0.008319361833135691
4890,0,0,0.009555072828481205
4891,0,0,0.008199092756553164
4892,0,0,0.010045972899871563
4893,0,0,0.010014780607258479
4894,0,0,0.013820891375848467
4895,0,0,0.009812089198875353
4896,1,1,0.9998377075715082
4897,0,0,0.010839548088381138
4898,0,0,0.00800106359893793
4899,0,0,0.009296244338804287
4900,0,0,0.008082026430213309
4901,1,1,0.9998706458916312
4902,0,0,0.007697200165316049
4903,1,1,0.9994407207549354
4904,0,0,0.01203325543870903
4905,0,0,0.008271315397890654
4906,1,1,0.9958369085506432
4907,0,0,0.008117981436018525
4908,0,0,0.015312861476787752
4909,0,0,0.012390032001192194
4910,0,0,0.008164143902009046
4911,0,0,0.012835976806989611
4912,0,0,0.010527128991003958
4913,0,0,0.009513730189072403
4914,1,1,0.9906050168842301
4915,0,0,0.010440587149191518
4916,0,0,0.01154857253832902
4917,0,0,0.01050864513911592
4918,1,1,0.9998809217796338
4919,0,0,0.011201523771585615
4920,0,0,0.008926317729759388
4921,0,0,0.013316258137744829
4922,0,0,0.007794568663778697
4923,0,0,0.008117152191532409
4924,0,0,0.009599302019364809
4925,0,0,0.011917507441716126
4926,0,0,0.007900443303929488
4927,0,0,0.00947881804391984
4928,0,0,0.012727660065946597
4929,0,0,0.01064058269118023
4930,1,1,0.9981719460268078
4931,1,1,0.985738935628539
4932,0,0,0.008613774272804617
4933,0,0,0.00802956981637754
4934,0,0,0.012132696124724689
4935,0,0,0.008372880529081396
4936,0,0,0.008302897941558968
4937,0,0,0.015960300015637918
4938,0,0,0.008907747063934693
4939,0,0,0.00852049485565886
4940,0,0,0.0077166436482604935
4941,0,0,0.0078005548232210255
4942,0,0,0.010414633605413682
4943,0,0,0.008333852386219365
4944,0,0,0.011799475146919161
4945,0,0,0.010064323532302098
4946,0,0,0.008220740400675473
4947,0,0,0.00829337359901726
4948,1,1,0.9998056789421522
4949,1,1,0.9415920130939057
4950,0,0,0.008978088229645317
4951,0,0,0.009305966565015995
4952,0,0,0.008193953850126875
4953,1,1,0.9988481275546028
4954,0,0,0.014267633452922176
4955,0,0,0.008149679080160782
4956,0,0,0.009171427690731869
4957,0,0,0.008369971123794106
4958,0,0,0.009897303058703764
4959,0,0,0.008604047060614536
4960,0,0,0.008361281749562884
4961,0,0,0.007523977814924876
4962,0,0,0.00868951728275498
4963,0,0,0.0077442003320804115
4964,0,0,0.009590184033785636
4965,1,1,0.9974804007449342
4966,0,0,0.012556722934583283
4967,1,1,0.9999000711151992
4968,1,1,0.994107407140654
4969,0,0,0.011335048893175355
4970,0,0,0.009411842643821548
4971,0,0,0.008441533905748437
4972,0,0,0.008393820294284359
4973,0,0,0.007746798066994372
4974,0,0,0.008784613661122691
4975,0,0,0.008212624098154814
4976,0,0,0.008502312992267913
4977,0,0,0.012787434833107073
4978,0,0,0.008363579807812752
4979,0,0,0.015068534180095561
4980,0,0,0.009446855450507295
4981,0,0,0.008695949786310454
4982,0,0,0.008186500139207156
4983,0,0,0.008364833889081833
4984,0,0,0.010239129505674873
4985,1,1,0.9995117629152426
4986,0,0,0.009448309825169568
4987,0,0,0.009916584814875135
4988,0,0,0.010178044488937325
4989,0,0,0.0187504824022931
4990,0,0,0.010186303787246703
4991,1,1,0.9998516957320188
4992,0,0,0.011117596864382382
4993,0,0,0.008595968932067813
4994,0,0,0.00984270781612718
4995,0,0,0.009302656123692271
4996,0,0,0.01033253732391018
4997,0,0,0.0077943626899757154
4998,0,0,0.009382899154329584
4999,0,0,0.010130395598527357
5000,0,0,0.011442041961569178
5001,0,0,0.010117287039550145
5002,0,0,0.011919540069637977
5003,0,0,0.00838996895281285
5004,1,1,0.9998579623911761
5005,0,0,0.007948634269154094
5006,0,0,0.009353076837759822
5007,0,0,0.008919914019656309
5008,0,0,0.007658527267464587
5009,0,0,0.00959281745987276
5010,0,0,0.01109799040693846
5011,0,0,0.009793309394772408
5012,1,1,0.9999044528174514
5013,0,0,0.010541064985741661
5014,0,0,0.00965452405114139
5015,0,0,0.008372254972344449
5016,0,0,0.010170861890808382
5017,0,0,0.009077291962253696
5018,1,1,0.99987332343093
5019,0,0,0.007882606027825766
5020,0,0,0.008931972237775067
5021,0,0,0.008343243345108135
5022,0,0,0.013645869230981994
5023,0,0,0.008453996593894205
5024,0,0,0.009824377412512558
5025,0,0,0.00955883487237281
5026,0,0,0.007881108756469798
5027,1,1,0.9998751672890421
5028,1,1,0.9998589780616324
5029,0,0,0.01277959561563805
5030,1,1,0.9985664123077181
5031,0,0,0.008398318817862805
5032,0,0,0.00951696586486672
5033,0,0,0.009309023378290076
5034,0,0,0.008356121654568246
5035,0,0,0.012390024307603663
5036,0,0,0.009761034299123759
5037,1,1,0.9958853344708822
5038,0,0,0.009069599895289982
5039,0,0,0.00930046723748576
5040,0,0,0.011633886332392781
5041,1,1,0.9995257372092978
5042,0,0,0.010837227121471886
5043,1,1,0.9933633124043394
5044,0,0,0.010307869018219118
5045,0,0,0.0075342813786159635
5046,0,0,0.01591710383878628
5047,0,0,0.009472622566170536
5048,0,0,0.010742992579365231
5049,0,0,0.008702439131861656
5050,0,0,0.009216982028688125
5051,0,0,0.012553521355222723
5052,0,0,0.008466967368990769
5053,0,0,0.010794454558303078
5054,0,0,0.00985868546949996
5055,1,1,0.9998222446919689
5056,0,0,0.011418668166906848
5057,0,0,0.008291850463164392
5058,0,0,0.009528115903636692
5059,0,0,0.00938307824199534
5060,1,1,0.9998490702059787
5061,0,0,0.008817512303195722
5062,0,0,0.007406554931858894
5063,0,0,0.008439936499345779
5064,0,0,0.00845862848548771
5065,0,0,0.008048829029388867
5066,0,0,0.007448193538730791
5067,0,0,0.011554955700800925
5068,1,1,0.9991392024354037
5069,0,0,0.010130395598527357
5070,0,0,0.011203360467414507
5071,1,1,0.9996606801429679
5072,0,0,0.013234008485131406
5073,1,1,0.9990737336777752
5074,0,0,0.00856661864240196
5075,0,0,0.007604502886548994
5076,1,1,0.9997221707143558
5077,0,0,0.009696944985956262
5078,0,0,0.009248218546453427
5079,1,1,0.9998507631638908
5080,0,0,0.008637613053642777
5081,0,0,0.01126049813322066
5082,0,0,0.017338461298262275
5083,0,0,0.008578878010305288
5084,0,0,0.007982327460224191
5085,0,0,0.00913630252289682
5086,0,0,0.009561532320193022
5087,0,0,0.008027972564997784
5088,0,0,0.009287186236122034
5089,0,0,0.010932853245908624
5090,0,0,0.014632930966940606
5091,0,0,0.009762852003407997
5092,0,0,0.00862731830917429
5093,0,0,0.01099616259413768
5094,0,0,0.014093850387179094
5095,0,0,0.010449298147898098
5096,0,0,0.0076643634249020645
5097,0,0,0.009185093925550784
5098,1,1,0.9936188297254718
5099,0,0,0.00786643085413839
5100,0,0,0.009306633620510285
5101,0,0,0.008807355323239386
5102,1,1,0.9991911357750429
5103,0,0,0.014855624129000914
5104,0,0,0.009863714856229867
5105,0,0,0.007859030355334744
5106,0,0,0.013736450408210792
5107,0,0,0.008816008030472175
5108,0,0,0.0083424529467436
5109,0,0,0.008846016549375706
5110,1,1,0.9779981573415744
5111,0,0,0.008927002054632335
5112,1,1,0.9998535003702744
5113,0,0,0.011512961947461294
5114,0,0,0.010178898965127739
5115,1,1,0.999852186432571
5116,0,0,0.013083902147001577
5117,0,0,0.01949827223850011
5118,0,0,0.010540890357016448
5119,0,0,0.009031694162752584
5120,1,1,0.9992993945841865
5121,0,0,0.007565062195635704
5122,0,0,0.010761934932870202
5123,0,0,0.009994595551729265
5124,0,0,0.011242151943278437
5125,0,0,0.007887144713183159
5126,0,0,0.009534766553867959
5127,0,0,0.010326934976747375
5128,0,0,0.00949612375135162
5129,0,0,0.009072253450775353
5130,0,0,0.008126821656034431
5131,0,0,0.008791114206759675
5132,0,0,0.00895538561651997
5133,0,0,0.008766164863824187
5134,0,0,0.010846091060077785
5135,0,0,0.010415660298515745
5136,0,0,0.013789140252044132
5137,1,1,0.9998729021156944
5138,0,0,0.00918671151560208
5139,0,0,0.0101155693425986
5140,0,0,0.009926905993920014
5141,1,1,0.9998995614637692
5142,0,0,0.009765711210716002
5143,0,0,0.008267780028351948
5144,0,0,0.008107496999114639
5145,0,0,0.00884804563982001
5146,0,0,0.010939106820151076
5147,1,1,0.9994132484148239
5148,0,0,0.008859965244183315
5149,0,0,0.008205288246390285
5150,0,0,0.009432991067172517
5151,0,0,0.008171430609184129
5152,0,0,0.009074209186113352
5153,0,0,0.00806544293605386
5154,0,0,0.0075189400868989065
5155,0,0,0.009468314310199207
5156,0,0,0.01028822523553679
5157,0,0,0.1364824231998734
5158,0,0,0.00932298470463957
5159,0,0,0.022772536827404537
5160,0,0,0.007671770379243982
5161,0,0,0.00936498446397918
5162,0,0,0.009729154437566532
5163,0,0,0.007770823881504695
5164,1,1,0.9998485593342868
5165,0,0,0.009199067625240136
5166,0,0,0.008572357144364337
5167,0,0,0.01133254952010669
5168,0,0,0.009523144534561552
5169,0,0,0.008017987430367702
5170,0,0,0.007935018533958803
5171,0,0,0.007658527267464587
5172,0,0,0.008837631758018417
5173,0,0,0.023388177221771132
5174,0,0,0.015830825591965206
5175,0,0,0.008038491492189995
5176,0,0,0.00842045757700175
5177,0,0,0.009047001194171045
5178,1,1,0.9995422666365142
5179,0,0,0.008307344701426021
5180,0,0,0.008151220036895161
5181,0,0,0.00957649644811032
5182,0,0,0.008728268781888034
5183,0,0,0.013834471495889223
5184,0,0,0.008091109781809167
5185,0,0,0.011243747312360622
5186,0,0,0.013057886769020385
5187,0,0,0.011699763000218934
5188,0,0,0.00898822243476736
5189,1,1,0.9998623943829289
5190,1,1,0.9997412042187798
5191,0,0,0.007367812221223805
5192,0,0,0.0081771146001422
5193,0,0,0.012454591403383744
5194,0,0,0.008707181659082151
5195,0,0,0.007557033660322764
5196,1,1,0.9997056281140507
5197,0,0,0.008607788592030234
5198,0,0,0.009253419964715357
5199,0,0,0.01321884028366039
5200,1,1,0.9992669363143017
5201,1,1,0.9998729021156944
5202,0,0,0.014933873826518989
5203,0,0,0.00907828996213824
5204,0,0,0.009131226350165802
5205,1,1,0.9997944503574739
5206,0,0,0.007546207884432982
5207,0,0,0.009270516758159323
5208,0,0,0.010209432283121855
5209,0,0,0.010979904244594007
5210,0,0,0.014119313052573189
5211,0,0,0.011447283909951013
5212,0,0,0.013645013938802653
5213,0,0,0.013939405189334658
5214,1,1,0.999696630822248
5215,0,0,0.009591451825327932
5216,0,0,0.008595058799992424
5217,0,0,0.008455163163050929
5218,0,0,0.013411746155290317
5219,0,0,0.00950914027741881
5220,0,0,0.009942272658322268
5221,0,0,0.010950420337080921
5222,0,0,0.010594126909116295
5223,0,0,0.011516563768715165
5224,0,0,0.010149687365475656
5225,0,0,0.00868442364729223
5226,0,0,0.009343753918089734
5227,0,0,0.011102136257093075
5228,1,1,0.9998472317012514
5229,0,0,0.010196794001659128
5230,0,0,0.011112795577384095
5231,0,0,0.008938651657925649
5232,1,1,0.9998004598408873
5233,0,0,0.008441432770338896
5234,0,0,0.008129902359413313
5235,0,0,0.01434671346686261
5236,0,0,0.008998213302813878
5237,1,1,0.9993724976409019
5238,0,0,0.009715934381175434
5239,0,0,0.00905330623318057
5240,0,0,0.008431563307627996
5241,0,0,0.010491856418005239
5242,0,0,0.008594279002205461
5243,0,0,0.009365797691002728
5244,0,0,0.009867483711509677
5245,0,0,0.008467029424055163
5246,0,0,0.00965537702315677
5247,0,0,0.00856661864240196
5248,0,0,0.01044108737942723
5249,0,0,0.00933570670880077
5250,1,1,0.999865328647149
5251,0,0,0.008962465561965883
5252,0,0,0.011915476099220997
5253,0,0,0.010266255563314371
5254,0,0,0.008485059225178811
5255,0,0,0.008114727259283082
5256,0,0,0.012223752371088388
5257,0,0,0.0077635961688173345
5258,0,0,0.010525646847372162
5259,0,0,0.010733538361042771
5260,0,0,0.007879976860343812
5261,0,0,0.009403913438047947
5262,0,0,0.009588675609375456
5263,0,0,0.008481656358679136
5264,0,0,0.008813476151673163
5265,0,0,0.009120270712324133
5266,0,0,0.00826617185774377
5267,0,0,0.007692442387839745
5268,0,0,0.011110679543488579
5269,1,1,0.9996361666905558
5270,0,0,0.008832163409019553
5271,0,0,0.007890889899891576
5272,0,0,0.008763737193846164
5273,0,0,0.008856913081710506
5274,0,0,0.008098126191256858
5275,0,0,0.00887435272040605
5276,0,0,0.007653421742206787
5277,0,0,0.008811867589038175
5278,1,1,0.9999002499313709
5279,0,0,0.008384003649549842
5280,0,0,0.007617828761160002
5281,0,0,0.008697723317317621
5282,0,0,0.010382498942588131
5283,0,0,0.008127985306780853
5284,0,0,0.009097852400794273
5285,1,1,0.9998612928903892
5286,0,0,0.009209960178487723
5287,0,0,0.009342746108023494
5288,0,0,0.008889760149459686
5289,0,0,0.009700301198763335
5290,0,0,0.009456454436614244
5291,0,0,0.009163052161085417
5292,1,1,0.9998664503491391
5293,0,0,0.015132613492881827
5294,1,1,0.999890553946873
5295,0,0,0.008006428199773102
5296,0,0,0.008754201685965355
5297,0,0,0.009991996050594
5298,0,0,0.01043331442023178
5299,0,0,0.009268408167144492
5300,0,0,0.009151774110401632
5301,0,0,0.007756815619780503
5302,0,0,0.008317996245304547
5303,0,0,0.008275304535096534
5304,0,0,0.007978992152320596
5305,0,0,0.013426576816474987
5306,0,0,0.011728315992735182
5307,0,0,0.008291178484309783
5308,0,0,0.0076735574631308385
5309,0,0,0.009749407632044267
5310,0,0,0.008718552804689608
5311,0,0,0.009574668316903859
5312,0,0,0.008747288553827738
5313,0,0,0.008755873029919729
5314,1,1,0.9998550634288699
5315,0,0,0.009347158691656025
5316,0,0,0.008134982178012676
5317,0,0,0.00885288102718368
5318,0,0,0.007604592991022277
5319,0,0,0.016168526754673937
5320,0,0,0.008376484317769425
5321,0,0,0.008008507094337227
5322,0,0,0.008762846041063964
5323,0,0,0.014256381718195316
5324,0,0,0.01036310074740808
5325,0,0,0.00908090888269798
5326,0,0,0.008954209751871356
5327,0,0,0.011525354480360801
5328,0,0,0.009115217389894056
5329,0,0,0.009195337249154053
5330,0,0,0.010749254899198696
5331,0,0,0.012610566952595619
5332,0,0,0.011874639917829779
5333,0,0,0.009451318004163654
5334,0,0,0.018775076254132973
5335,0,0,0.008067034492652551
5336,0,0,0.008496294323830795
5337,0,0,0.007619769788237293
5338,0,0,0.010327972504419249
5339,0,0,0.01151255183641664
5340,0,0,0.010452712859776635
5341,0,0,0.011445475461935034
5342,1,1,0.9997930082104994
5343,0,0,0.011476919632325656
5344,0,0,0.009466069879450567
5345,0,0,0.0076931366834416945
5346,0,0,0.009562773313976126
5347,0,0,0.008802730207517961
5348,0,0,0.014735292154773953
5349,0,0,0.0077665823418813515
5350,0,0,0.010355954440080981
5351,0,0,0.009045757377310759
5352,0,0,0.007576054342719561
5353,0,0,0.011062068204221724
5354,0,0,0.009382678512541216
5355,0,0,0.01059484086494781
5356,0,0,0.008722321666700315
5357,0,0,0.007572209538762862
5358,0,0,0.00867786814006936
5359,0,0,0.009354724961035638
5360,0,0,0.010290827583075353
5361,0,0,0.013682382636109398
5362,0,0,0.008951066362697957
5363,0,0,0.013525910232002307
5364,1,1,0.9990000026771119
5365,1,1,0.999815367037413
5366,1,1,0.9989077464847073
5367,0,0,0.009154769423265909
5368,1,1,0.998432425159455
5369,0,0,0.0075472856688977305
5370,1,1,0.921636494924078
5371,0,0,0.008165304029417723
5372,0,0,0.008448277960263437
5373,0,0,0.009705056729569618
5374,0,0,0.010439151500900723
5375,0,0,0.00800106359893793
5376,0,0,0.009100139783565846
5377,1,1,0.9930255693933512
5378,1,1,0.9998593148969568
5379,0,0,0.010935001123468104
5380,0,0,0.010281764478428573
5381,1,1,0.98899401042593
5382,0,0,0.007879867472506963
5383,0,0,0.009556163654215511
5384,0,0,0.008667471246094441
5385,0,0,0.011515174201196217
5386,0,0,0.008271785241148074
5387,0,0,0.008038776325176689
5388,0,0,0.009865091839034805
5389,0,0,0.008106989809332022
5390,0,0,0.009516439953765223
5391,0,0,0.01000686807910886
5392,0,0,0.010865480345204744
5393,0,0,0.010039332214725588
5394,0,0,0.008430569751380849
5395,0,0,0.008247445090223059
5396,0,0,0.01233588992804221
5397,0,0,0.01512056532104153
5398,0,0,0.007749043374422495
5399,0,0,0.014041687776931615
5400,0,0,0.009308967545597678
5401,0,0,0.009571825218103819
5402,0,0,0.008240632887421542
5403,0,0,0.009540645296405179
5404,0,0,0.008488593200070059
5405,0,0,0.014229603127390359
5406,0,0,0.009425545494877658
5407,0,0,0.007928301511339813
5408,0,0,0.011402617592804788
5409,0,0,0.008698272646762534
5410,0,0,0.010403938413391258
5411,0,0,0.007856819320972578
5412,0,0,0.015857034428247586
5413,0,0,0.010823891625688269
5414,0,0,0.014688804145588402
5415,0,0,0.010152763851596304
5416,0,0,0.010585339720874238
5417,0,0,0.01011721552203283
5418,0,0,0.010093047351576808
5419,0,0,0.008708397252560273
5420,0,0,0.00820079287685205
5421,0,0,0.009200930542233931
5422,0,0,0.010239432155367757
5423,0,0,0.007367812221223805
5424,0,0,0.008156181476840605
5425,0,0,0.008340964531714302
5426,0,0,0.009529620792339027
5427,1,1,0.9455578991864354
5428,0,0,0.00959986418361966
5429,0,0,0.008629283682368906
5430,0,0,0.009758350570421376
5431,0,0,0.012969783259961823
5432,0,0,0.009570073054295648
5433,0,0,0.009020949809538104
5434,0,0,0.009496738070669364
5435,0,0,0.010071245855684783
5436,0,0,0.010658912194074619
5437,0,0,0.013983371261354295
5438,0,0,0.011398180036903748
5439,0,0,0.008471243716327506
5440,0,0,0.011961350471069724
5441,0,0,0.009367714375662153
5442,0,0,0.008459220094941104
5443,1,1,0.9996724195154306
5444,0,0,0.008449085781193291
5445,0,0,0.008651287598669746
5446,0,0,0.00804505079250418
5447,0,0,0.010416910903981155
5448,0,0,0.00836617122385713
5449,1,1,0.98638425707869
5450,0,0,0.012548145646139418
5451,0,0,0.010579295618036073
5452,0,0,0.010033245106583056
5453,0,0,0.017063381720770356
5454,0,0,0.008352586680443993
5455,0,0,0.00951592985295321
5456,1,1,0.9959769617500764
5457,0,0,0.011956741616490782
5458,0,0,0.007367812221223805
5459,0,0,0.008133250731747692
5460,1,1,0.9998660328897925
5461,0,0,0.007630779819437105
5462,1,1,0.9987559606769704
5463,0,0,0.011935617579736173
5464,0,0,0.012655024231108184
5465,0,0,0.008538137738478373
5466,1,1,0.9975247151234191
5467,1,1,0.9994132484148239
5468,1,1,0.9998051510353263
5469,0,0,0.007441053379496977
5470,0,0,0.011771865830285938
5471,0,0,0.008353417031782023
5472,0,0,0.008108368086425548
5473,0,0,0.008278602477074234
5474,0,0,0.010648943273657147
5475,0,0,0.026516978814609786
5476,0,0,0.008320294909755277
5477,0,0,0.008865793619638379
5478,0,0,0.007481417644937801
5479,0,0,0.008677505737623818
5480,0,0,0.012785949857545855
5481,0,0,0.008374839581277499
5482,1,1,0.9998954832196791
5483,0,0,0.010678541641511339
5484,0,0,0.011264233818047965
5485,0,0,0.009642809675045138
5486,0,0,0.01719653576849889
5487,1,1,0.9972041449037342
5488,0,0,0.0098025066835407
5489,0,0,0.009326476954746367
5490,0,0,0.0098025066835407
5491,0,0,0.0076212335718030665
5492,1,1,0.9913448632898737
5493,0,0,0.010621728609957854
5494,0,0,0.007842465880802776
5495,0,0,0.007565162620090966
5496,0,0,0.010043466887153435
5497,1,1,0.9998075347809253
5498,0,0,0.008022394289987595
5499,0,0,0.010919312292495487
5500,0,0,0.008132391212313569
5501,1,1,0.9998513756786037
5502,0,0,0.011628213393890025
5503,0,0,0.013570521233617638
5504,0,0,0.008171966327766369
5505,0,0,0.008212605492979554
5506,0,0,0.008985420889094311
5507,0,0,0.00933354172529858
5508,0,0,0.00838093351232733
5509,0,0,0.009600095595188188
5510,0,0,0.009159137376510198
5511,0,0,0.012589016249400741
5512,0,0,0.008898218983744958
5513,0,0,0.007424971798105165
5514,0,0,0.00798665420837628
5515,0,0,0.007998944381326456
5516,0,0,0.008200571577387015
5517,0,0,0.009105749725962085
5518,0,0,0.008713896993309527
5519,0,0,0.010224123635518063
5520,0,0,0.008370393510061918
5521,0,0,0.012976423955361076
5522,0,0,0.008126002378394774
5523,0,0,0.00971332722310281
5524,1,1,0.9998277393759766
5525,0,0,0.009047778471055944
5526,1,1,0.9998629056429901
5527,0,0,0.011467651420854173
5528,0,0,0.014164866588479232
5529,0,0,0.023388177221771132
5530,0,0,0.008188662578909364
5531,0,0,0.01334382952182092
5532,0,0,0.012196722687784482
5533,0,0,0.011752946454462263
5534,0,0,0.008941018967146774
5535,0,0,0.010979904244594007
5536,0,0,0.008079505224392302
5537,1,1,0.9979261679956174
5538,0,0,0.008902034163866588
5539,0,0,0.009161210841044433
5540,1,1,0.9829604662966795
5541,0,0,0.00871556860875635
5542,0,0,0.010543207777118032
5543,0,0,0.008864501235086522
5544,0,0,0.009080767412876724
5545,0,0,0.011691820460625535
5546,0,0,0.014473312567072504
5547,1,1,0.9997800699802167
5548,0,0,0.012131178984239944
5549,0,0,0.01130783733590681
5550,0,0,0.008331119359735899
5551,0,0,0.009383223825357962
5552,0,0,0.009322417273765416
5553,0,0,0.009347158691656025
5554,0,0,0.010700841531083563
5555,0,0,0.008246198934996623
5556,0,0,0.01124281003783179
5557,0,0,0.007798731724877048
5558,0,0,0.007367812221223805
5559,0,0,0.008050518148642289
5560,0,0,0.008091202012671108
5561,0,0,0.01093518588432004
5562,0,0,0.008281828672918413
5563,0,0,0.007982403087539032
5564,0,0,0.008663835519189629
5565,0,0,0.009380262595768268
5566,1,1,0.9945853252380455
5567,1,1,0.9998627007699442
5568,0,0,0.008566169744013403
5569,0,0,0.01487971904652756
5570,0,0,0.010335759272274724
5571,0,0,0.012474184902937493
